conceptUri,preferredLabel,altLabels
http://data.europa.eu/esco/occupation/00c8d1cf-24f2-47d1-9f10-765e1c102811,technicien d’engins agricoles/technicienne d’engins agricoles,technicien d'engins agricoles|réparateur d'engins agricoles|réparatrice d'engins agricoles|technicienne d'engins agricoles|technicienne d'engins d'exploitation agricole|technicien d'engins d'exploitation agricole
http://data.europa.eu/esco/occupation/0090dd54-057a-4f65-bbe8-f74c4999e8e8,opérateur de machine de production de pâtes alimentaires/opératrice de machine de production de pâtes alimentaires,opératrice de machine de production de pâtes alimentaires|opérateur de machine de production de pâtes alimentaires|opératrice de machine à pâtes|opérateur de machine à pâtes
http://data.europa.eu/esco/occupation/000e93a3-d956-4e45-aacb-f12c83fedf84,opérateur de tréfilerie/opératrice de tréfilerie,opérateur de tréfilerie|opératrice de tréfilerie
http://data.europa.eu/esco/occupation/01da600c-ddb3-4a37-95e9-5301b459ae90,opérateur de production de nitroglycérine/opératrice de production de nitroglycérine,opérateur de séparateur de nitroglycérine/opératrice de séparateur de nitroglycérine|séparatrice de nitroglycérine|opérateur de production de nitroglycérine|séparateur de nitroglycérine/séparatrice de nitroglycérine|séparateur de nitroglycérine|opératrice de séparateur de nitroglycérine|opérateur de séparateur de nitroglycérine|opératrice de production de nitroglycérine
http://data.europa.eu/esco/occupation/00cee175-1376-43fb-9f02-ba3d7a910a58,conducteur d’autobus/conductrice d’autobus,conducteur de bus urbain et interurbain/conductrice de bus urbain et interurbain|conducteur d’autobus|conducteur de bus|chauffeuse de car|conducteur de transport scolaire|chauffeur de car/chauffeuse de car|conductrice de bus|chauffeur de bus|chauffeur de bus/chauffeuse de bus|conducteur de car/conductrice de car|conducteur de transport scolaire/conductrice de transport scolaire|conductrice de transport scolaire|conductrice d’autobus|conductrice de car|conducteur de car|conducteur de bus/conductrice de bus|chauffeur de car|chauffeuse de bus|conducteur de bus urbain et interurbain|conductrice de bus urbain et interurbain
http://data.europa.eu/esco/occupation/02b5b7b0-b856-4ac7-924c-8c35c7880b2a,enduiseur industriel/enduiseuse industrielle,enduiseuse industrielle|enduiseur industriel|opérateur d’enduiseuse - peinture et revêtements industriels/opératrice d’enduiseuse - peinture et revêtements industriels|opérateur d’enduiseuse de production/opératrice d’enduiseuse de production|opérateur d’enduiseuse de production|opératrice d’enduiseuse - peinture et revêtements industriels|opérateur d’enduiseuse - peinture et revêtements industriels|opératrice d’enduiseuse de production
http://data.europa.eu/esco/occupation/026401a9-7d56-4d7b-8052-38985ddbeafa,apiculteur/apicultrice,apicultrice|responsable de ruche|productrice de miel|producteur de miel|apiculteur
http://data.europa.eu/esco/occupation/021663ca-a367-472e-a1f0-6d8ab5b2d860,tuteur/tutrice,gérant de tutelle|gérant de tutelle/gérante de tutelle|déléguée à la tutelle|tuteur|délégué à la tutelle|gérante de tutelle|délégué à la tutelle/déléguée à la tutelle|tutrice
http://data.europa.eu/esco/occupation/0085f271-5999-4d42-b879-75c3b4269883,opérateur de machine à hydrogénation/opératrice de machine à hydrogénation,technicien de machine à hydrogénation|technicienne de machine à hydrogéner|opératrice de machine à hydrogéner|technicienne de machine à hydrogénation|opérateur de machine à hydrogéner|technicien de machine à hydrogéner
http://data.europa.eu/esco/occupation/002da35b-7808-43f3-83bf-63596b8b351f,gestionnaire de recettes dans le secteur Horeca,responsable des revenus hôteliers|yield manager|gestionnaire des revenus hôteliers
http://data.europa.eu/esco/occupation/026a5233-cad9-4b1d-8852-22c2685ab34e,conducteur de systèmes de pompage de pétrole/conductrice de systèmes de pompage de pétrole,conducteur de système de pompage de pétrole|conductrice de système de pompage de pétrole
http://data.europa.eu/esco/occupation/0152b59d-5005-470c-9273-ef321477d8dc,conducteur de machines de produits non tissés/conductrice de machines de produits non tissés,conductrice de ligne de produits non tissés|conducteur de ligne de produits non tissés/conductrice de ligne de produits non tissés|opératrice en fabrication de produits non tissés|opérateur en fabrication de produits non tissés|conducteur de ligne de produits non tissés|conducteur de machines de produits non tissés|conductrice de machines de produits non tissés|opérateur en fabrication de produits non tissés/opératrice en fabrication de produits non tissés
http://data.europa.eu/esco/occupation/01ffb917-98dc-48c1-91ad-93c4104e791d,ingénieur en biotechnologies de la santé/ingénieure en biotechnologies de la santé,ingénieur en biotechnologies de la santé|ingénieure en biotechnologies de la santé
http://data.europa.eu/esco/occupation/0264b794-3771-47aa-a675-78bf13b62ee7,auxiliaire juridique,assistante notariale|assistante de cabinet juridique|assistant de justice|assistant notarial|assistante de service juridique|assistant de service juridique|assistant de cabinet juridique|assistante de justice
http://data.europa.eu/esco/occupation/0044c991-c26f-4261-a213-4bd1c0564a4c,aide-laborantin d’analyses médicales/aide-laborantine d’analyses médicales,aide-laborantine d'analyses médicales|aide-laborantin d'analyses médicales
http://data.europa.eu/esco/occupation/02bd7cac-8263-4425-b03d-19001ffe8787,responsable d’écloserie,
http://data.europa.eu/esco/occupation/006cc1f9-2841-41c3-991a-dc3f2f3bd533,physiothérapeute,masseuse kinésithérapeute|masseur kinésithérapeute/masseuse kinésithérapeute|masseur kinésithérapeute
http://data.europa.eu/esco/occupation/01a83071-6533-4675-b2da-f0c6d02669f5,chargé d’indemnisation en assurances/chargée d’indemnisation en assurances,chargé d'indemnisation en assurances|chargée d'indemnisation en assurances
http://data.europa.eu/esco/occupation/00ab5610-e715-428f-99f6-b1e5e469dbcd,responsable sécurité sanitaire en agroalimentaire,responsable qualité sécurité environnement en agroalimentaire
http://data.europa.eu/esco/occupation/02447817-ea01-4d8b-b09c-8bc128e447e6,carreleur/carreleuse,faïencière|mosaïste|carreleur|carreleur chef d'équipe|aide carreleur|carreleuse chef d'équipe|carreleuse|aide carreleuse|faïencier
http://data.europa.eu/esco/occupation/00674f21-2f8f-4a41-9896-133f7cbe2a6e,assistant pédagogique en école élémentaire/assistante pédagogique en école élémentaire,assistant pédagogique en école élémentaire|assistante pédagogique en école élémentaire
http://data.europa.eu/esco/occupation/0022f466-426c-41a4-ac96-a235c945cf97,technicien de la sécurité du trafic aérien/technicienne de la sécurité du trafic aérien,technicien de la sécurité du trafic aérien|technicienne de la sécurité du trafic aérien
http://data.europa.eu/esco/occupation/02609ece-cea3-43fa-bf38-b6fb821f28b2,responsable d’organisateurs de voyages,responsable de voyagistes|gestionnaire de tour-opérateurs|gestionnaire d’organisateurs de voyages|responsable de tour-opérateurs
http://data.europa.eu/esco/occupation/01205776-db8d-4588-a6a6-56d0b9c660a9,chargé de mission logement/chargée de mission logement,chargée de mission logement|chargé de mission logement
http://data.europa.eu/esco/occupation/02375132-3290-4221-bf55-d93ec61a3bf3,tisseur/tisseuse,tisseur|tisserand|tisserande|tisseuse
http://data.europa.eu/esco/occupation/00030d09-2b3a-4efd-87cc-c4ea39d27c34,directeur technique/directrice technique,directrice technique|directeur technique|régisseur/régisseuse|régisseur|régisseuse
http://data.europa.eu/esco/occupation/00913533-5237-4870-9003-d1cb806603c9,débitant de tabac/débitante de tabac,gérant de débit de tabac|débitante de tabac|débitant de tabac|gérante de débit de tabac|buraliste
http://data.europa.eu/esco/occupation/01484951-15e6-4b88-a20f-1201868d36a0,chef cuisinier/cheffe cuisinière,chef cuisinier|cheffe de cuisine|cheffe cuisinière|chef de cuisine|première cheffe|premier chef|responsable de la cuisine
http://data.europa.eu/esco/occupation/0249b723-1d20-4ff9-8623-d20b98d0b4a4,gérant de magasin de chaussures et accessoires en cuir/gérante de magasin de chaussures et accessoires en cuir,gérant de magasin de chaussures et accessoires en cuir|gérante de magasin de chaussures et accessoires en cuir|responsable de magasin de chaussures et accessoires en cuir
http://data.europa.eu/esco/occupation/00fdad73-4551-4e43-b256-1d4a3759db1e,responsable import-export de viandes et de produits à base de viande,
http://data.europa.eu/esco/occupation/00634fc4-802a-461b-8af0-499273756f99,technicien de laboratoire asphaltes/technicienne de laboratoire asphaltes,technicien de laboratoire bitumes|technicienne de laboratoire asphaltes|technicien de laboratoire asphaltes|technicienne de laboratoire bitumes
http://data.europa.eu/esco/occupation/00ab29a3-6d4a-4df9-b46d-de31069e36e8,géomètre minier/géomètre minière,géomètre des mines|géomètre minière|géomètre minier
http://data.europa.eu/esco/occupation/029a5b78-4d1c-4cf9-a2d2-bb8d8729b8a3,fabricant de vêtements et équipements de protection individuelle/fabricante de vêtements et équipements de protection individuelle,fabricante de vêtements et équipements de protection individuelle|fabricant de vêtements et équipements de protection individuelle
http://data.europa.eu/esco/occupation/009d29de-5872-43be-8d9b-abd27f8c99f1,"responsable de comptoir en location d’autres machines, équipements et biens matériels","agente de comptoir en location d'autres machines, équipements et biens matériels|agent de comptoir en location d'autres machines, équipements et biens matériels"
http://data.europa.eu/esco/occupation/01649ae9-22ee-4dba-83a8-3a2c51fbbe95,directeur d'établissement d'enseignement supérieur/directrice d'établissement d'enseignement supérieur,directrice d'établissement d'enseignement supérieur|directeur d'établissement d'enseignement supérieur
http://data.europa.eu/esco/occupation/00747307-6341-4266-a061-25416f7c6a96,professeur de théâtre/professeure de théâtre,professeur d’art dramatique/professeure d’art dramatique|professeure d’art dramatique|professeur d’art dramatique|professeure de théâtre|professeur de théâtre
http://data.europa.eu/esco/occupation/0181835d-dd00-49e2-9fc4-e1382a65957f,superviseur de poseurs en isolation thermique/superviseuse de poseurs en isolation thermique,superviseuse de poseurs en islation thermique|superviseur de poseurs en isolation thermique
http://data.europa.eu/esco/occupation/01bcac9f-7881-4664-bd63-dea700e3b117,directeur artistique mode/directrice artistique mode,responsable de collection habillement|directeur de collection habillement|directeur artistique habillement|directrice artistique habillement|directrice de collection habillement
http://data.europa.eu/esco/occupation/0019b951-c699-4191-8208-9822882d150c,contrôleur qualité des instruments de précision/contrôleuse qualité des instruments de précision,contrôleuse qualité des instruments de précision|contrôleur qualité des instruments de précision
http://data.europa.eu/esco/occupation/01989dd8-36c0-43cc-a82d-2bfc409de9c4,ingénieur démantèlement déconstruction/ingénieure démantèlement déconstruction,ingénieure démantèlement déconstruction|ingénieur conception démantèlement/ingénieure conception démantèlement|ingénieur conception démantèlement|ingénieure conception démantèlement|ingénieur démantèlement déconstruction
http://data.europa.eu/esco/occupation/02d4f153-8e43-444d-8bd4-8171d49eab12,tailleur d’engrenage/tailleuse d’engrenage,tailleuse d’engrenage|tailleur d’engrenage
http://data.europa.eu/esco/occupation/02ff199e-38b3-45fd-b659-68846cfeeb92,installateur de systèmes d’extinction automatique à eau/installatrice de systèmes d’extinction automatique à eau,installateur de sprinkler|installatrice de sprinkler|installateur de systèmes d'extinction automatique à eau|installatrice de systèmes d'extinction automatique à eau
http://data.europa.eu/esco/occupation/02eb0ae6-ecdd-4602-9c8e-60ffe6dbe1e2,ingénieur de télécommunications/ingénieure de télécommunications,ingénieure des systèmes de télécommunications|ingénieur télécom|ingénieure en télécommunications|ingénieure de télécommunications|ingénieure telecom|ingénieur en télécommunications|ingénieur de télécommunications|ingénieur des systèmes de télécommunications
http://data.europa.eu/esco/occupation/02e19186-458f-40eb-9e78-31c656d12ac7,responsable de l’hébergement,responsable des services d’hébergement|responsable des chambres|directeur des services d’hébergement|directrice des services d’hébergement|directrice de l’hébergement|directeur de l’hébergement
http://data.europa.eu/esco/occupation/034cad59-e666-4770-a7ef-a337257f8072,professeur spécialisé de l’enseignement général/professeure spécialisée de l’enseignement général,professeur spécialisé de l’enseignement général|enseignante spécialisée du second degré|enseignant spécialisé du second degré|enseignant spécialisé du second degré/enseignante spécialisée du second degré|professeure spécialisée de l’enseignement général
http://data.europa.eu/esco/occupation/03632d98-0ae3-4dd2-941c-3b48de9a0219,directeur de production de spectacles/directrice de production de spectacles,directeur de production de spectacles|administratrice de production de spectacles|administrateur de production de spectacles|directrice de production de spectacles
http://data.europa.eu/esco/occupation/02f1ae71-f89c-47b7-af2c-50d7ab1d9b8a,formateur «lutte contre l’illettrisme/français langue étrangère»/formatrice «lutte contre l’illettrisme/français langue étrangère»,"formateur ""lutte contre l’illettrisme/français langue étrangère""|formatrice ""lutte contre l’illettrisme/français langue étrangère"""
http://data.europa.eu/esco/occupation/032d4115-03ec-49c9-853d-678f8a41969b,responsable de la logistique distribution d'équipements et composants électroniques et de télécommunications,
http://data.europa.eu/esco/occupation/02e94cd6-8e6d-4e9b-b695-edb460c70528,peintre sur céramique,
http://data.europa.eu/esco/occupation/02f26b2f-879c-4811-8381-65e8dd3f4a16,responsable qualité chaussure,
http://data.europa.eu/esco/occupation/06461fc3-1274-40a1-9322-dfc2753f5eea,technicien en filature/technicienne en filature,technicien en filature|technicienne en filature
http://data.europa.eu/esco/occupation/0477b9b0-8d2d-4eec-aaad-bac11092e98b,opérateur de mélangeur/opératrice de mélangeur,ouvrière au mélangeur d’ardoise|opératrice de mélangeur|ouvrier au mélangeur de schiste/ouvrière au mélangeur de schiste|malaxeur-mélangeur|malaxeuse-mélangeuse|opérateur de mélangeur|ouvrier au mélangeur d’ardoise|ouvrier au mélangeur d’ardoise/ouvrière au mélangeur d’ardoise|ouvrier au mélangeur de schiste|ouvrière au mélangeur de schiste|malaxeur-mélangeur/malaxeuse-mélangeuse
http://data.europa.eu/esco/occupation/056bef79-c125-47ab-b6b9-8eed05c9458c,technicien des télécommunications/technicienne des télécommunications,technicienne des télécommunications|technicien télécommunications|technicienne de la télécommunication|technicienne télécommunications|technicienne des télécoms|technicien de la télécommunication|technicien des télécommunications|technicien des télécom|technicienne des télécom
http://data.europa.eu/esco/occupation/03e02554-15d1-4697-960c-8909e7d36f7e,conducteur de tramway/conductrice de tramway,conductrice de métro-RER|conducteur de métro-RER/conductrice de métro-RER|conducteur de tramway|conductrice du réseau ferré urbain|conducteur du réseau ferré urbain|conductrice de tram|conducteur du réseau ferré urbain/conductrice du réseau ferré urbain|conducteur de tram/conductrice de tram|conductrice de tramway|conducteur de métro-RER|conducteur de tram
http://data.europa.eu/esco/occupation/0368c4d4-94cf-4168-a84d-283a25880e0d,responsable en production métallurgique,
http://data.europa.eu/esco/occupation/0611f232-b30e-46c7-9c26-2d59b1448e79,criminologue,
http://data.europa.eu/esco/occupation/0458929a-f6c9-40ed-8ce3-caa9f03a6b5b,opérateur de broyeur de café/opératrice de broyeur de café,broyeuse de café|broyeur de café|opératrice de broyeur de café|opérateur de broyeur de café
http://data.europa.eu/esco/occupation/056f1849-7ff8-4d6f-9b8a-176a610bba44,démonstrateur/démonstratrice,conseiller|conseillère|démonstrateur|animateur-démonstrateur|animatrice-démonstratrice|démonstratrice
http://data.europa.eu/esco/occupation/045f05f2-4ff8-46b2-9d08-e12a81657498,assistant médico-administratif/assistante médico-administrative,sténographe médicale|secrétaire médical|assistante médico-administrative|secrétaire médicale|sténographe médical|assistant médico-administratif
http://data.europa.eu/esco/occupation/044d78cc-f62f-4532-83a5-8e04f2889652,assistant administratif/assistante administrative,assistante administrative|assistant administratif
http://data.europa.eu/esco/occupation/0663d464-f139-4554-ae87-97aa6c4dad77,poseur de revêtements souples de sols/poseuse de revêtements souples de sols,poseuse de revêtements souples de sols|poseur de linoléum|poseuse de linoléum|poseur de revêtements souples de sols
http://data.europa.eu/esco/occupation/06351e17-67c4-44bc-adf7-64b73f92c3b5,technicien métallurgiste/technicienne métallurgiste,technicienne métallurgiste|technicien métallurgiste
http://data.europa.eu/esco/occupation/03d79393-7b30-4159-945b-01963eddd302,instituteur d’école primaire/institutrice d’école primaire,professeur des écoles|maîtresse d’école primaire|instituteur d’école primaire|enseignant des écoles/enseignante des écoles|professeur des écoles/professeure des écoles|professeure des écoles|enseignant des écoles|maître d’école primaire|maître d’école primaire/maîtresse d’école primaire|institutrice d’école primaire|enseignante des écoles
http://data.europa.eu/esco/occupation/05f6eaeb-b285-46bd-a44a-225bd429e329,désosseur-pareur/désosseuse-pareuse,ouvrier de découpe de viandes|boucher pareur|découpeuse de viandes|ouvrière de découpe de viandes|pareuse de viandes|découpeur de viandes|désosseuse-pareuse|pareur de viandes|désosseur-pareur|bouchère pareuse
http://data.europa.eu/esco/occupation/04849c5c-9236-4a75-aabb-11c6d03e459c,technicien en ingénierie marine/technicienne en ingénierie marine,technicienne en génie maritime|technicienne en ingénierie marine|technicien en ingénierie marine|technicien en génie maritime
http://data.europa.eu/esco/occupation/040fcfa5-24be-43eb-afd5-828297175b16,opérateur en entrepôt dans le secteur de l’habillement/opératrice en entrepôt dans le secteur de l’habillement,opératrice en entrepôt dans le secteur de l'habillement|opérateur en entrepôt dans le secteur de l'habillement
http://data.europa.eu/esco/occupation/03b2f112-a891-461d-a8d4-effb9dcf2df6,ingénieur carrières/ingénieure carrières,ingénieur carrières et matériaux|ingénieure carrières|ingénieur carrières et matériaux/ingénieure carrières et matériaux|ingénieur carrières|ingénieure carrières et matériaux
http://data.europa.eu/esco/occupation/04b52c04-0620-4558-8f89-e252de2963ff,directeur de maison de ventes aux enchères/directrice de maison de ventes aux enchères,directrice de maison de ventes aux enchères|directeur de maison de ventes aux enchères
http://data.europa.eu/esco/occupation/05f321f8-055b-407d-bf19-e0ddabda56b7,maçon/maçonne,maçonne|briqueteuse|maçon-briqueteur|briqueteur|maçon|maçonne-briqueteuse
http://data.europa.eu/esco/occupation/0599d0e7-398f-464b-97bb-427686f27d50,instructeur maritime/instructrice maritime,instructrice maritime|instructeur maritime
http://data.europa.eu/esco/occupation/04ba4d6c-957d-417f-bf63-5b9e015a9f86,analyste logiciel,analyste software|analyste de logiciels|analyste d'applications|analyste informatique
http://data.europa.eu/esco/occupation/05ae3e87-36ad-428f-a086-8a2ed458db3b,opérateur de sciage bois/opératrice de sciage bois,opérateur de scie circulaire|opérateur de sciage bois|opératrice de scie circulaire|opératrice de sciage bois|opérateur de scie circulaire/opératrice de scie circulaire
http://data.europa.eu/esco/occupation/0464b062-cea6-4164-b10d-956c61956ae7,administrateur sécurité informatique/administratrice sécurité informatique,responsable de la sécurité des technologies de l'information et de la communication|administratrice sécurité informatique|directrice de la sécurité TIC|gestionnaire sécurité informatique|directeur de la sécurité informatique|administrateur sécurité informatique|responsable de la sécurité des TIC|directrice de la sécurité informatique|responsable de l'administration de sécurité informatique|directeur de la sécurité de la technologie de l'information et de la communication|directeur de la sécurité TIC|directrice de la sécurité de la technologie de l'information et de la communication
http://data.europa.eu/esco/occupation/05a06850-d465-481e-9d68-792d4ad1da3e,vendeur en devises/vendeuse en devises,vendeur en devises|vendeuse en devises
http://data.europa.eu/esco/occupation/0663da10-e42c-41e8-992c-07d00ac97bea,technicien qualité en fabrication d’articles textiles/technicienne qualité en fabrication d’articles textiles,technicienne qualité en fabrication d’articles textiles|technicien qualité en fabrication d’articles textiles
http://data.europa.eu/esco/occupation/05ebeb56-6ceb-488d-ba91-ed15088efc8e,superviseur de la construction de ponts/superviseuse de la construction de ponts,superviseuse de la construction de ponts|superviseur de la construction de ponts
http://data.europa.eu/esco/occupation/0633ec3f-91f1-4038-bc29-e0ec4cd7f1e9,"chef de chantier pétrole, gaz","cheffe de chantier pétrole, gaz"
http://data.europa.eu/esco/occupation/061f56c6-36eb-4aa7-b5ef-98b7a569da1c,opérateur vidéo/opératrice vidéo,opératrice vidéo|opérateur vidéo
http://data.europa.eu/esco/occupation/036dc42f-bd4d-4533-a3cc-fcd313227ce3,ajusteur-monteur de moteurs d’avion/ajusteuse-monteuse de moteurs d’avion,mécanicienne moteur en aéronautique|ajusteuse-monteuse de moteurs d’avion|ajusteur-monteur de moteurs d’avion|mécanicien moteur en aéronautique/mécanicienne moteur en aéronautique|mécanicien moteur en aéronautique
http://data.europa.eu/esco/occupation/062d666b-8b5f-4ff2-9047-113831eb3e9f,poissonnier/poissonnière,employé de marée|marchand de marée|marchande de marée|écaillère|écailler|poissonnier|poissonnière|employée de marée|mareyeuse|mareyeur
http://data.europa.eu/esco/occupation/04f39bfa-bc03-4480-98bc-b18ce4fe4b4b,directeur comptable/directrice comptable,directeur des services comptables|cheffe comptable|directrice des services comptables|chef comptable|directrice comptable|directeur comptable
http://data.europa.eu/esco/occupation/05a55bb3-68d6-4ff0-83fd-46a68a45a598,technicien en ingénierie aérospatiale/technicienne en ingénierie aérospatiale,technicien en ingénierie aérospatiale|technicienne en ingénierie aérospatiale
http://data.europa.eu/esco/occupation/040f62f5-d570-4d3f-b732-c8ea4afc2738,superviseur assemblage en équipement de réservoirs/superviseuse assemblage en équipement de réservoirs,superviseur assemblage en équipement de réservoirs|superviseuse assemblage en équipement de réservoirs
http://data.europa.eu/esco/occupation/03b55cb5-9735-4582-8e20-2b1cb76635cb,gérant de magasin d'équipement audiologique/gérante de magasin d'équipement audiologique,gérant de magasin d'équipement audiologique|responsable de magasin d'équipement audiologique|gérante de magasin d'équipement audiologique|responsable de magasin d'équipement d'audiologie
http://data.europa.eu/esco/occupation/0552ff45-b282-455c-b431-fb05a0e00801,responsable de fonderie,
http://data.europa.eu/esco/occupation/03b9d7c4-9590-4e0d-97a7-470254e165d4,vendeur en bricolage/vendeuse en bricolage,conseiller en bricolage|conseillère en bricolage|vendeur en bricolage|vendeuse en bricolage
http://data.europa.eu/esco/occupation/046574a1-9bb3-4a80-8a7b-83dc7db1dae2,chef d’équipe maçon/chef d’équipe maçonne,cheffe d'équipe maçonne|chef d'équipe maçonne|chef d'équipe maçon
http://data.europa.eu/esco/occupation/066a9d8f-3948-409c-a3cf-ed8ed37cfe22,ouvrier d’atelier de séchage du tabac/ouvrière d’atelier de séchage du tabac,ouvrière d'atelier de séchage du tabac|préposé au sécheur|préposé au séchage du tabac|ouvrière de séchoir à tabac|ouvrier de séchoir à tabac|préposée au séchage du tabac|ouvrier d'atelier de séchage du tabac|préposée au sécheur
http://data.europa.eu/esco/occupation/06bd6285-13ed-4ea7-90cc-e9638a0600a9,technicien en batterie automobile/technicienne en batterie automobile,technicien en batterie automobile|technicienne en batterie automobile
http://data.europa.eu/esco/occupation/066fe11d-10e4-4fec-bd27-3e78797500b9,émailleur/émailleuse,émailleur|émailleuse
http://data.europa.eu/esco/occupation/06ac0f53-431e-4bc6-acb8-2f5da041b5d3,répétiteur de ballet/répétitrice de ballet,répétitrice de ballet|répétiteur de ballet
http://data.europa.eu/esco/occupation/06f89f2c-c6e9-40c5-a4a5-0e34d5fbc184,styliste chaussure,
http://data.europa.eu/esco/occupation/070e94a8-a933-4557-9b95-fefe7f4f1763,directeur d’agence publique pour l’emploi/directrice d’agence publique pour l’emploi,directeur d'agence publique pour l'emploi|directrice d'agence publique pour l'emploi
http://data.europa.eu/esco/occupation/068370e0-9c27-4814-87d0-44fbb3140815,consultant en recrutement/consultante en recrutement,consultant en recrutement|consultante en recrutement
http://data.europa.eu/esco/occupation/068df7d1-516f-4829-b339-294cb0cf6318,concepteur lumière/conceptrice lumière,concepteur lumière|conceptrice lumière|régisseuse lumière|régisseur lumière|créatrice lumière|créateur lumière
http://data.europa.eu/esco/occupation/072279cf-ed39-47e7-af23-ee6df571eb24,patronnier gradeur/patronnière gradeuse,patronnier gradeur|patronnière gradeuse
http://data.europa.eu/esco/occupation/0752ed49-03e7-4d75-8314-a051b3771a1d,administrateur de la fonction publique/administratrice de la fonction publique,administrateur de la fonction publique|administratrice de la fonction publique|administratrice civile|administrateur civil|administratrice de la fonction publique territoriale|administrateur de la fonction publique territoriale
http://data.europa.eu/esco/occupation/068c2787-58ff-468e-bbb6-c4e5dd6ee482,actuaire,chargé d’études actuarielles|chargée d’études actuarielles|chargé d’études actuarielles/chargée d’études actuarielles
http://data.europa.eu/esco/occupation/0a9eb24a-13e7-4847-8f6e-a776771ac96b,patronnier CAO-DAO/patronnière CAO-DAO,infographiste textile|patronnière CAO-DAO|patronnier CAO-DAO
http://data.europa.eu/esco/occupation/0ab77768-9031-4ccc-9ab8-1f73cbb36bc7,technicien de fabrication en industrie papetière - papiers d’hygiène/technicienne de fabrication en industrie papetière - papiers d’hygiène,technicien de fabrication en industrie papetière - papiers d’hygiène|technicienne de fabrication en industrie papetière - papiers d’hygiène
http://data.europa.eu/esco/occupation/09a40a9a-2b60-422c-abe4-96d829bc27df,restaurateur d’objets d’art/restauratrice d’objets d’art,restauratrice d'objets d’art|restaurateur d'objets d’art
http://data.europa.eu/esco/occupation/07bd65d7-c13f-443a-bdf6-88903f3822be,juge,magistrat|magistrat/magistrate|magistrate
http://data.europa.eu/esco/occupation/09a9a956-db70-436f-8398-d85a17f6cdfe,animateur/animatrice,animatrice|animateur de spectacles|animateur|animatrice radio|animatrice de spectacles|animateur radio|animateur TV/animatrice TV|animateur radio/animatrice radio|animatrice TV|animateur TV|animateur de spectacles/animatrice de spectacles
http://data.europa.eu/esco/occupation/0ab64770-9fd7-4baf-8abf-b1ac0e1538ba,opérateur de presse de forge hydraulique/opératrice de presse de forge hydraulique,opérateur de presse de forge hydraulique|opératrice de presse de forge hydraulique
http://data.europa.eu/esco/occupation/07b91f36-8272-493a-8e1c-5625e77efe68,danseur/danseuse,danseur|danseuse
http://data.europa.eu/esco/occupation/0809ea8a-4f77-4351-a7f1-b9a7b99b6c0b,météorologue présentateur/météorologue présentatrice,météorologue présentateur|météorologue présentatrice|présentateur météorologue|présentatrice météorologiste|présentatrice météorologue|présentateur météorologue/présentatrice météorologue|météorologiste présentatrice|présentateur météorologiste/présentatrice météorologiste|présentateur météorologiste|météorologiste présentateur/météorologiste présentatrice|météorologiste présentateur
http://data.europa.eu/esco/occupation/099c6bb0-22d3-4c5d-8bf5-70910af381ef,coiffeur/coiffeuse,barbière|coiffeur|barbier|coiffeuse
http://data.europa.eu/esco/occupation/08f5481e-9233-4ef2-9e4b-945224879ce5,technicien de mise en service/technicienne de mise en service,technicienne de mise en service|technicien de mise en service
http://data.europa.eu/esco/occupation/080bce18-066b-4431-90ed-e07608f73fe0,artiste urbain/artiste urbaine,artiste urbaine|artiste urbain
http://data.europa.eu/esco/occupation/094b9f9b-7e89-4f34-adbb-fbaf7246f7a4,agent de réseau d’eau/agente de réseau d’eau,agente de réseau d'eau|agent de réseau d'eau
http://data.europa.eu/esco/occupation/08edf4c5-3551-4690-9d09-f9b8b9194c90,cintrier/cintrière,cintrière|machiniste théâtre|rigger|opérateur d'équipe motorisée automatisée|opératrice d'équipe motorisée automatisée|cintrière-machiniste|cintrier|cintrier-machiniste
http://data.europa.eu/esco/occupation/082c234c-0dda-490a-b5af-757c3e48da90,sportif professionnel/sportive professionnelle,joueur professionnel de volley-ball|catcheur|cycliste|cavalier dresseur de chevaux|pilote automobile|catcheuse|cavalière dresseuse de chevaux|jockey|sportive de haut niveau|skipper professionnel|sportive professionnelle|sportif professionnel|skipper professionnelle|picador|sportif de haut niveau|joueuse professionnelle de volley-ball
http://data.europa.eu/esco/occupation/080fc550-b7ca-4576-aaf5-06fffbede994,directeur d'établissement thermal/directrice d'établissement thermal,directeur d'établissement thermal|directrice d'établissement thermal
http://data.europa.eu/esco/occupation/08984bec-31d8-4bb0-aa2f-d557761ff029,vétérinaire spécialisé,vétérinaire spécialiste|vétérinaire spécialiste de la gestion de la santé des petits ruminants|vétérinaire spécialisé dans la gestion de la santé bovine|nutritionniste comparatif vétérinaire|cardiologue vétérinaire|neurologue vétérinaire|vétérinaire spécialisé dans la médecin|ophtalmologue vétérinaire|dermatologue vétérinaire|pharmacien et toxicologue vétérinaire|pathologiste clinique vétérinaire|oncologue vétérinaire|vétérinaire spécialisé en médecine zoologique|spécialiste de la thériogénologie vétérinaire|vétérinaire spécialisé dans les petits mammifères|vétérinaire spécialisé dans la médecine du sport et la rééducation|vétérinaire spécialiste de la médecine comportementale animalière|vétérinaire spécialisé dans les animaux de laboratoire|pathologiste vétérinaire|vétérinaire spécialisé dans la santé des animaux aquatiques|vétérinaire spécialiste de la gestion de la santé animalière|vétérinaire spécialisé dans l'imagerie diagnostique|scientifique vétérinaire spécialisé dans la volaille
http://data.europa.eu/esco/occupation/07e60525-1aad-4099-aaf3-2c7014c92212,ingénieur intégration/ingénieure intégration,ingénieure intégration des technologies de l'information et de la communication|ingénieure intégration|ingénieure informatique|ingénieur intégration des TIC|ingénieure intégration des TIC|ingénieur informatique|ingénieur intégration|ingénieur intégration des technologies de l'information et de la communication
http://data.europa.eu/esco/occupation/07c2287f-3caa-4128-b7c8-59801084d931,créateur de marionnette/créatrice de marionnette,créateur de marionnette|créateur de marionnettes/créatrice de marionnettes|créatrice de marionnette|créateur de marionnettes|créatrice de marionnettes
http://data.europa.eu/esco/occupation/0a3c2d5b-e1f9-4200-9288-62bf3fed3310,gestionnaire des adhérents,
http://data.europa.eu/esco/occupation/07d4a2fa-e278-4f32-8cf9-9c01fc660369,opérateur de presse flexographique/opératrice de presse flexographique,opérateur de presse flexographique|opératrice de presse flexographique
http://data.europa.eu/esco/occupation/092fdeeb-a76f-4ed2-b248-90fd6eaaffef,spécialiste de l’optimisation des moteurs de recherche,conseiller en optimisation des moteurs de recherche|expert de l'optimisation des moteurs de recherche|conseillère en optimisation des moteurs de recherche|experte de l'optimisation des moteurs de recherche|spécialiste optimisation de moteurs de recherche
http://data.europa.eu/esco/occupation/0ab5c12c-c1c1-4772-8345-aa287d0e391d,analyste-testeur informatique/analyste-testeuse informatique,analyste-testeuse informatique|analyste-testeur en informatique/analyste-testeuse en informatique|analyste-testeur en informatique|analyste-testeur informatique|analyste-testeuse en informatique
http://data.europa.eu/esco/occupation/0a94df75-6e31-4277-a326-1b01e56b6cb3,facteur d’instruments de musique à cordes/factrice d’instruments de musique à cordes,facteur d’instruments de musique à cordes|factrice d’instruments de musique à cordes
http://data.europa.eu/esco/occupation/09c2b506-cefa-4ba3-b868-a9c2bc4fc6f1,professeur de golf/professeure de golf,professeur de golf|professeure de golf
http://data.europa.eu/esco/occupation/076d23f3-a689-4f1a-8b55-ae870c9aaa85,conseiller en valeurs mobilières/conseillère en valeurs mobilières,conseillère en valeurs mobilières|conseiller en valeurs mobilières
http://data.europa.eu/esco/occupation/0917ab6b-18a8-4cfd-8e7a-843b88cf9457,directeur régional/directrice régionale,directrice régionale|directeur régional
http://data.europa.eu/esco/occupation/099a901f-91a7-4d26-af2e-f385247dcf20,conseiller en pièces détachées/conseillère en pièces détachées,vendeur-conseil en pièces détachées|conseiller en pièces détachées|magasinier en pièces détachées|magasinière en pièces détachées|conseillère en pièces détachées|vendeuse-conseil en pièces détachées
http://data.europa.eu/esco/occupation/0959cd1d-f6c8-4362-939a-ad7d5f75d659,enseignant-chercheur en économie/enseignante-chercheuse en économie,enseignant-chercheur en économie|enseignante-chercheuse en économie
http://data.europa.eu/esco/occupation/09e070ce-0afe-40bb-be90-530e5d42cdbd,évaluateur en énergie domestique/évaluatrice en énergie domestique,évaluatrice en énergie domestique|évaluateur en énergie domestique
http://data.europa.eu/esco/occupation/095169ac-feee-4fcf-bff7-222ab6d84bc4,acheteur de café vert/acheteuse de café vert,acheteuse de café vert|acheteur de café vert|acheteuse de café non grillé|acheteur de café non grillé|acheteuse de café marchand|acheteur de café marchand
http://data.europa.eu/esco/occupation/0a7b874b-e5c0-4dea-8b88-dadba9efee1d,négociant grossiste en parfumerie et produits de beauté/négociante grossiste en parfumerie et produits de beauté,négociante grossiste en parfumerie et produits de beauté|négociant grossiste en parfumerie et produits de beauté
http://data.europa.eu/esco/occupation/0763c810-8ac6-4e39-867d-780a11af26e0,superviseur de plombiers/superviseuse de plombiers,chef d'équipe plombier|superviseuse de plombiers|chef d'équipe plombière|cheffe d'équipe plombière|superviseur de plombiers
http://data.europa.eu/esco/occupation/075e4d25-74b3-46fb-9b6e-6b53cdb196e7,analyste prêt bancaire,analyste de crédits et risques bancaires
http://data.europa.eu/esco/occupation/0abed785-00f8-4692-9f5f-f2b56efdb829,massothérapeute animalier/massothérapeute animalière,massothérapeute animalier|massothérapeute animalière|massothérapiste animal|massothérapiste animalier
http://data.europa.eu/esco/occupation/07ba3429-cccd-435b-a7d0-c02ba962bbd9,fabricant de chaussures sur mesure/fabricante de chaussures sur mesure,bottière|fabricante de chaussures sur mesure|fabricant de chaussures sur mesure|bottier
http://data.europa.eu/esco/occupation/0a5001af-ce4b-4787-92e8-62af70089e53,monteur à la main/monteuse à la main,monteuse à la main|monteur à la main
http://data.europa.eu/esco/occupation/0a7e24a8-19bd-4b45-83f0-f05d8fedf62d,riveteur/riveteuse,riveuse|riveteur|riveur|riveteuse
http://data.europa.eu/esco/occupation/0a5356bc-7f81-4e40-971d-c1dc789c5fb4,assistant maternel à domicile/assistante maternelle à domicile,assistant maternelle en crèche d'entreprise|assistante maternelle en crèche d'entreprise|puéricultrice en crèche d'entreprise|puériculteur en crèche d'entreprise
http://data.europa.eu/esco/occupation/0ac8fe65-32e6-4c25-8345-2b87bc7b2698,spécialiste de moteurs d’avion,
http://data.europa.eu/esco/occupation/0ba06640-e0ac-4911-9e43-289a8e41651e,formateur en entreprise/formatrice en entreprise,formatrice en entreprise|formateur interne/formatrice interne|formateur interne|formatrice interne|formateur en entreprise
http://data.europa.eu/esco/occupation/0b6e1a0d-63fe-42d4-8dff-2ff187a9fea9,technicien en systèmes hydrauliques/technicienne en systèmes hydrauliques,technicien en systèmes hydrauliques|technicienne en systèmes hydrauliques
http://data.europa.eu/esco/occupation/0b14d5d7-1bbe-4403-b9e6-7b0f37fc44fc,auxiliaire de soins aux animaux,assistant vétérinaire|assistante vétérinaire|préposé aux soins animaux|préposée aux soins animaux|auxiliaire de soins animaux
http://data.europa.eu/esco/occupation/0af6fc82-8e5e-46c6-a4ca-a672ecf7704c,entraîneur de boxe/entraîneuse de boxe,entraîneuse de boxe|entraîneur de boxe
http://data.europa.eu/esco/occupation/0b5e4142-90ad-48a6-8407-ed47b2664954,installateur de portes/installatrice de portes,installatrice de portes|poseuse de portes|installateur de portes|poseur de portes
http://data.europa.eu/esco/occupation/0b1d8dcb-d941-4d79-99bf-fc10c1806c43,capitaine de frégate,
http://data.europa.eu/esco/occupation/0b5dfc02-b825-4445-811d-d39ed442657e,technicien médical des services d’urgence/technicienne médicale des services d’urgence,technicienne médicale des services d'urgence|technicien médical des services d'urgence|infirmier-anesthésiste urgentiste|infirmière-anesthésiste urgentiste
http://data.europa.eu/esco/occupation/0b2d3242-22a3-4de5-bd29-efd39cdf2c31,thérapeute animalier/thérapeute animalière,hydrothérapeute pour chien|thérapeute animaler|thérapeute animalière
http://data.europa.eu/esco/occupation/0b15375e-dfdd-4047-9efb-096e0aaee7d2,employé de magasin/employée de magasin,employée de magasin|assistante de magasin|employé de boutique|employée de boutique|assistant de magasin|employé de magasin
http://data.europa.eu/esco/occupation/0cd729a6-ed11-4338-ac4b-d4b924390128,historien/historienne,historienne d'art|historien d'art/historienne d'art|historien|historien d'art|historienne
http://data.europa.eu/esco/occupation/0ea5fdff-074c-4094-98b9-04432361e4d9,conducteur de grue à tour/conductrice de grue à tour,conducteur de grue marteau/conductrice de grue marteau|conductrice de grue marteau|conducteur de grue marteau|conductrice de grue pylône|conducteur de grue sapine/conductrice de grue sapine|conductrice de grue sapine|conducteur de grue pylône/conductrice de grue pylône|conducteur de grue à tour|conducteur de grue sapine|conductrice de grue à tour|conducteur de grue pylône
http://data.europa.eu/esco/occupation/0da51178-e386-4534-ae71-15ba789ad756,blanchisseur industriel/blanchisseuse industrielle,blanchisseuse industrielle|ouvrière spécialisée en blanchisserie|ouvrier spécialisé en blanchisserie/ouvrière spécialisée en blanchisserie|agente de production en blanchisserie industrielle|employé de blanchisserie industrielle/employée de blanchisserie industrielle|blanchisseur industriel|ouvrier spécialisé en blanchisserie|agent de production en blanchisserie industrielle/agente de production en blanchisserie industrielle|laveur en blanchisserie industrielle|employé de blanchisserie industrielle|agent de production en blanchisserie industrielle|laveur en blanchisserie industrielle/laveuse en blanchisserie industrielle|employée de blanchisserie industrielle|laveuse en blanchisserie industrielle
http://data.europa.eu/esco/occupation/0d442b70-5413-4820-bebf-36dd5ce437ac,superviseur trafic aérien/superviseuse trafic aérien,superviseur trafic aérien|coordinatrice des opérations de fret aérien|superviseuse trafic aérien|coordinateur des opérations de fret aérien
http://data.europa.eu/esco/occupation/0e09c42d-bff2-4c35-8e1f-639a6dddaa5d,aléseur/aléseuse,aléseur pointeur|opérateur sur aléseuse|aléseuse|aléseuse pointeuse|aléseur|opératrice sur aléseuse
http://data.europa.eu/esco/occupation/0c408028-c48f-4df8-ba5d-c3d3be15f5a2,chauffeur-livreur/chauffeuse-livreuse,conducteur-livreur de marchandises|conductrice-livreuse|livreuse de marchandises à domicile|conducteur-livreur/conductrice-livreuse|livreur de marchandises à domicile/livreuse de marchandises à domicile|conductrice-livreuse de marchandises|conductrice livreuse poids lourds|conducteur-livreur|chauffeur-livreur|livreur de marchandises à domicile|livreur en alimentation/livreuse en alimentation|conducteur livreur poids lourds|livreur en alimentation|conducteur-livreur de marchandises/conductrice-livreuse de marchandises|chauffeuse-livreuse|livreuse en alimentation|conducteur livreur poids lourds/conductrice livreuse poids lourds
http://data.europa.eu/esco/occupation/0d61e7e7-afde-49ca-b554-4633842be030,conducteur de four à chaux/conductrice de four à chaux,conducteur de four à chaux|opérateur de four à chaux|opératrice de four à chaux|conductrice de four à chaux|opérateur de four à chaux/opératrice de four à chaux
http://data.europa.eu/esco/occupation/0d7ae791-653e-4297-9f61-8bad87f61d57,technicien de la météorologie/technicienne de la météorologie,technicien d'exploitation de la météorologie|spécialiste météorologie et océanographie|technicien de la météorologie|technicienne d'exploitation de la météorologie|technicienne de la météorologie
http://data.europa.eu/esco/occupation/0dae04a4-fa4c-40d3-8518-122cc0f7bfcf,opérateur de fabrication pharmaceutique - spécialité granulation/opératrice de fabrication pharmaceutique - spécialité granulation,opérateur de fabrication pharmaceutique - spécialité granulation|opératrice de fabrication pharmaceutique - spécialité granulation
http://data.europa.eu/esco/occupation/0dce2f9b-eda5-4dc4-ba74-36eeed8c9a44,audiodescripteur/audiodescriptrice,traducteur d'images|descripteur|descripteur/descriptrice|traductrice d'images|audiodescriptrice|audiodescripteur|descriptrice|traducteur d'images/ traductrice d'images
http://data.europa.eu/esco/occupation/0d21a30d-25d9-427b-b8e4-339408425ff5,directeur de production dans l'industrie chimique/directrice de production dans l'industrie chimique,directrice de production dans l'industrie chimique|directeur de production dans l'industrie chimique|responsable de production chimie
http://data.europa.eu/esco/occupation/0c448a27-10ec-43ba-b880-d9938bade424,spécialiste de l’investigation numérique,professionnel de l'investigation informatique|expert en investigation numérique|professionnelle de l'investigation informatique|professionnelle de l'investigation numérique|professionnel l'investigation numérique|spécialiste de l'investigation informatique
http://data.europa.eu/esco/occupation/0ce5a9f4-e00a-4bbe-b255-3c63407167a4,consultant en sécurité informatique/consultante en sécurité informatique,conseillère sur la sécurité des technologies de l'information et de la communication|conseiller sur la sécurité des technologies de l'information et de la communication|consultant en sécurité des technologies de l'information et de la communication|conseiller en sécurité informatique|consultante en sécurité des TIC|consultante en sécurité des technologies de l'information et de la communication|conseillère sur la sécurité des TIC|consultante en sécurité informatique|conseiller sur la sécurité des TIC|consultant en sécurité informatique|consultant en sécurité des TIC|conseillère en sécurité informatique
http://data.europa.eu/esco/occupation/0ec62c2e-30c9-434e-bf36-5277a0840450,technicien en remise à neuf de véhicules/technicienne en remise à neuf de véhicules,technicienne en remise à neuf de véhicules|technicien en remise à neuf de véhicules
http://data.europa.eu/esco/occupation/0da75680-fbf9-44d8-802a-ac12eb425a34,technicien biotechnicien/technicienne biotechnicienne,technicien biotechnicien|technicienne biotechnicienne
http://data.europa.eu/esco/occupation/0ddbf393-38f1-4c22-b14c-fe775008f321,directeur du marketing/directrice du marketing,directeur du marketing|directeur marketing|directrice du marketing|directrice marketing|responsable marketing
http://data.europa.eu/esco/occupation/0bf68df5-e808-4c27-abf2-6f85440f2d7f,standardiste,
http://data.europa.eu/esco/occupation/0da2ee5c-b480-498f-97a8-a292a0f4c54c,opérateur du son/opératrice du son,sonorisateur|sonorisatrice|opératrice du son|chef opérateur du son|opérateur du son|cheffe opératrice du son|chef opératrice du son
http://data.europa.eu/esco/occupation/0d93706d-32fd-4de3-aa08-be1003e325da,chimiste,chimiste de la recherche scientifique
http://data.europa.eu/esco/occupation/0cd0082a-ca15-4dcd-b352-b7600c916d8e,coordinateur d’opérations navires/coordinatrice d’opérations navires,coordinatrice d'opérations navires|coordinateur d'opérations navires
http://data.europa.eu/esco/occupation/0c328e98-6e4e-4e96-b99c-56851e666ad0,installateur de câbles/installatrice de câbles,installatrice de câbles|installateur de câbles
http://data.europa.eu/esco/occupation/0c3672ed-450b-4fcd-a3d0-579a10004486,moniteur d’activités équestres/monitrice d’activités équestres,moniteur d'activités équestres|monitrice d'activités équestres|moniteur d'équitation|monitrice d'équitation
http://data.europa.eu/esco/occupation/0deaceea-69d8-4304-bc80-0b3d0491a241,directeur d’enquêtes terrain/directrice d’enquêtes terrain,directrice d'enquêtes terrain|directeur d'enquêtes terrain
http://data.europa.eu/esco/occupation/0d6bb2cc-06b0-481c-b553-2a973be03254,technicien d’aquaculture en milieu aquatique naturel/technicienne d’aquaculture en milieu aquatique naturel,technicien d'aquaculture en milieu aquatique naturel|technicienne d'aquaculture en milieu aquatique naturel
http://data.europa.eu/esco/occupation/0dd7e6cd-2e5a-4fae-9ce0-6a3622d4019f,superviseur de travaux de construction/superviseuse de travaux de construction,chef de chantier|superviseuse de travaux de construction|directrice de programmes de construction|cheffe de chantier|chef de travaux BTP|cheffe de travaux BTP|directeur de programmes de construction|cheffe de secteur travaux publics|chef de secteur travaux publics|superviseur de travaux de construction
http://data.europa.eu/esco/occupation/0ea36a48-a27d-4515-b61f-3cab395cf60f,technicien en microélectronique/technicienne en microélectronique,technicien en microélectronique|technologue en microélectronique|technicienne en microélectronique
http://data.europa.eu/esco/occupation/0c041d1e-1841-4acb-b0a1-2c387a61bf65,assistant en cabinet médical/assistante en cabinet médical,agent des cabinets en imagerie médicale|assistante médico-technique|agente des cabinets en imagerie médicale|assistant médico-technique|assistante en cabinet médical|assistant en cabinet médical
http://data.europa.eu/esco/occupation/0bf5d25a-2b4d-43b5-b053-beeb210fa43a,enseignant-chercheur en médecine/enseignante-chercheuse en médecine,enseignant-chercheur en médecine et santé au travail/enseignante-chercheuse en médecine et santé au travail|enseignant-chercheur en médecine générale|enseignant-chercheur en médecine et santé au travail|enseignante-chercheuse en médecine générale|enseignante-chercheuse en médecine et santé au travail|enseignant-chercheur en médecine générale/enseignante-chercheuse en médecine générale|enseignante-chercheuse en médecine|enseignant-chercheur en médecine
http://data.europa.eu/esco/occupation/0d423a2e-6fb7-4704-8544-bd6c522b3c62,agent d’intervention sociale et familiale/agente d’intervention sociale et familiale,chargé de prévention d'aide sociale à l'enfance/chargée de prévention d'aide sociale à l'enfance|agente d'intervention sociale et familiale|chargée de prévention d'aide sociale à l'enfance|agent d'intervention sociale et familiale|chargé de prévention d'aide sociale à l'enfance
http://data.europa.eu/esco/occupation/0d595b87-a1fc-410c-abbe-88b92cb0d334,professeur d’informatique/professeure d’informatique,professeure d’informatique|professeur d’informatique
http://data.europa.eu/esco/occupation/0e68f523-3206-4896-b725-44150dd22057,superviseur de production d’articles en cuir/superviseuse de production d’articles en cuir,superviseuse de production en maroquinerie|superviseuse de production d'articles en cuir|superviseur de production en maroquinerie|superviseur de production d’articles en cuir
http://data.europa.eu/esco/occupation/0c7c9606-fde3-4658-8136-8fe0c9b8bd09,ingénieur biomédical/ingénieure biomédicale,ingénieur biomédical|ingénieure biomédicale
http://data.europa.eu/esco/occupation/0c849f7b-fa3b-4faf-8501-0e50cd200ba1,gérant de magasin de matériel de télécommunication/gérante de magasin de matériel de télécommunication,gérante de magasin de matériel de télécommunication|gérant de magasin de matériel de télécommunication|responsable de boutique de matériel de télécommunication|responsable de magasin de matériel de télécommunication|responsable de magasin de matériel télécom
http://data.europa.eu/esco/occupation/0ecedad1-1144-45ff-83db-a3c4db393036,directeur des investissements/directrice des investissements,directrice des investissements|directeur des investissements
http://data.europa.eu/esco/occupation/0e99c929-364f-4b0a-8a64-2aab42420f00,ingénieur R&D en énergies renouvelables/ingénieure R&D en énergies renouvelables,ingénieur R&D en énergies renouvelables|ingénieure R&D en énergies renouvelables|chef de projet énergies renouvelables
http://data.europa.eu/esco/occupation/0d9eed6b-4908-4112-bf37-ae08e2f0f326,commerçant en armes et munitions/commerçante en armes et munitions,marchand d'armes|vendeur armurier|marchande d'armes|vendeuse armurière|commerçante en armes et munitions|commerçant en armes et munitions
http://data.europa.eu/esco/occupation/0e216d47-fc12-43e9-8953-ad8ba11f4b96,chef d’orchestre,cheffe d'orchestre
http://data.europa.eu/esco/occupation/0cbfa809-2d71-44e5-b736-c4da3c8fe09d,responsable import-export de machines et équipements agricoles,
http://data.europa.eu/esco/occupation/0cca32c2-9308-4927-adb2-14771ab787f0,économiste de la construction,ingénieure études de prix|métreur-vérificateur|métreuse-vérificatrice|métreur-vérificateur/métreuse-vérificatrice|ingénieur études de prix/ingénieure études de prix|responsable des études de prix|ingénieur études de prix
http://data.europa.eu/esco/occupation/0ba95ace-bdf5-4ee6-92af-32e1ec9c0de6,ingénieur procédé vapeur/ingénieure procédé vapeur,ingénieure turbine à vapeur|ingénieur turbine à vapeur/ingénieure turbine à vapeur|ingénieur procédé vapeur|ingénieure procédé vapeur|ingénieure turbine à vapeur et source froide|ingénieur turbine à vapeur et source froide|ingénieur turbine à vapeur|ingénieur turbine à vapeur et source froide/ingénieure turbine à vapeur et source froide
http://data.europa.eu/esco/occupation/0f086907-96a6-4e88-bf00-a84295125a6a,missionnaire,
http://data.europa.eu/esco/occupation/0ee5a71a-3c85-48af-bf81-824d3561737a,éleveur d’animaux à fourrure /éleveuse d’animaux à fourrure,éleveur d'animaux à fourrure|éleveuse d'animaux à fourrure
http://data.europa.eu/esco/occupation/0ededdc2-050a-4ec3-8e70-6295105fcd19,agent de centre d’appels/agente de centre d’appels,téléopérateur|démarcheur téléphonique|agent de centre d'appels|agente de centre d'appels|démarcheuse téléphonique|téléopératrice
http://data.europa.eu/esco/occupation/0f5b4653-50b2-413a-826d-39d447480c21,directeur des services immobiliers/directrice des services immobiliers,directeur des services immobiliers|directrice des services immobiliers
http://data.europa.eu/esco/occupation/0f5cc4eb-925d-4b99-be6d-b0964a253a9a,conducteur génie civil/conductrice génie civil,technicienne du génie civil|conductrice génie civil|conductrice de travaux génie civil|conducteur de travaux génie civil|conducteur génie civil|technicien du génie civil
http://data.europa.eu/esco/occupation/0f63619d-63ea-4345-81f5-4673353fe8d2,assistant de justice/assistante de justice,assistant de justice|assistante de justice
http://data.europa.eu/esco/occupation/0ee67d5e-8de9-48f0-97c5-ba23d486b1e9,secrétaire d'État,secrétaire général de ministère|sous-secrétaire d'État
http://data.europa.eu/esco/occupation/0eebf6d2-af43-4a18-b4b7-668fb6433b42,technicien lumières automatisées/technicienne lumières automatisées,technicien lumières automatisées|technicienne lumières automatisées
http://data.europa.eu/esco/occupation/0f7c84c5-1c0d-4fc1-8949-07dbe8bd34ef,designer textile/designeuse textile,créateur textile|designeuse textile|créatrice textile|créateur textile/créatrice textile|designer textile
http://data.europa.eu/esco/occupation/0f2c04f1-9001-4a77-884f-1ea16949f6f6,technicien en génie ferroviaire matériel roulant/technicienne en génie ferroviaire matériel roulant,technicienne en génie ferroviaire matériel roulant|ingénieur ferroviaire matériel roulant|technicien en génie ferroviaire matériel roulant|ingénieure ferroviaire matériel roulant
http://data.europa.eu/esco/occupation/0fdc5efb-d38e-4019-bede-0ce55404549d,opérateur de machine à confiserie/opératrice de machine à confiserie,opératrice de machine à friandises|opérateur de machine à friandises|opératrice de machine à confiseries|opératrice de machine à confiserie|technicien de machine à friandises|technicienne de machine à confiserie|opérateur de machine à confiserie|opérateur de machine à confiseries|technicien de machine à confiseries|technicienne de machine à confiseries|technicienne de machine à friandises|technicien de machine à confiserie
http://data.europa.eu/esco/occupation/1214a616-aaa5-4140-b82e-2cc5028b0fa4,opérateur de mélangeur d'aliments/opératrice de mélangeur d'aliment,opératrice de mélangeur d'aliments|employée d’usine de mélange|opérateur de mélangeur d'aliments|employé d’usine de mélange
http://data.europa.eu/esco/occupation/0f905036-055f-41d9-b292-e3c02617a193,opérateur sur machine à briqueter/opératrice sur machine à briqueter,opératrice sur machine à briqueter|opérateur sur machine à briqueter
http://data.europa.eu/esco/occupation/11df8941-508c-4103-ad40-52cdf9430a59,sociologue,
http://data.europa.eu/esco/occupation/1044dedc-81d1-48b6-96b3-ced5393b2de1,enseignant pour élèves intellectuellement précoces/enseignante pour élèves intellectuellement précoces,enseignant pour élèves intellectuellement précoces|enseignante pour élèves intellectuellement précoces
http://data.europa.eu/esco/occupation/107d21c6-973b-411c-89fd-69da48d29ada,directeur de mine/directrice de mine,directrice de mine|directeur de mine
http://data.europa.eu/esco/occupation/1242d99a-47f1-4a62-b884-33746db8a6ca,responsable du service d’assistance informatique,responsable du service d'assistance en TIC|responsable du service d'assistance en technologies de l'information et de la communication|responsable help desk informatique|responsable du service d'aide aux utilisateurs
http://data.europa.eu/esco/occupation/11eb55d3-4dbe-45c5-a6ce-f04ae843c938,horloger/horlogère,monteuse en systèmes horlogers|pendulier|pendulière|horloger|monteur en systèmes horlogers|horlogère
http://data.europa.eu/esco/occupation/11a6d0f6-e692-4774-aa5f-193b67d31022,kinésiologue,intervenant en kinésiologie|intervenant en kinésiologie/intervenante en kinésiologie|intervenante en kinésiologie
http://data.europa.eu/esco/occupation/11d72bd6-779a-4643-9962-313833740094,chargé d’études environnement/chargée d’études environnement,chargée d’études environnement|chargé d’études environnement
http://data.europa.eu/esco/occupation/1209b85e-80f1-490f-a7e1-6ad220bb956d,technicien bureau d’études des industries de la chaussure/technicienne bureau d’études des industries de la chaussure,technicienne bureau d’études des industries de la chaussure|technicien bureau d'études des industries de la chaussure
http://data.europa.eu/esco/occupation/11695786-9fb7-4895-b161-0480419107e4,instructeur sportif/instructrice sportive,instructeur sportif|instructrice sportive
http://data.europa.eu/esco/occupation/102e75c8-3b47-4964-9b47-30a980aed25c,analyste de la reprise des activités informatiques,analyste de la résistance informatique|analyste risque opérationnel et résilience informatique|analyste de la résilience des technologies de l'information et de la communication|analyste de la résilience TIC
http://data.europa.eu/esco/occupation/0f898624-9b89-41ba-adcf-9360ade85a62,technicien en conservation de l’eau/technicienne en conservation de l’eau,agente d’assainissement|agent d’assainissement|technicien en conservation de l’eau|technicienne en conservation de l’eau
http://data.europa.eu/esco/occupation/109e0a5d-203d-4af6-8f70-692111335ec3,responsable qualité services,directeur qualité services|directrice qualité services
http://data.europa.eu/esco/occupation/106f79e4-6264-45f1-9e7a-297435cd684b,testeur de logiciels/testeuse de logiciels,testeuse de logiciels|testeur d'applications|testeuse d'applications|testeuse de logiciels d'application|testeur de logiciels|testeur de logiciels d'application
http://data.europa.eu/esco/occupation/1009be17-7efd-45f1-a033-566bf179c588,chef de cuisine,chef cuisinier|chef des cuisines|cheffe cuisinière|responsable de la cuisine
http://data.europa.eu/esco/occupation/114e1eff-215e-47df-8e10-45a5b72f8197,conseiller en énergies renouvelables/conseillère en énergies renouvelables,conseillère en énergies renouvelables|consultante en énergies renouvelables|consultant en énergies renouvelables|consultant en énergies renouvelables/consultante en énergies renouvelables|conseiller en énergies renouvelables
http://data.europa.eu/esco/occupation/10469d70-78a3-4650-9e29-d04de13c62c1,concepteur de systèmes informatiques intégrés/conceptrice de systèmes informatiques intégrés,conceptrice de systèmes incorporés|concepteur de systèmes imbriqués|concepteur de systèmes informatiques intégrés|conceptrice de systèmes informatiques intégrés à l'équipement|conceptrice de systèmes informatiques intégrés|concepteur de systèmes informatiques intégrés à l'équipement|conceptrice informatique intégré|conceptrice de systèmes imbriqués|concepteur informatique intégré|concepteur de systèmes incorporés|concepteur de systèmes emboîtés|conceptrice de systèmes emboîtés
http://data.europa.eu/esco/occupation/103aaf7a-48da-4e25-99fc-5cf1ee1388b1,créateur de bijoux en filigrane/créatrice de bijoux en filigrane,créateur de bijoux en filigrane|créatrice de bijoux en filigrane
http://data.europa.eu/esco/occupation/0f845e64-de8b-431e-9fe3-1bccf8e1c5b9,pharmacien en pharmacovigilance/pharmacienne en pharmacovigilance,pharmacien en pharmacovigilance|pharmacien chargé de pharmacovigilance|pharmacienne en pharmacovigilance|chargée de pharmacovigilance|pharmacienne chargée de pharmacovigilance|chargé de pharmacovigilance/chargée de pharmacovigilance|pharmacien chargé de pharmacovigilance/pharmacienne chargée de pharmacovigilance|chargé de pharmacovigilance
http://data.europa.eu/esco/occupation/12938d1a-eeb2-4b1e-a22b-f0bebeadfb73,conducteur/conductrice d’installations de production d’hydroélectricité,conducteur d'installations de production d'hydroélectricité|conductrice d'installations de production d'hydroélectricité
http://data.europa.eu/esco/occupation/116b4c55-5bd0-41e9-9227-98d7ecffeaf6,enseignant-chercheur en sociologie/enseignante-chercheuse en sociologie,enseignante-chercheuse en sociologie|enseignant-chercheur en sociologie
http://data.europa.eu/esco/occupation/107865e2-ba60-4e4f-b57d-4dd5064f517f,retordeur/retordeuse,retordeur|retordeuse
http://data.europa.eu/esco/occupation/1092dd4c-b96b-4b3f-87fe-4a9e8d1937fb,chargé de cours/chargée de cours,chargée de cours|chargé de cours
http://data.europa.eu/esco/occupation/11830794-108c-48fe-a282-2cd7a2945344,concepteur de jeux de hasard et pari/conceptrice de jeux de hasard et pari,conceptrice de jeux de hasard et pari|concepteur de jeux de hasard et pari
http://data.europa.eu/esco/occupation/1246764a-ce7c-45e8-9675-e445d145e818,libraire,vendeuse de livres rares|vendeur de livres anciens|vendeur de livres rares|libraire-conseil|libraire spécialisé|bouquiniste|vendeuse de livres anciens|libraire spécialisée
http://data.europa.eu/esco/occupation/1185cfe1-49a7-44a7-8dee-45b2f36727f9,animateur en environnement/animatrice en environnement,animateur environnement|animatrice en environnement|animateur nature et environnement|animatrice environnement|animateur en environnement|animatrice nature et environnement
http://data.europa.eu/esco/occupation/114c5a6c-1869-4a67-8ec0-660ec303f8cc,enseignant spécialisé des réseaux d’aides spécialisées aux élèves en difficulté/enseignante spécialisée des réseaux d’aides spécialisées aux élèves en difficulté,enseignante spécialisée des réseaux d’aides spécialisées aux élèves en difficulté|enseignant des réseaux d’aides spécialisées aux élèves en difficulté|enseignant spécialisé des réseaux d’aides spécialisées aux élèves en difficulté|enseignante des réseaux d’aides spécialisées aux élèves en difficulté|enseignant des réseaux d’aides spécialisées aux élèves en difficulté/enseignante des réseaux d’aides spécialisées aux élèves en difficulté
http://data.europa.eu/esco/occupation/11103139-4555-4696-b331-1ee581ff9a38,vendeur/vendeuse en articles de sport,conseillère en articles de sport|conseiller en articles de sport|vendeur en articles de sport|vendeuse en articles de sport
http://data.europa.eu/esco/occupation/11b6390b-1e48-4903-a5df-d3e04b451a19,ingénieur cosmétique/ingénieure cosmétique,formulatrice en cosmétique|formulateur en cosmétique|ingénieure cosmétique|ingénieur cosmétique|formulateur en cosmétique/formulatrice en cosmétique
http://data.europa.eu/esco/occupation/12da0bb1-26c8-46eb-9476-797f4f1c441e,signaleur/signaleuse,signaleuse- agente de sécurité école|signaleur|signaleuse|signaleur–agent de sécurité école
http://data.europa.eu/esco/occupation/12142c2c-9b6f-4e4f-8153-f1a51554e4e0,"responsable import-export de machines, équipements industriels, navires et aéronefs",
http://data.europa.eu/esco/occupation/0fc6c577-7d5d-4bcd-8ce8-4a4114d6a809,monteur de courroies trapézoïdales/monteuse de courroies trapézoïdales,opérateur de moulage de courroies trapézoïdales/opératrice de moulage de courroies trapézoïdales|opératrice de moulage de courroies trapézoïdales|confectionneuse de courroies trapézoïdales|opérateur de moulage de courroies trapézoïdales|monteur de courroies trapézoïdales|confectionneur de courroies trapézoïdales|monteuse de courroies trapézoïdales|confectionneur de courroies trapézoïdales/confectionneuse de courroies trapézoïdales
http://data.europa.eu/esco/occupation/11833a96-fc27-4b03-a53d-892ac891a2bb,technicien en ingénierie de la production/technicienne en ingénierie de la production,technicienne en ingénierie de la production|technicien en ingénierie de la production
http://data.europa.eu/esco/occupation/121bd198-af39-4fac-8249-b384910f7bd7,réparateur de pneus/réparatrice de pneus,monteur de pneus vulcanisateur|monteuse de pneus vulcanisatrice|poseur réparateur de pneus|monteur en pneumatique|monteuse en pneumatique|poseur réparateur de pneus/poseuse réparatrice de pneus|réparateur de pneus|monteur de pneus vulcanisateur/monteuse de pneus vulcanisatrice|réparatrice de pneus|poseuse réparatrice de pneus
http://data.europa.eu/esco/occupation/10291962-c0c7-4e5b-a7ed-0762b4d9b010,pharmacologue,pharmacologiste|pharmacologue de l’industrie
http://data.europa.eu/esco/occupation/123a195c-103a-4b84-b3fd-6d40dbc15c54,coquilleur en fonderie/coquilleuse en fonderie,coquilleuse en fonderie|coquilleur en fonderie
http://data.europa.eu/esco/occupation/1084e2d6-b153-4090-8065-c9231f71d4f0,technicien en optique/technicienne en optique,technicien en optique|technicienne en optique
http://data.europa.eu/esco/occupation/11e6d39e-1295-40e7-8eea-3eb042bc7e34,cuisinier industriel/cuisinière industrielle,agente de préparation en industrie|cuisinière en industrie|cuisinière industrielle|agent de préparation en industrie|cuisinier industriel|cuisinier en industrie
http://data.europa.eu/esco/occupation/137b1d11-c4bc-4016-89ba-45345d4c71f0,responsable de la communauté en ligne,directrice des médias sociaux|directrice de la communauté Internet|directeur de la communauté Internet|directeur des médias sociaux|responsable de la communauté Internet|responsable des médias sociaux
http://data.europa.eu/esco/occupation/12f9c0e8-26f4-4f1d-bf04-b16a34d12798,aiguilleur du réseau ferré/aiguilleuse du réseau ferré,aiguilleur du réseau ferré|aiguilleuse du réseau ferré
http://data.europa.eu/esco/occupation/12dc4509-7d36-46d8-aca0-c147c7ecd806,armurier/armurière,armurière|armurier
http://data.europa.eu/esco/occupation/1313aeea-63a9-4b4d-82d1-dbe00ff9ed10,responsable RSE - responsabilité sociale de l'entreprise,
http://data.europa.eu/esco/occupation/139fba7b-6c1f-40ee-8acf-78f97e57c905,superviseur en gestion de déchets/superviseuse en gestion de déchets,superviseuse en gestion de déchets|superviseur en gestion de déchets
http://data.europa.eu/esco/occupation/13331bd9-0599-47c0-9812-29650c218de3,technicien en génie des eaux/technicienne en génie des eaux,technicienne en génie des eaux|technicien en génie des eaux
http://data.europa.eu/esco/occupation/13427968-250b-4967-a682-afac5cd0af4f,démarcheur politique/démarcheuse politique,démarcheuse politique|démarcheur politique
http://data.europa.eu/esco/occupation/13b12b2d-e223-46f5-a6c0-cb77fe37f03a,responsable de la logistique distribution de machines en industrie textile,
http://data.europa.eu/esco/occupation/1391bdf9-bd61-4fb5-91ca-c29036ab2b60,assistant de vie/assistante de vie,aide ménager|aide ménagère|assistant de vie|aide-soignante à domicile|aide-soignant à domicile|assistante de vie
http://data.europa.eu/esco/occupation/12ff7f9c-c5b5-4d4a-b585-c350dd1400eb,chercheur en économie appliquée/chercheuse en économie appliquée,chercheur en économie d'entreprise|chercheur en économie appliquée|chercheur en économie d'entreprise/chercheuse en économie d'entreprise|chercheuse en économie appliquée|chercheuse en économie d'entreprise
http://data.europa.eu/esco/occupation/15502187-a1da-407a-843b-ce991d5f65fe,opérateur de tressage/opératrice de tressage,opérateur de production métiers à tresser|opérateur de tressage|opérateur de production métiers à tresser/opératrice de production métiers à tresser|opératrice de tressage|opératrice de production métiers à tresser
http://data.europa.eu/esco/occupation/15151ba4-fbf2-4fd9-8dde-2abbc6ec362c,éleveur de chevaux/éleveuse de chevaux,éleveur de chevaux|éleveuse équestre|éleveuse d'équidés|éleveur en production équine|éleveuse en production équine|éleveuse de chevaux|éleveur équestre|éleveur d'équidés
http://data.europa.eu/esco/occupation/16811760-fb2d-42cf-912d-2215f085898f,opérateur sur machine à découper au plasma/opératrice sur machine à découper au plasma,opératrice sur machine à découper au plasma|opérateur sur machine à découper au plasma
http://data.europa.eu/esco/occupation/158965f1-bd83-441c-bca8-1975b74dedc5,technicien en restauration de véhicules/technicienne en restauration de véhicules,technicien en restauration de véhicules|technicienne en restauration de véhicules
http://data.europa.eu/esco/occupation/1765f9b2-8483-490d-8df6-6e39db30ad82,superviseur d'engins agricoles/superviseure d'engins agricoles,superviseure d'engins agricoles|superviseure d'engins d'exploitation agricole|superviseur d'engins d'exploitation agricole|superviseur d'engins agricoles
http://data.europa.eu/esco/occupation/146f2c99-3f8b-4856-95ba-3ecfea681809,directeur des jeux/directrice des jeux,directrice des jeux|directeur des jeux
http://data.europa.eu/esco/occupation/13d8b1be-d711-4bbc-a45e-cad605162f41,directeur musical/directrice musicale,directeur musical|directrice musicale
http://data.europa.eu/esco/occupation/16ec2281-b0b3-4cde-9888-2cb6cc492c25,ouvrier de fabrication en condiments-sauces en industrie alimentaire/ouvrière de fabrication en condiments-sauces en industrie alimentaire,ouvrier de fabrication en condiments-sauces en industrie alimentaire|ouvrière de fabrication en condiments-sauces en industrie alimentaire
http://data.europa.eu/esco/occupation/15d5636f-7714-4697-850a-67b7f7cb3837,monteur régleur d’instruments d’optique/monteuse régleuse d’instruments d’optique,ajusteuse-régleuse en instruments d’optique|monteuse régleuse d’instruments d’optique|ajusteur-régleur d’instruments d’optique|monteur régleur d’instruments d’optique
http://data.europa.eu/esco/occupation/149062d6-6496-4004-9c23-93c78b29b5db,briquetier mouleur à la main/briquetière mouleuse à la main,briquetière mouleuse à la main|mouleur de briques à la main|mouleuse de briques à la main|briquetier mouleur à la main
http://data.europa.eu/esco/occupation/15ab8475-549d-48a7-9d4a-5bb310015312,chef lingerie,préposé à la lingerie|préposée à la lingerie|chef de la lingerie|responsable de la lingerie
http://data.europa.eu/esco/occupation/1562c7a3-c7d9-419d-b9b6-db26610bcf84,concepteur d’entrepôt de données/conceptrice d’entrepôt de données,concepteur d'entrepôt de données|conceptrice d'entrepôt de données
http://data.europa.eu/esco/occupation/140613c4-8c3c-43c5-8525-2f63231c95b0,opérateur de machine de fabrication de semi-conducteurs/opératrice de machine de fabrication de semi-conducteurs,opérateur de machine de fabrication de semi-conducteurs|opérateur de fabrication en microélectronique|opératrice de machine de fabrication de semi-conducteurs|opérateur de fabrication en microélectronique/opératrice de fabrication en microélectronique|opératrice de fabrication en microélectronique
http://data.europa.eu/esco/occupation/16605833-c196-48d7-a6f5-bbdebdc353df,ingénieur informatique avant-vente/ingénieure informatique avant-vente,ingénieure avant-vente des technologies de l'information et de la communication|ingénieur avant-vente des technologies de l'information et de la communication|ingénieure informatique pré-ventes|ingénieur informatique pré-ventes|ingénieure informatique avant-vente|ingénieure avant-vente des TIC|ingénieur des TIC avant-ventes|ingénieur informatique pré-vente|ingénieur des technologies de l'information et de la communication avant-ventes|ingénieur informatique avant-vente|ingénieure des TIC avant-ventes|ingénieure qualité informatique client|ingénieur avant-vente des TIC|ingénieure des technologies de l'information et de la communication avant-ventes|ingénieur qualité informatique client|ingénieure informatique pré-vente
http://data.europa.eu/esco/occupation/15620506-fb5d-49cd-87a2-1c9047fb406a,peintre en bâtiment,peintre finisseur|peintre vitrier|peintre plâtrière|peintre tapissier|peintre plâtrier|peintre décoratrice|peintre finisseuse|peintre décorateur|peintre tapissière|peintre ragréeuse|peintre ragréeur|peintre d'intérieur|peintre vitrière
http://data.europa.eu/esco/occupation/14031d4a-6e99-442f-b4fe-18262b6432b2,délégué commercial/déléguée commerciale,délégué commercial|commercial|commerciale|attachée commerciale|déléguée commerciale|attaché commercial
http://data.europa.eu/esco/occupation/13d1b2b4-99dd-44da-9734-c9f74bae18f7,représentant du service clients/représentante du service clients,représentant du service clientèle/représentante du service clientèle|représentant du service clients|représentante du service clients|représentante du service clientèle|représentant du service clientèle
http://data.europa.eu/esco/occupation/160c1469-bbb6-48d3-b2a7-db8b30d724b5,assistant actuaire/assistante actuaire,assistant actuaire|technicienne d'actuariat|technicien d'actuariat|assistante actuaire
http://data.europa.eu/esco/occupation/173a882d-0a14-4919-ac1b-23e8ee8273de,"responsable import-export d’articles de quincaillerie, fournitures pour plomberie et chauffage",
http://data.europa.eu/esco/occupation/16e65196-3449-4c88-b379-0aa98f43db2b,infirmier anesthésiste/infirmière anesthésiste,infirmière anesthésiste|infirmière anesthésiste diplômée d'État|infirmier anesthésiste diplômé d'État|infirmier anesthésiste
http://data.europa.eu/esco/occupation/16bf6d6f-64ec-4f80-9070-f81a7b179d53,superviseur en mécanique de précision/superviseuse en mécanique de précision,superviseur en mécanique de précision|superviseuse en mécanique de précision
http://data.europa.eu/esco/occupation/16b974f4-cb8c-436c-8c05-a16957c40131,conducteur/conductrice d’installation de production d’énergie fossile,conducteur d'installation de production d'énergie fossile|conductrice d'installation de production d'énergie fossile
http://data.europa.eu/esco/occupation/15cc27b1-7358-48ed-9fb8-69ffe9f1fc98,technicien de l’insémination artificielle animale/technicienne de l’insémination artificielle animale,technicien de l'insémination artificielle animale|inséminateur|inséminatrice|inséminatrice artificielle|spécialiste de la reproduction animale assistée|inséminateur artificiel|technicienne de l'IA animale|technicien de l'IA animale|technicienne de l'insémination artificielle animale
http://data.europa.eu/esco/occupation/15dfabf5-71e0-400e-af48-4c6f92ef4392,employé de chenil/employée de chenil,garçon de chenil|fille de chenil|employé de chenil|employée de chenil
http://data.europa.eu/esco/occupation/16bc69b8-5abc-49e4-a860-befb734d54d3,technicien qualité chimie en fabrication d’articles textiles/technicienne qualité chimie en fabrication d’articles textiles,technicien qualité chimie en fabrication d’articles textiles|technicienne qualité chimie en fabrication d’articles textiles
http://data.europa.eu/esco/occupation/165f32b8-756a-4ef3-87f1-83fbbdc60db7,opérateur de mélangeur de préparations pour pesticides/opératrice de mélangeur de préparations pour pesticides,opératrice de mélangeur de préparations pour pesticides|opérateur de mélangeur de préparations pour pesticides
http://data.europa.eu/esco/occupation/16ad07cd-2fd2-4f93-b442-89918c10bbbf,coupeur en chaussures/coupeuse en chaussures,coupeur en chaussures|opérateur d’atelier de coupe des industries des matériaux souples|coupeuse en chaussures|opératrice d’atelier de coupe des industries des matériaux souples|opérateur d’atelier de coupe des industries des matériaux souples/opératrice d’atelier de coupe des industries des matériaux souples
http://data.europa.eu/esco/occupation/1488589a-7b83-471d-b094-492f5616f4e0,directeur de développement de produits/directrice de développement de produits,directrice développement produits|directrice de développement de nouveaux produits|directeur développement produits|directeur de développement produits|directeur de développement de nouveaux produits|directrice de développement produits
http://data.europa.eu/esco/occupation/1663e9d9-857b-4efa-9ab6-886c7fc763f6,responsable service après-vente véhicules à moteur,responsable SAV véhicules à moteur
http://data.europa.eu/esco/occupation/16cb1f72-3d8c-4404-84ec-9c31fbd7c86c,ingénieur soudeur/ingénieure soudeuse,ingénieur soudeur|ingénieur de soudage|ingénieure soudeuse|ingénieure de soudage|ingénieur de soudage/ingénieure de soudage
http://data.europa.eu/esco/occupation/16d7bae5-503e-4e19-bc8b-619c9bcf5c4f,monteur en chaussures/monteuse en chaussures,monteuse en chaussures|monteur en chaussures
http://data.europa.eu/esco/occupation/1739b07b-7e8f-4dcb-bc59-b5ae18f30077,négociant grossiste en biens domestiques/négociante grossiste en biens domestiques,négociante grossiste en biens domestiques|négociant grossiste en biens domestiques
http://data.europa.eu/esco/occupation/1738173e-ef9c-4222-88c8-b6aa9bad3cf7,biophysicien/biophysicienne,biophysicien de laboratoire/biophysicienne de laboratoire|biophysicienne|biophysicien de laboratoire|biophysicien|biophysicienne de laboratoire
http://data.europa.eu/esco/occupation/13e30c08-8834-4e4f-b6f9-89fffed4e310,directeur d'établissement d'enseignement spécialisé/directrice d'établissement d'enseignement spécialisé,directeur d'établissement d'enseignement spécialisé|directrice d'établissement d'enseignement spécialisé
http://data.europa.eu/esco/occupation/143e49fc-832f-477c-8cac-8eabe6fd7bc2,opérateur en entrepôt dans une usine de chaussures/opératrice en entrepôt dans une usine de chaussures,opérateur en entrepôt dans une usine de chaussures|opératrice en entrepôt dans une usine de chaussures
http://data.europa.eu/esco/occupation/15419750-d6e6-4ab8-a77b-b42794f2e168,technicien podo-orthésiste/technicienne podo-orthésiste,technicienne podo-orthésiste|technicien podo-orthésiste|bottière orthopédiste|podo-orthésiste|bottier orthopédiste
http://data.europa.eu/esco/occupation/14eb2c85-fce5-40b6-bcd0-46ac99994b0d,agent du service des dossiers médicaux/agente du service des dossiers médicaux,agente du service des dossiers médicaux|agent du service des dossiers médicaux
http://data.europa.eu/esco/occupation/13da27aa-ca6a-476d-ab2c-efc9e5bd97b2,vendeur en boutique de vêtements/vendeuse en boutique de vêtements,vendeuse en magasin de vêtements pour enfants|vendeur en magasin de mode|vendeuse en magasin de vêtements|vendeur en boutique de lingerie|vendeuse en magasin de prêt-à-porter|vendeuse en boutique de vêtements|vendeur en magasin de prêt-à-porter|retoucheuse-vendeuse|vendeur en magasin de vêtements|vendeuse en boutique de lingerie|vendeur en magasin de lingerie|vendeuse en magasin de lingerie|vendeur en magasin de vêtements pour enfants|retoucheur-vendeur|vendeuse en magasin de mode|vendeur en boutique de vêtements
http://data.europa.eu/esco/occupation/17b29190-6746-4b81-a1d1-8053a5bbc0e9,braseur brasage tendre/braseuse brasage tendre,braseuse brasage tendre|braseur brasage tendre
http://data.europa.eu/esco/occupation/17abb59e-a1f9-4ce8-88b7-569e5413dca9,préposé au marquage de cigares/préposée au marquage de cigares,technicien de marquage de cigares|opérateur de marquage de cigares|préposé au marquage de cigares|préposée au marquage de cigares|opératrice de marquage de cigares|technicienne de marquage de cigares
http://data.europa.eu/esco/occupation/1822bfc2-e735-449f-ba00-ca71eb5c062b,concierge,
http://data.europa.eu/esco/occupation/18232485-5f8b-4c53-80f2-3d9f8f9d0e20,patronnier d’articles d’habillement/patronnière d’articles d’habillement,patronnier d’articles d’habillement|patronnière d’articles d’habillement
http://data.europa.eu/esco/occupation/184e59d7-5646-4fe4-9059-46867ff09574,technicien en radioprotection/technicienne en radioprotection,technicien en radioprotection|technicienne en radioprotection
http://data.europa.eu/esco/occupation/183d60f2-277f-47c8-a8c6-f5c8eedba2b0,opérateur régleur outilleur en pyrotechnie/opératrice régleuse outilleuse en pyrotechnie,opérateur de production en fabrication de munitions/opératrice de production en fabrication de munitions|opérateur régleur outilleur en pyrotechnie|opératrice de production en fabrication de munitions|opératrice régleuse outilleuse en pyrotechnie|opérateur de production en fabrication de munitions
http://data.europa.eu/esco/occupation/17c02096-05d6-4a5a-ba93-9f22d68df0d3,monteur d’instruments dentaires/monteuse d’instruments dentaires,monteur d’instruments dentaires|monteuse d’instruments dentaires
http://data.europa.eu/esco/occupation/1801583e-34b3-4c89-97ac-db2a346b4a3e,professeur en hôtellerie/professeure en hôtellerie,"professeur en hôtellerie|professeur titulaire du CAPLP Hôtellerie-Restauration, option Service et Commercialisation/professeure titulaire du CAPLP Hôtellerie-Restauration, option Service et Commercialisation|professeure en hôtellerie|professeur titulaire du CAPET hôtellerie-restauration option Techniques de Services et Accueil|professeure titulaire du CAPET hôtellerie-restauration option Techniques de Services et Accueil|professeur titulaire du CAPET hôtellerie-restauration option Techniques de Services et Accueil/professeure titulaire du CAPET hôtellerie-restauration option Techniques de Services et Accueil|professeure titulaire du CAPLP Hôtellerie-Restauration, option Service et Commercialisation|professeur titulaire du CAPLP Hôtellerie-Restauration, option Service et Commercialisation"
http://data.europa.eu/esco/occupation/1790c821-c582-4944-8597-d2d4a66f6a6d,géologue minier/géologue minière,géologue minière|géologue minier
http://data.europa.eu/esco/occupation/18459eb0-5506-4692-9889-d1f9a2b989eb,opérateur sur machine à graver/opératrice sur machine à graver,opérateur sur machine à graver|opératrice sur machine à graver
http://data.europa.eu/esco/occupation/1a1ea837-0103-4230-8756-533a77c5f9f4,assembleur d’équipements de conteneurs/assembleuse d’équipements de conteneurs,assembleur d’équipements de conteneurs|assembleuse d’équipements de conteneurs
http://data.europa.eu/esco/occupation/1a07bd7d-2e1d-4930-a84a-1a442b8f2a44,traducteur/traductrice,traductrice|traducteur
http://data.europa.eu/esco/occupation/18a98579-f0b1-4dde-944f-1758dc113099,étinceleur en électroérosion/étinceleuse en électroérosion,étinceleuse en électroérosion|opérateur sur machine à électroérosion|étinceleur en électroérosion|opératrice sur machine à électroérosion
http://data.europa.eu/esco/occupation/1a9d99ba-4c08-4864-8f6a-1b0f2b4cf883,ouvrier horticole/ouvrière horticole,ouvrière horticole|travailleuse horticole|employé horticole|ouvrier horticole|travailleur horticole|aide horticole|employée horticole
http://data.europa.eu/esco/occupation/1a46d0f0-93d7-44d1-bff9-58e3f21bd4c4,consultant en action sociale/consultante en action sociale,consultant en action sociale|consultante en action sociale
http://data.europa.eu/esco/occupation/18552245-3c36-4a52-b4c6-295cabb5c93b,créateur de jeux de hasard et pari/créatrice de jeux de hasard et pari,créatrice de jeux de hasard et pari|créateur de jeux de hasard et pari
http://data.europa.eu/esco/occupation/189a337d-f6fb-44e2-9e7a-bc27b7b76e0e,chorégraphe,assistante du chorégraphe|assistant  du chorégraphe/assistante du chorégraphe|assistant du chorégraphe
http://data.europa.eu/esco/occupation/1a6d1acf-5956-4ba0-95bf-b15b05a02013,monteur en mécatronique/monteuse en mécatronique,monteur en mécatronique|monteuse en mécatronique|monteuse-régleuse en mécatronique|monteur-régleur en mécatronique/monteuse-régleuse en mécatronique|monteur-régleur en mécatronique
http://data.europa.eu/esco/occupation/1ab184b6-de00-4476-ba1d-c6a71c668be3,opérateur de systèmes de traitement de l’eau/opératrice de systèmes de traitement de l’eau,opératrice de systèmes de traitement de l'eau|opérateur de systèmes de traitement de l'eau
http://data.europa.eu/esco/occupation/1999bdfa-f9c4-4a0b-8565-0305108ca65e,opérateur de production assemblage pyrotechnique/opératrice de production assemblage pyrotechnique,opérateur monteur en milieu pyrotechnique|opératrice en montage pyrotechnique|opérateur monteur en milieu pyrotechnique/opératrice monteuse en milieu pyrotechnique|opératrice de dépôt de produits pyrotechniques|opératrice monteuse en milieu pyrotechnique|opérateur de dépôt de produits pyrotechniques/opératrice de dépôt de produits pyrotechniques|opérateur en montage pyrotechnique|opérateur de production assemblage pyrotechnique|opérateur en montage pyrotechnique/opératrice en montage pyrotechnique|opératrice de production assemblage pyrotechnique|opérateur de dépôt de produits pyrotechniques
http://data.europa.eu/esco/occupation/18dafd4f-8c37-4276-b4b3-cfa31059b2b6,marin-pêcheur,marin fileyeur|marin calier|matelot à la pêche|marin grande pêche|marin glaceur
http://data.europa.eu/esco/occupation/1aadb308-432a-4d01-b54b-b4f7f76dd419,boulanger/boulangère,boulanger|fournier|fournière|ouvrière en boulangerie|ouvrier en boulangerie|boulangère pâtissière|boulanger-pâtissier|boulanger pâtissier|boulangère|boulangère-pâtissière
http://data.europa.eu/esco/occupation/1978c6ff-37b4-48f1-9aa6-88b9c568f74f,masseur/masseuse,masseuse|masseur
http://data.europa.eu/esco/occupation/18fa8080-3156-429a-bbd7-b3ef559b6721,monteur en échafaudage/monteuse en échafaudage,monteur en échafaudage|monteur-échafaudeur|monteuse-échafaudeuse|monteuse en échafaudage
http://data.europa.eu/esco/occupation/1ae8d28e-407c-48ab-88ff-4cb25bfcdea6,concierge d’hôtel,employée du service de la conciergerie|intendante|employé du service de la conciergerie|intendant|réceptionniste
http://data.europa.eu/esco/occupation/187f063b-1002-4d46-9b79-c46b2caedbb3,coordinateur assemblage de machines/coordinatrice assemblage de machines,coordinatrice assemblage de machines|coordinateur assemblage de machines
http://data.europa.eu/esco/occupation/1aa4bb15-c527-4a3b-9270-b3c71c4be111,régisseur de plateau/régisseuse de plateau,régisseuse de plateau|régisseur de plateau|directeur technique spectacle vivant|directrice technique spectacle vivant|responsable de la logistique de spectacles
http://data.europa.eu/esco/occupation/1b38a27d-ef98-4d9f-b1b2-8c109bf47e79,responsable évènement,chef de projet évènementiel|conseillère en organisation d'évènementiel de particuliers|conseiller en organisation d'évènementiel de particuliers|cheffe de projet évènementiel
http://data.europa.eu/esco/occupation/18e14e61-495b-44cc-a7c6-df4c625934ba,infirmier spécialiste/infirmière spécialiste,infirmier spécialiste clinique|infirmier spécialisé|infirmier spécialiste|infirmier spécialisé/infirmière spécialisée|infirmière spécialiste|infirmière spécialiste clinique|infirmière spécialisée|infirmier spécialiste clinique/infirmière spécialiste clinique
http://data.europa.eu/esco/occupation/18d2b37a-9c31-4393-833e-bc2f7b1ce52a,conseiller en fusions-acquisitions/conseillère en fusions-acquisitions,conseillère en fusions-acquisitions|conseiller en fusions-acquisitions|analyste en fusions-acquisitions
http://data.europa.eu/esco/occupation/1a87e487-6761-4374-b6db-100ac5a9ad5a,conseiller crédits/conseillère crédits,conseillère en crédits|conseiller en crédits
http://data.europa.eu/esco/occupation/1a8bda86-307e-4cc0-a945-ceb678ff1471,gardien de toilettes/gardienne de toilettes,gardien de toilettes|gardienne de toilettes
http://data.europa.eu/esco/occupation/196a4c75-9591-436f-9677-67252df34c22,modéliste CAO,
http://data.europa.eu/esco/occupation/186ef31e-f26f-4320-a307-c5f95d6cb284,consultant en action sociale/consultante en action sociale,consultante-formatrice en action sociale|consultant-formateur en action sociale|consultant-formateur en action sociale/consultante-formatrice en action sociale|consultant en action sociale|consultante en action sociale
http://data.europa.eu/esco/occupation/1b3e150f-8ec1-47e2-a2ef-d02632efe0d5,gérant de pharmacie/gérante de pharmacie,responsable de pharmacie|gérant de pharmacie|gérante de pharmacie
http://data.europa.eu/esco/occupation/1ad4012e-30e3-492c-b42c-09cff3047574,professeur de matières scientifiques/professeure de matières scientifiques,professeure de matières scientifiques|professeur de matières scientifiques
http://data.europa.eu/esco/occupation/19f6634f-ec0c-4513-b0d9-d43f9ddeb82d,assistant social en milieu scolaire/assistante sociale en milieu scolaire,assistante sociale en milieu scolaire|assistant social en milieu scolaire
http://data.europa.eu/esco/occupation/18cff178-4ef0-46c9-a6e5-f6f38179cdcb,superviseur de carreleurs/superviseuse de carreleurs,superviseur de carreleurs|superviseuse de carreleurs
http://data.europa.eu/esco/occupation/1b123879-8f0d-4793-8069-3dc21a08921a,spécialiste d’application produits chimiques,ingénieur de développement en formulation|ingénieure de développement en formulation|technicien formulation/technicienne formulation|technicienne formulation|technicien formulation|ingénieur de développement en formulation/ingénieure de développement en formulation
http://data.europa.eu/esco/occupation/19db5ad1-ffbf-41a0-8746-d3878f0d5dbd,sociologue des médias,
http://data.europa.eu/esco/occupation/190ec9a5-938c-45a5-bd9c-c12b1af33353,ambassadeur/ambassadrice,ambassadeur|ambassadrice
http://data.europa.eu/esco/occupation/18b00c9e-3a07-4346-bb86-b1577554cf56,technicien en tricotage/technicienne en tricotage,technicienne en tricotage|technicien en tricotage
http://data.europa.eu/esco/occupation/1ad59946-d13e-441e-9b36-56e1df055e21,auditeur comptable et financier/auditrice comptable et financière,auditrice comptable et financière|auditeur comptable et financier
http://data.europa.eu/esco/occupation/1a7fb683-6544-4442-b54c-ec72ef468ff0,réalisateur de films cinématographiques et vidéos/réalisatrice de films cinématographiques et vidéos,réalisatrice de films cinématographiques et vidéos|réalisateur de films cinématographiques et vidéos
http://data.europa.eu/esco/occupation/18fbb1f8-eceb-4bf4-8fc7-932b8f6130cd,superviseur de poseurs de papiers peints/superviseuse de poseurs de papiers peints,superviseuse de poseurs de papiers peints|superviseur de poseurs de papiers peints
http://data.europa.eu/esco/occupation/19c2d8bc-aa3d-4b72-b55a-50bf751873fe,facteur de clavecins/factrice de clavecins,factrice de clavecins|facteur de clavecins
http://data.europa.eu/esco/occupation/19cb84ca-952e-4f33-b31a-c918db074a6e,cordiste,
http://data.europa.eu/esco/occupation/19c2acbf-766c-4728-b960-b91252a95fd1,gérant de magasin d'appareils ménagers/gérante de magasin d'appareils ménagers,gérant de magasin d'appareils électroménagers|gérante de magasin d'appareils électroménagers|responsable de magasin d'appareils ménagers|gérant de magasin d'appareils ménagers|gérante de magasin d'appareils ménagers|responsable de magasin d'appareils électroménagers
http://data.europa.eu/esco/occupation/1a953e5a-f53f-461d-818b-6b2e655a751f,réparateur de systèmes horlogers/réparatrice de systèmes horlogers,"réparateur d’horloges, de montres et de pendules|réparatrice d’horloges, de montres et de pendules|réparatrice de systèmes horlogers|réparateur de systèmes horlogers"
http://data.europa.eu/esco/occupation/1b8c2a8e-204e-4035-bf88-921564e6df2e,agent de finition textile/agente de finition textile,opératrice de finition des industries textiles|opérateur de finition textile|agent de finition textile|opératrice de finition textile|opérateur de finition textile/opératrice de finition textile|agente de finition textile|opérateur de finition des industries textiles|opérateur de finition des industries textiles/opératrice de finition des industries textiles
http://data.europa.eu/esco/occupation/1b8c75a9-407b-4554-a7d6-df391672c6b1,conducteur d'engins agricoles/conductrice d'engins agricoles,conductrice d'engins agricoles|conducteur d'engins agricoles|chauffeurs d'engins agricoles|chauffeuses d'engins agricoles|conductrice d'engins d'exploitation agricole|conducteur d'engins d'exploitation agricole
http://data.europa.eu/esco/occupation/1b5ccfe7-1cc3-4f02-974c-f852d3faf57e,responsable de production agricole,chef de production agricole|responsable agricole
http://data.europa.eu/esco/occupation/1b4e795d-6e49-4b7b-bb34-585edfd6eb18,opérateur de fabrication chaussure/opératrice de fabrication chaussure,opérateur d’assemblage-montage des industries des cuirs et peaux|opérateur d’assemblage-montage des industries des cuirs et peaux/opératrice d’assemblage-montage des industries des cuirs et peaux|opératrice d’assemblage-montage des industries des cuirs et peaux|opérateur de fabrication chaussure|opérateur en fabrication de chaussures/opératrice en fabrication de chaussures|opératrice de fabrication chaussure|opératrice en fabrication de chaussures|opérateur en fabrication de chaussures
http://data.europa.eu/esco/occupation/1bb2aa65-1524-4961-8dba-ad25f34f195f,conducteur d'engins d'extinction d'incendie/conductrice d'engins d'extinction d'incendie,conducteur d'engin spécial d'incendie|conductrice d'engin spécial d'incendie|conducteur d'engins d'extinction d'incendie|conductrice d'engins d'extinction d'incendie
http://data.europa.eu/esco/occupation/1bb7c072-38c8-430a-b943-76bfa312a5f4,doublure,doublure cascadeuse|doublure cascadeur
http://data.europa.eu/esco/occupation/1b48fbd2-688f-4ba9-b430-86b2ae273724,conducteur d’installations de traitement de déchets liquides/conductrice d’installations de traitement de déchets liquides,conductrice d'installations de traitement de déchets liquides|conducteur d'installations de traitement de déchets liquides
http://data.europa.eu/esco/occupation/1bbaf82c-67ae-4beb-9a55-7298acf5b2af,enseignant-chercheur en soins infirmiers/enseignante-chercheuse en soins infirmiers,enseignant-chercheur en soins infirmiers et en pratiques avancées en soins infirmiers/enseignante-chercheuse en soins infirmiers et en pratiques avancées en soins infirmiers|enseignant-chercheur en soins infirmiers|enseignant-chercheur en soins infirmiers et en pratiques avancées en soins infirmiers|enseignante-chercheuse en soins infirmiers et en pratiques avancées en soins infirmiers|enseignante-chercheuse en soins infirmiers
http://data.europa.eu/esco/occupation/1b949bae-882f-40ff-9fe7-3c8ede5e38b5,illustrateur/illustratrice,illustrateur|illustratrice
http://data.europa.eu/esco/occupation/1b422c31-f242-46b5-bbdc-aa63885e4b5c,inspecteur HST des transports/inspectrice HST des transports,inspecteur HST des transports|inspectrice HST des transports
http://data.europa.eu/esco/occupation/1bcc6461-4cc2-4732-a6d0-901687046443,conducteur d’engin de déneigement/conductrice d’engin de déneigement,conducteur de chasse-neige/conductrice de chasse-neige|conductrice d’engin d’épandage ou de déneigement|conductrice de chasse-neige|conductrice d’engin de déneigement|conducteur d’engin de déneigement|conducteur de chasse-neige|conducteur d’engin d’épandage ou de déneigement|conducteur d’engin d’épandage ou de déneigement/conductrice d’engin d’épandage ou de déneigement
http://data.europa.eu/esco/occupation/1e9e18cb-80b6-4598-acdb-ae3b51047720,avitailleur/avitailleuse,avitailleuse avion|avitailleuse d’aéronefs|avitailleur aéroportuaire|avitailleur|avitailleuse|avitailleur avion|avitailleur avion/avitailleuse avion|avitailleur d’aéronefs/avitailleuse d’aéronefs|avitailleur aéroportuaire/avitailleuse aéroportuaire|avitailleuse aéroportuaire|avitailleur d’aéronefs
http://data.europa.eu/esco/occupation/1f1a45a8-8f5c-4b66-a8a1-e02490addc55,gardien de vestiaires/gardienne de vestiaires,gardien de vestiaires|gardienne de vestiaires
http://data.europa.eu/esco/occupation/1c5ec3d2-a241-4ba2-ba20-e4da565383a6,opérateur de tribofinition/opératrice de tribofinition,agente de traitement de surface par opérations mécaniques|agent de traitement de surface par opérations mécaniques/agente de traitement de surface par opérations mécaniques|opératrice de tribofinition|opérateur de tribofinition|opérateur de traitement d’abrasion de surface/opératrice de traitement d’abrasion de surface|opératrice de traitement d’abrasion de surface|agent de traitement de surface par opérations mécaniques|opérateur de traitement d’abrasion de surface
http://data.europa.eu/esco/occupation/1d196f32-05ca-4ea5-a347-4fccbb3da863,technicien électronique de maintenance marine/technicienne électronique de maintenance marine,technicienne électronique de maintenance marine|technicien électronique de maintenance marine
http://data.europa.eu/esco/occupation/1de948c1-192a-4810-afb7-48548217a912,pontier/pontière,pontonnier|conducteur de pont roulant/conductrice de pont roulant|opérateur de pont roulant/opératrice de pont roulant|opérateur de grue à flèche/opératrice de grue à flèche|opératrice de grue murale|opérateur de grue murale|opérateur de pont démouleur|opérateur de pont démouleur/opératrice de pont démouleur|pontonnier/pontonnière|conductrice de pont roulant|opérateur de grue murale/opératrice de grue murale|pontière|opératrice de pont roulant|opérateur de pont roulant|pontier|pontonnière|opérateur de grue à flèche|opératrice de pont démouleur|opératrice de grue à flèche|conducteur de pont roulant
http://data.europa.eu/esco/occupation/1f2b8092-1787-4ef4-9282-cf81ce4b4d76,conducteur de grue mobile/conductrice de grue mobile,conductrice d’auto-grue|conducteur d’auto-grue/conductrice d’auto-grue|conductrice de grue sur porteur|conducteur de grue mobile|conducteur de grue sur porteur|opératrice de grue mobile sur camion|conductrice de grue mobile|conducteur d’auto-grue|opérateur de grue mobile sur camion|conducteur de grue sur porteur/conductrice de grue sur porteur|opérateur de grue mobile sur camion/opératrice de grue mobile sur camion
http://data.europa.eu/esco/occupation/1d188cae-90e9-4950-9666-3e1a9500de50,coupeur main articles en cuir/coupeuse main articles en cuir,coupeuse main chaussures|coupeur main articles en cuir|coupeur main chaussures|coupeuse main articles en cuir
http://data.europa.eu/esco/occupation/1d4a4baf-4073-43bd-ac72-ff7d443273ff,disc-jockey,animateur disc-jockey|animatrice disc-jockey|animateur  disc-jockey/animatrice disc-jockey
http://data.europa.eu/esco/occupation/1de91afd-9da2-47ab-a7e7-19bf931709a4,officier des forces spéciales/officière des forces spéciales,officier des forces spéciales|officière des forces spéciales
http://data.europa.eu/esco/occupation/1eb56b85-af25-43d4-9e35-73d8ee78e228,animateur danse/animatrice danse,animatrice danse|animateur danse
http://data.europa.eu/esco/occupation/1e3c569b-e7ef-46b4-943a-2768a9969961,opérateur de brasserie/opératrice de brasserie,brasseuse|employé de brasserie|employée de brasserie|opérateur de brasserie|opératrice de brasserie|brasseur
http://data.europa.eu/esco/occupation/1c1e86f9-6347-42d6-aa6e-c95b138bf640,polyculteur éleveur/polycultrice éleveuse,polycultrice éleveuse|polyculteur éleveur
http://data.europa.eu/esco/occupation/1c862e14-80f8-4aa8-8f1c-fd2ca95b63ad,météorologiste,metéorologue
http://data.europa.eu/esco/occupation/1d70e660-1114-41c6-926a-053541460d88,technicien en réparation d’articles de sport/technicienne en réparation d’articles de sport,technicienne en réparation d'articles de sport|technicien en réparation d’articles de sport
http://data.europa.eu/esco/occupation/1cd93859-d796-4559-90c4-4b4597cd6e54,pompier industriel/pompière industrielle,pompière industrielle|pompier industriel
http://data.europa.eu/esco/occupation/1e55f5e3-2f02-434b-997b-9a9f3eb745e8,chef d’équipe d’électriciens monteurs de réseaux,contremaître de techniciens d'intervention en réseaux électriques|contremaîtresse de techniciens d’intervention en réseaux électriques|cheffe d'équipe de lignards|cheffe d’équipe d'électriciens monteurs de réseaux|chef d’équipe de lignards
http://data.europa.eu/esco/occupation/1f137f0b-7097-4583-9d1b-b69e57369319,assistant en éducation spécialisée/assistante en éducation spécialisée,assistant en éducation spécialisée|assistante en éducation spécialisée
http://data.europa.eu/esco/occupation/1da55a33-09b3-4ac7-818e-2a0fea68cecc,responsable de la valorisation des droits d’auteur,chargée de valorisation de la recherche|responsable des droits étrangers et dérivés|chargé de valorisation de la recherche
http://data.europa.eu/esco/occupation/1d6fbb43-f4c7-4839-8099-55eae5d424a5,assistant collecteur de fonds/assistante collectrice de fonds,assistante fundraiser|assistant collecteur de fonds|assistant fundraiser|assistante collectrice de fonds
http://data.europa.eu/esco/occupation/1d8f8111-79dd-41dc-aa2a-12f3192dde3c,designer automobile/designeuse automobile,designeuse automobile|designer automobile
http://data.europa.eu/esco/occupation/1ee1b792-4d5f-4555-be4e-ce7e4c05d1a9,soigneur d’animaux/soigneuse d’animaux,dresseuse|manipulateur animalier|dresseur|manipulatrice animalière|soigneuse d'animaux|soigneur d'animaux
http://data.europa.eu/esco/occupation/1e2aaeff-5bf1-4649-9f09-9ebbd5cc3501,dessinateur en électromécanique/dessinatrice en électromécanique,dessinateur en électromécanique|dessinatrice en électromécanique
http://data.europa.eu/esco/occupation/1c9937fe-5eaa-4f7e-ba31-77e6e7db022c,dessinateur en ingénierie aérospatiale/dessinatrice en ingénierie aérospatiale,dessinatrice en ingénierie aérospatiale|dessinateur en ingénierie aérospatiale
http://data.europa.eu/esco/occupation/1e331638-3f66-4641-9c49-56a94235f94c,analyste notation en assurances,chargé d'études actuarielles/chargée d'études actuarielles|chargée d'études actuarielles|chargé d'études actuarielles
http://data.europa.eu/esco/occupation/1c948509-4015-40b0-b380-105fc85782a5,conservateur de zoo/conservatrice de zoo,conservatrice animalière|conservateur animalier
http://data.europa.eu/esco/occupation/1d75ea5a-f902-4b47-8d63-5c6d2a5c0bb5,ergonome,
http://data.europa.eu/esco/occupation/1bdb7d70-1769-4338-aa90-d25a90fe8a6d,ingénieur géologue/ingénieure géologue,ingénieure géologue|ingénieur géologue
http://data.europa.eu/esco/occupation/1c36dd08-f6a7-43f2-a889-beebedb71c25,ingénieur équipement/ingénieure équipement,ingénieure maintenance des équipements|ingénieur équipement|ingénieur maintenance des équipements|ingénieur maintenance des équipements/ingénieure maintenance des équipements|ingénieure équipement
http://data.europa.eu/esco/occupation/1f305576-f57c-42c7-a139-728c72393cd4,négociateur en énergie/négociatrice en énergie,négociateur en énergie|négociatrice en énergie
http://data.europa.eu/esco/occupation/1dd7c3cb-2d58-4dad-ae15-c9081174ab7e,responsable e-commerce,directrice des ventes en ligne|directeur des ventes en ligne|responsable e-business
http://data.europa.eu/esco/occupation/1e3c3e4d-a888-426e-aaf0-022c8b5d743d,opérateur sur machine à découper au jet d’eau/ opératrice sur machine à découper au jet d’eau,opérateur sur machine à découper au jet d’eau|opératrice sur machine à découper au jet d’eau
http://data.europa.eu/esco/occupation/1ee8dfca-19b0-4e1a-88ed-68548f80951b,responsable import-export de fleurs et plantes,
http://data.europa.eu/esco/occupation/1c25fdb4-c6e2-4118-99a5-519e9657a2bd,contrôleur qualité d’équipements électriques/contrôleuse qualité d’équipements électriques,contrôleur qualité d’équipements électriques|contrôleuse qualité d’équipements électriques
http://data.europa.eu/esco/occupation/1d8545df-e3d8-4ece-9449-0f2940e97e7c,rectifieur/rectifieuse,rectifieur en usinage|opérateur sur machine à rectifier|rectifieur|rectifieuse en usinage|opératrice sur machine à rectifier|rectifieuse
http://data.europa.eu/esco/occupation/1ce76c3b-edee-41b4-88c2-5db9b70d8bf0,ouvrier tanneur/ouvrière tanneuse,opératrice en tannerie-mégisserie|ouvrière tanneuse|ouvrier mégissier/ouvrière mégissière|opérateur en tannerie-mégisserie|ouvrière mégissière|opérateur en tannerie-mégisserie/opératrice en tannerie-mégisserie|ouvrier tanneur|ouvrier mégissier
http://data.europa.eu/esco/occupation/1f8314c2-01bd-4af4-babc-04d7034591b8,technicien agricole/technicienne agricole,technicienne agricole|technicien aquacole|technicien agricole|technicien horticole|agent technique agricole|technicienne horticole|technicienne agronome|technicien viticole|agente technique agricole|technicien agronome|technicienne viticole|technicienne aquacole
http://data.europa.eu/esco/occupation/1f31c047-3d72-45fe-83ff-91bd826913c6,égoutier/égoutière,égoutière|égoutier
http://data.europa.eu/esco/occupation/1fc60ca6-c3ea-4aeb-bf3b-350c0c5e7f93,agent tractoriste en viticulture/agente tractoriste en viticulture,agente viticole tractoriste|agent tractoriste en viticulture|agent viticole tractoriste/agente viticole tractoriste|agente tractoriste en viticulture|agente tractoriste viticole|agent viticole tractoriste|agent tractoriste viticole/agente tractoriste viticole|agent tractoriste viticole
http://data.europa.eu/esco/occupation/1fb92021-9576-4c85-8759-f6918e9f0ad4,diplomate,plénipotentiaire|agente diplomatique|agent diplomatique
http://data.europa.eu/esco/occupation/1ff5cf0d-e81f-4287-ba00-096816b16777,pilote de port,pilote fluvial|pilote hauturier|pilote hauturière|pilote fluviale
http://data.europa.eu/esco/occupation/1f665529-96e9-46c1-99f4-9ffbf9ffa036,agent d’audit/agente d’audit,agent d’audit|agente d’audit
http://data.europa.eu/esco/occupation/1f97f6e6-0ac7-4e77-88ab-2e3801c5a223,ingénieur en génie climatique/ingénieure en génie climatique,ingénieur thermicien|ingénieur thermicien/ingénieure thermicienne|ingénieur frigoriste/ingénieure frigoriste|ingénieur frigoriste|ingénieure thermicienne|ingénieure frigoriste|ingénieur en génie climatique|ingénieure en génie climatique
http://data.europa.eu/esco/occupation/1f5932eb-b36d-44e1-a063-7aa9e228af51,assistant de service social - familles d’accueil/assistante de service social - familles d’accueil,assistante de service social - familles d'accueil|assistant de service social - familles d'accueil
http://data.europa.eu/esco/occupation/1f958638-066f-470c-9549-a9070ba280a6,ingénieur pièces détachées/ingénieure pièces détachées,ingénieure pièces détachées|ingénieur pièces détachées
http://data.europa.eu/esco/occupation/1f8967ce-9faa-4d56-a656-50e041f7d07e,responsable qualité cuirs et peaux,contrôleur qualité cuir|contrôleuse qualité cuir
http://data.europa.eu/esco/occupation/21de0f3b-a71a-4263-a9ba-90c5f3721b4d,planificateur financier/planificatrice financière,conseillère en investissements financiers|planificateur financier|conseiller en gestion de patrimoine/conseillère en gestion de patrimoine|conseiller en gestion de patrimoine|conseiller en investissements financiers/conseillère en investissements financiers|planificatrice financière|conseillère en gestion de patrimoine|conseiller en investissements financiers
http://data.europa.eu/esco/occupation/207d7b18-6540-432e-8aa6-785ed434572f,veilleur stratégique/veilleuse stratégique,expert en veille concurrentielle|veilleuse stratégique|expert en veille stratégique|expert en veille stratégique/experte en veille stratégique|experte en veille stratégique|veilleur stratégique|experte en veille concurrentielle|expert en veille concurrentielle/experte en veille concurrentielle
http://data.europa.eu/esco/occupation/23043d05-42c4-4811-b478-f8a17d22480b,mouleur/mouleuse,mouleuse|opérateur sur mouleuse|mouleur|opératrice sur mouleuse
http://data.europa.eu/esco/occupation/2229a024-21e4-43ef-b3fd-2444ab41bfb8,conducteur de machines de teinture en industrie textile/conductrice de machines de teinture en industrie textile,conductrice d’autoclave de teinture en industrie textile|conducteur d’appareils de teinture textile|conducteur d’autoclave de teinture en industrie textile|conducteur d’appareils de teinture textile/conductrice d’appareils de teinture textile|conducteur d’autoclave de teinture en industrie textile/conductrice d’autoclave de teinture en industrie textile|conductrice de machines de teinture en industrie textile|conducteur de machines de teinture en industrie textile|conductrice d’appareils de teinture textile
http://data.europa.eu/esco/occupation/203ea2ee-bbee-4aaf-83d7-2f2225f916e3,archéologue,
http://data.europa.eu/esco/occupation/20b9f370-6b56-4679-8c06-c23b866a5bd0,responsable des relations de travail,directrice des relations sociales|directeur des relations sociales/directrice des relations sociales|responsable des relations du travail|directeur des relations sociales
http://data.europa.eu/esco/occupation/21af40bb-2ae3-4fc7-9b28-d2cdd8308912,assistant de promotion des ventes/assistante de promotion des ventes,assistante de promotion des ventes|assistant de promotion des ventes
http://data.europa.eu/esco/occupation/219e7fdd-5889-4517-9e86-620a12d535aa,opérateur de préparation technique des trains/opératrice de préparation technique des trains,opératrice de préparation technique des trains|agente d’escale ferroviaire|opérateur de préparation technique des trains|agent d’escale ferroviaire/agente d’escale ferroviaire|agent d’escale ferroviaire
http://data.europa.eu/esco/occupation/21a42cfb-68c7-4f84-bdd7-81de07a6fff3,technicien pétrolier/technicienne pétrolière,opératrice en raffinerie|opérateur en raffinerie|opérateur en raffinerie/opératrice en raffinerie|technicien pétrolier|technicienne pétrolière
http://data.europa.eu/esco/occupation/2082e125-d06b-43e6-957f-b7aa3c48dc2f,conducteur de machines de coupe automatique en industrie des matériaux souples/conductrice de machines de coupe automatique en industrie des matériaux souples,coupeur CAO/coupeuse CAO|coupeuse CAO|conducteur de machines de coupe automatique en industrie des matériaux souples|coupeur CAO|conductrice de machines de coupe automatique en industrie des matériaux souples
http://data.europa.eu/esco/occupation/207d5c25-46fe-401c-b32f-551684e9a8ea,ouvrier de collecte de ressources aquatiques/ouvrière de collecte de ressources aquatiques,ouvrière de collecte de ressources aquatiques|ouvrier de collecte de ressources aquatiques
http://data.europa.eu/esco/occupation/20e39113-05f5-4184-94e2-f5e8e8c8d2ea,administrateur sportif/administratrice sportive,administrateur sportif|administratrice sportive
http://data.europa.eu/esco/occupation/21ae429f-a152-46a6-a73c-9ec65c7803f0,promoteur/promotrice,organisateur de réceptions|producteur de spectacles|administratrice de tournées spectacle|organisateur de manifestations|organisateur de soirées|organisatrice de réceptions|organisatrice de soirées|administrateur de tournées spectacle|productrice de spectacles|organisatrice de manifestations
http://data.europa.eu/esco/occupation/2339733d-5a37-4031-b587-db28848e4958,spécialiste des ventes sur saisie immobilière,
http://data.europa.eu/esco/occupation/22987b58-dbfa-4ecd-ae3f-82dd209255f6,consultant en technologie de l’information et de la communication verte/consultante en technologie de l’information et de la communication verte,conseillère technologies de l'information et de la communication vertes|conseiller sur les TIC vertes|conseillère sur les TIC vertes|consultante sur la TIC verte|consultant sur la TIC verte|conseiller technologies de l'information et de la communication vertes|conseillère en TIC vertes|conseiller en TIC vertes|consultante en technologie de l'information et de la communication verte|consultant en technologie de l'information et de la communication verte
http://data.europa.eu/esco/occupation/2231ed97-69dc-4b6e-93ee-8c0e5bb5dbb8,opérateur de fabrication de mobilier métallique/opératrice de fabrication de mobilier métallique,monteur-assembleur de meubles en métalmonteuse-assembleuse de meubles en métal|opérateur de fabrication de mobilier métallique|monteur-assembleur de meubles en métal|opératrice de fabrication de mobilier métallique|monteuse-assembleuse de meubles en métal
http://data.europa.eu/esco/occupation/217e7ae2-605d-4225-afd2-6319c2408116,pilote de salle de contrôle de raffineries de pétrole,
http://data.europa.eu/esco/occupation/204c8b13-f5de-4e39-bd23-86ff8cf89b4d,pêcheur en plongée/pêcheuse en plongée,chasseur sous-marin|pêcheuse en plongée|pêcheur en plongée|pêcheuse sous-marine|chasseuse sous-marine|pêcheur sous-marin
http://data.europa.eu/esco/occupation/234be692-befb-41df-bdf0-e1b2f4eaf5e7,animateur d’accueil de loisirs en centre de loisirs/animatrice d’accueil de loisirs en centre de loisirs,animatrice d'accueil de loisirs en centre de loisirs|animateur d'accueil de loisirs en centre de loisirs|moniteur d'accueil de loisirs|monitrice d'accueil de loisirs
http://data.europa.eu/esco/occupation/211716b7-2857-40c8-a078-da983c78c70a,vitrier automobile/vitrière automobile,vitrier automobile|vitrière automobile
http://data.europa.eu/esco/occupation/1ff61522-8947-4c95-b589-cb0e0539a62b,ingénieur procédés énergie/ingénieure procédés énergie,ingénieure d’études en systèmes énergétiques|ingénieur procédés énergie|ingénieure procédés énergie|ingénieur d’études en systèmes énergétiques/ingénieure d’études en systèmes énergétiques|ingénieur d’études en systèmes énergétiques
http://data.europa.eu/esco/occupation/2049d7ef-9ebe-41ae-b8b5-e97b77ee58a2,agent au relogement/agente au relogement,agent au relogement|agente au relogement|spécialiste en relogement
http://data.europa.eu/esco/occupation/2171a849-4065-411c-8390-835b7782ed8b,exploitant de chambres d’hôtes/exploitante de chambres d’hôtes,exploitante de chambres d'hôtes|exploitant de chambres d'hôtes
http://data.europa.eu/esco/occupation/21cba86a-68c5-456c-aec2-cc04840b3c0e,technicien hygiéniste/technicienne hygiéniste,agent de désinsectisation|technicien applicateur traitement des charpentes|dératiseuse|dératiseur|technicienne hygiéniste|applicatrice désinfectrice|agente de destruction d'insectes|technicien hygiéniste|agent de destruction d'insectes|agente de désinsectisation|technicienne applicatrice traitement des charpentes|applicateur désinfecteur
http://data.europa.eu/esco/occupation/21f4eb29-f6e5-4623-acb9-f3ff9c2f525d,coach prise de parole en public,formateur en communication orale-prise de parole en public/formatrice en communication orale-prise de parole en public|coach en prise de parole en public|consultante en communication orale|consultant en communication orale/consultante en communication orale|coach de prise de parole en public|formatrice en communication orale|formateur en communication orale/formatrice en communication orale|consultant en communication orale|coach en communication orale|formateur en communication orale|formatrice en communication orale-prise de parole en public|formateur en communication orale-prise de parole en public
http://data.europa.eu/esco/occupation/22f86890-f68b-402f-a711-3e6df4913271,dactylographe,opérateur de traitement de textes|opératrice de traitement de textes|sténotypiste|opérateur de traitement de textes/opératrice de traitement de textes
http://data.europa.eu/esco/occupation/219d1c30-3849-4de3-b0d6-07da187b6521,évaluateur de coût de fabrication,
http://data.europa.eu/esco/occupation/20db07fc-cc02-46aa-a4fc-b3c73ba8fa8f,superviseur de finisseurs de béton/superviseuse de finisseurs de béton,contremaître de finisseurs de béton|superviseuse de finisseurs de béton|superviseur de finisseurs de béton|contremaîtresse de finisseurs de béton
http://data.europa.eu/esco/occupation/2026adb2-62d7-4b92-9ccb-105abdebe37d,ingénieur en électromagnétisme/ingénieure en électromagnétisme,ingénieur d’études électromagnétisme|ingénieure en électromagnétisme|ingénieur d’études électromagnétisme/ingénieure d’études électromagnétisme|ingénieure électromagnétisme|ingénieur électromagnétisme/ingénieure électromagnétisme|ingénieur électromagnétisme|ingénieur en électromagnétisme|ingénieure d’études électromagnétisme
http://data.europa.eu/esco/occupation/2104ee38-2fd1-4647-8f60-d2200f069805,chef de culture viticole,cheffe de culture viticole
http://data.europa.eu/esco/occupation/22799921-76a1-44c4-a7c3-c6a548e8ad85,artiste de cirque,
http://data.europa.eu/esco/occupation/235ce16a-1ef7-4535-a82e-e371213c392b,conducteur/conductrice d’installation de séparation de l’air,conductrice d'installation de séparation de l'air|conducteur d'installation de séparation de l'air
http://data.europa.eu/esco/occupation/2296fa07-98ae-4875-b18d-96ed86134ffb,contrôleur qualité d’équipements électroniques/contrôleuse qualité d’équipements électroniques,contrôleur qualité d’équipements électroniques|contrôleuse qualité d’équipements électroniques
http://data.europa.eu/esco/occupation/21fe7141-68fa-4db7-9ee2-53097cef541a,manœuvre en construction de voies navigables,
http://data.europa.eu/esco/occupation/218e30f0-bd6c-4120-99ba-9a90665a314f,trancheur-dérouleur de bois de placage/trancheuse dérouleuse de bois de placage,dérouleuse en production de panneaux de bois|conductrice dérouleuse sur bois|trancheur/trancheuse|dérouleur en production de panneaux de bois/dérouleuse en production de panneaux de bois|trancheuse|trancheur-dérouleur de bois de placage|conducteur dérouleur sur bois|dérouleur en production de panneaux de bois|conducteur dérouleur sur bois/conductrice dérouleuse sur bois|trancheuse dérouleuse de bois de placage|trancheur
http://data.europa.eu/esco/occupation/21a33619-1959-42e6-8478-64a930f7f225,coloriste en tannerie-mégisserie,agente de finissage couleurs et effets cuirs et peaux|agent de finissage couleurs et effets cuirs et peaux/agente de finissage couleurs et effets cuirs et peaux|agent de finissage couleurs et effets cuirs et peaux
http://data.europa.eu/esco/occupation/202e1870-77d7-4efa-bf2c-7a032af30b7e,superviseur assemblage naval/superviseuse assemblage naval,superviseuse assemblage naval|superviseur assemblage naval
http://data.europa.eu/esco/occupation/24119471-6ca1-465b-8f48-b2aec5c60869,mécanicien sur engins rotatifs/mécanicienne sur engins rotatifs,mécanicien sur engins rotatifs|mécanicienne sur engins rotatifs
http://data.europa.eu/esco/occupation/23e692a9-a242-4d4f-988f-ed562f757864,interprète,
http://data.europa.eu/esco/occupation/23a61ff1-c954-4867-b982-a018b535f98b,conseiller espace info-énergie/conseillère espace info-énergie,conseillère info-énergie|conseillère espace info-énergie|conseiller espace info-énergie|conseiller en maîtrise de l’énergie/conseillère en maîtrise de l’énergie|conseiller info-énergie/conseillère info-énergie|conseiller en énergie|conseiller en maîtrise de l’énergie|conseillère en énergie|conseiller en énergie/conseillère en énergie|conseiller info-énergie|conseillère en maîtrise de l’énergie
http://data.europa.eu/esco/occupation/23be4cb6-c5e7-449e-8d76-8edfe9a00478,agent de nettoyage de meubles/agente de nettoyage de meubles,agente de nettoyage de meubles|agent de nettoyage de meubles
http://data.europa.eu/esco/occupation/239707a0-4754-4f4b-80b6-6b1ef5657aed,ingénieur son mastering/ingénieure son mastering,ingénieure son mastering|ingénieur son mastering
http://data.europa.eu/esco/occupation/23e3a8a0-905a-45be-983f-4cf32e133e09,photocompositeur/photocompositrice,photocompositeur|photocompositrice
http://data.europa.eu/esco/occupation/23eddde2-5e8b-4953-b275-cdc864e6d976,graisseur/graisseuse,graisseuse|graisseur
http://data.europa.eu/esco/occupation/237e21f1-a7fa-4273-91eb-28e7b5d72f60,préparateur de laques/préparatrice de laques,préparateur de laques|préparatrice de laques
http://data.europa.eu/esco/occupation/23a9e478-d465-4b61-b6d9-97b7e90af17a,responsable de la logistique distribution fleurs et plantes,
http://data.europa.eu/esco/occupation/23993e79-a0a0-4155-9f62-68e14ee65dab,chef de quart en industrie minière,cheffe de quart en industrie minière|chef de mine|cheffe de mine
http://data.europa.eu/esco/occupation/246dda29-70f6-408b-b205-aa17b2ffb168,assesseur,observateur électoral/observatrice électorale|assesseure|observateur électoral|observatrice électorale
http://data.europa.eu/esco/occupation/25f45b01-550c-4d17-b69e-7c5ba57c4218,lamineur de produits en fibre de verre/lamineuse de produits en fibre de verre,lamineur de fibres de verre/lamineuse de fibres de verre|lamineur de produits en fibre de verre|lamineur de fibres de verre|lamineuse de produits en fibre de verre|lamineuse de fibres de verre
http://data.europa.eu/esco/occupation/264b00c9-84d0-4dc9-b590-aed2cea2b904,chef d’atelier de maintenance automobile,
http://data.europa.eu/esco/occupation/25206eaa-04da-4fd6-bac7-173d7eb142dc,opérateur de coulée en métallurgie/opératrice de coulée en métallurgie,ouvrière de coulée en métallurgie|opératrice de coulée en métallurgie|pilote de machine de coulée|opérateur de coulée en métallurgie|ouvrier de coulée en métallurgie|ouvrier de coulée en métallurgie/ouvrière de coulée en métallurgie
http://data.europa.eu/esco/occupation/2480f8b0-4c02-4c66-84ad-2677c1548e03,conducteur de benne à ordures/conductrice de benne à ordures,conducteur de benne à ordures|conducteur enlèvement de déchets/conductrice enlèvement de déchets|conductrice enlèvement de déchets|conducteur enlèvement de déchets|conductrice de benne à ordures
http://data.europa.eu/esco/occupation/26171f39-e85a-448f-bd28-a73a5a99927f,acteur/actrice,comédien/comédienne|comédienne|comédien|acteur|actrice
http://data.europa.eu/esco/occupation/2412bbb1-29ca-4e17-a2b8-70694f0cb14f,conseiller en information scolaire/conseillère en information scolaire,conseillère en information scolaire|conseiller d’orientation-psychologue|conseiller en information scolaire|conseiller d’orientation-psychologue/conseillère d’orientation psychologue|conseillère d’orientation-psychologue
http://data.europa.eu/esco/occupation/24d378d8-1e16-4667-bdb4-1f4a0f2c6379,mécanicien diéséliste/mécanicienne diéséliste,mécanicienne diéséliste|diéséliste|mécanicienne diéséliste marine|mécanicien diéséliste|mécanicien diéséliste marine
http://data.europa.eu/esco/occupation/269c47e7-9017-4aa6-bce8-49e89a696a64,mécanicien sur machines industrielles/mécanicienne sur machines industrielles,mécanicienne sur machines industrielles|mécanicien industriel|mécanicienne industrielle|mécanicien sur machines industrielles
http://data.europa.eu/esco/occupation/250d6493-68ab-4d69-ba67-c10293a20f49,technicien en génie photonique/technicienne en génie photonique,technicienne en génie photonique|technicien en génie photonique
http://data.europa.eu/esco/occupation/26087cc4-6226-41b0-9f97-9564ebe90dce,responsable de vestiaire,vestiaire|vestiairiste
http://data.europa.eu/esco/occupation/2555a1bc-9f30-4371-9499-64793e48cd55,technicien d'essais de circuits imprimés/technicienne d'essais de circuits imprimés,technicien d'essais de circuits imprimés|technicienne d'essais de circuits imprimés
http://data.europa.eu/esco/occupation/260b01cc-7dd6-4584-8863-cae5426819c6,planificateur de navire/planificatrice de navire,planificatrice de navire|ship planner|planificateur de navire
http://data.europa.eu/esco/occupation/24d39e12-e104-49d3-8224-8b7a5f9b99d1,directeur de bibliothèque/directrice de bibliothèque,directrice de bibliothèque|directeur de bibliothèque
http://data.europa.eu/esco/occupation/264e1a4a-5074-47e2-a6d9-d225d48e8a9a,bookmaker,
http://data.europa.eu/esco/occupation/258e46f9-0075-4a2e-adae-1ff0477e0f30,scientifique des données,scientifiques des données|expert en analyse des données|data scientist|experte en analyse des données|analyste scientifique des données
http://data.europa.eu/esco/occupation/2561879a-dd0a-454e-ae6e-9be6c488eb56,géomètre du cadastre,technicien géomètre du cadastre|géomètre-cadastreuse|technicien géomètre du cadastre/technicienne géomètre du cadastre|technicienne géomètre du cadastre|géomètre-cadastreur|géomètre-cadastreur/géomètre-cadastreuse
http://data.europa.eu/esco/occupation/246e7d87-756e-4db2-97e8-11ef63b864f0,installateur d’escalier/installatrice d’escalier,poseuse d'escalier|charpentière escaliéteuse|menuisière escaliéteuse|installateur d’escalier|poseur d’escalier|menuisière poseuse d’escalier|menuisier poseur d’escalier|installatrice d’escalier|charpentier escaliéteur|menuisier escaliéteur
http://data.europa.eu/esco/occupation/24f1eb3a-e99c-4c38-9bda-ba2ba6bf9fa4,infirmier vétérinaire/infirmière vétérinaire,assistant vétérinaire|assistante vétérinaire|infirmière animalière|infirmier animalier|infirmière pour animaux|infirmière vétérinaire|auxiliaire vétérinaire|infirmier pour animaux|infirmier vétérinaire
http://data.europa.eu/esco/occupation/262f21a3-ae78-46f4-a5f9-5a1f502caa90,officier de marine,officière de marine|officier de marine
http://data.europa.eu/esco/occupation/24413f38-e457-4de1-bba0-5a02b7282e2c,matelot à la pêche hauturière,marin-pêcheur hauturier/marin-pêcheuse hauturière|matelote à la pêche hauturière|marin-pêcheuse hauturière|marin-pêcheur hauturier
http://data.europa.eu/esco/occupation/24e9f120-eae8-411a-8daf-c48e8ae2f5f6,monteur d’articles en cuir/monteuse d’articles en cuir,monteur d’articles en cuir|monteuse d’articles en cuir
http://data.europa.eu/esco/occupation/26852256-d423-41bb-8178-4d37ff2528b9,fabricant de pâtes/fabricante de pâtes,fabricant de pâtes|préparateur de pâtes|préparatrice de pâtes|fabricante de pâtes|producteur de pâtes|productrice de pâtes
http://data.europa.eu/esco/occupation/24a170fc-be68-43a5-93f1-7a5c31c6062b,assembleur-monteur d’instruments médicaux/assembleuse-monteuse d’instruments médicaux,monteuse d’appareils médicaux|assembleuse de dispositifs médicaux|assembleuse-monteuse d’instruments médicaux|assembleur de dispositifs médicaux|monteur d’appareils médicaux/monteuse d’appareils médicaux|assembleur de dispositifs médicaux/assembleuse de dispositifs médicaux|assembleur-monteur d’instruments médicaux|monteur d’appareils médicaux
http://data.europa.eu/esco/occupation/2430774f-d92a-40e4-817d-d03dd5a33207,confectionneur de pneumatiques/confectionneuse de pneumatiques,confectionneuse de pneumatiques|confectionneur de pneumatiques
http://data.europa.eu/esco/occupation/268565be-d94f-4983-a33f-2b7dabc61f24,marchand de confiseries/marchande de confiseries,confiseuse|marchande de confiseries|marchand de bonbons|chocolatie-confiseur|confiseur|marchande de bonbons|marchand de confiseries|chocolatière-confiseuse
http://data.europa.eu/esco/occupation/259d9967-2189-4b98-be32-9d3169b02e1b,moniteur moto/monitrice moto,moniteur motocycle|moniteur moto|monitrice moto|monitrice motocycle
http://data.europa.eu/esco/occupation/25829508-63f3-41c3-affc-ddbb5c077930,physiologiste,physiologue
http://data.europa.eu/esco/occupation/26105840-8abb-4f91-a888-1211cb798b0b,guide de parc,
http://data.europa.eu/esco/occupation/2662ed6c-a705-4895-8e9d-0a85c08ad908,dresseur de chiens/dresseuse de chiens,dresseuse de chiens|maître-chien|éducateur canine|maitre-chien|agent cynophile|maîtresse-chien|maitresse-chien|agente cynophile|dresseur de chiens|éducateur canin
http://data.europa.eu/esco/occupation/243f3b7e-cd7a-419a-94c0-d4f2040f09af,"responsable de la logistique distribution d'ordinateurs, équipements informatiques périphériques et logiciels",
http://data.europa.eu/esco/occupation/24af7ff6-bd84-43a6-8cba-e60776f956f5,responsable de la logistique distribution de produits pharmaceutiques,
http://data.europa.eu/esco/occupation/24161923-e3e6-4096-b377-f1ee8a7ea31b,ingénieur des satellites/ingénieure des satellites,ingénieur contrôle de satellites|ingénieur intégration satellite/ingénieure intégration satellite|ingénieure des satellites|ingénieure intégration satellite|ingénieur contrôle de satellites/ingénieure contrôle de satellites|ingénieure contrôle de satellites|ingénieur des satellites|ingénieur intégration satellite
http://data.europa.eu/esco/occupation/24677ef2-512c-4f4a-bc1c-14bf374e9f22,ingénieur machines tournantes/ingénieure machines tournantes,ingénieure machines tournantes|ingénieur machines tournantes
http://data.europa.eu/esco/occupation/244a79eb-122b-4bee-8065-b4c39efce4ff,banquier d'affaires/banquière d'affaires,banquier d'affaires|banquière d'affaires
http://data.europa.eu/esco/occupation/26a86453-4236-49a3-ae3a-313c1cacb5ff,accastilleur/accastilleuse,gréeur|accastilleuse|accastilleur|gréeuse
http://data.europa.eu/esco/occupation/2515bd46-ccd4-4561-97d1-b9544608a76e,dessinateur en électricité/dessinatrice en électricité,dessinatrice-projeteuse en électricité|dessinateur en électricité|dessinateur-projeteur en électricité|dessinatrice-projeteuse de bureau d'études de construction électrique|dessinatrice en électricité|dessinateur-projeteur de bureau d'études de construction électrique
http://data.europa.eu/esco/occupation/262d4e45-0cf7-4399-be6f-3d5e96826ef2,responsable travail de rivière,préparateur de peaux|préparatrice de peaux
http://data.europa.eu/esco/occupation/245be6d1-fe9a-4ac8-9f81-122a687e4724,manœuvre industriel/manœuvre industrielle,manœuvre industriel|manœuvre industrielle
http://data.europa.eu/esco/occupation/276a4ff1-a67c-4677-9f20-dc85f1060e1b,analyste middle-office,
http://data.europa.eu/esco/occupation/270528cf-2bf9-463d-aeaa-d169b1f767c1,batelier-pêcheur/batelière-pêcheuse,batelière-pêcheuse|batelier-pêcheur
http://data.europa.eu/esco/occupation/279c0ab1-212b-4e89-a41f-048f5de9dadf,coordinateur logistique ferroviaire/coordinatrice logistique ferroviaire,coordinateur logistique ferroviaire|coordinatrice logistique ferroviaire
http://data.europa.eu/esco/occupation/27811419-407f-4868-a388-2f7df7aafd91,technicien électronicien/technicienne électronicienne,technicienne en électronique|technicien en électronique|technicien électronicien|technicienne électronicienne
http://data.europa.eu/esco/occupation/26ca1895-2047-4c76-a678-831c85824f61,vérificateur de faits/vérificatrice de faits,vérificateur de faits|vérificatrice de faits|fact checker
http://data.europa.eu/esco/occupation/27c5097e-a2a3-4b2e-82a6-3b874ebfb092,administrateur des affaires maritimes/administratrice des affaires maritimes,administratrice des affaires maritimes|administrateur des affaires maritimes|contrôleur des affaires maritimes|contrôleuse des affaires maritimes
http://data.europa.eu/esco/occupation/26ce22fe-4018-4387-8e6b-c2555f5fc0ac,rédacteur en chef/rédactrice en chef,directeur de la rédaction|directeur de la rédaction/directrice de la rédaction|rédacteur en chef|directrice de la rédaction|rédactrice en chef
http://data.europa.eu/esco/occupation/26e1add0-da3f-4ed6-aa91-791cb550146f,technicien en ingénierie des microsystèmes/technicienne en ingénierie des microsystèmes,technicien en ingénierie des microsystèmes|technicienne en ingénierie des microsystèmes
http://data.europa.eu/esco/occupation/276ba420-ef09-4a0e-b215-2c2e2f80ad28,responsable de la sécurité des TIC,responsable de la sécurité de la technologie de l'information et de la communication|responsable de la sécurité TIC|responsable de la sécurité des technologies de l'information et de la communication|responsable de la sécurité informatique|responsable de la sécurité
http://data.europa.eu/esco/occupation/2a7d4b37-e831-4e20-827c-0682fe7e370e,opérateur d’installations de pompage et de pipelines/opératrice d’installations de pompage et de pipelines,surveillant de l’exploitation de pipelines|surveillant de l’exploitation de pipelines/surveillante de l’exploitation de pipelines|surveillante de l’exploitation de pipelines|opératrice d’installations de pompage et de pipelines|opérateur d’installations de pompage et de pipelines
http://data.europa.eu/esco/occupation/2aa7fbbb-f06e-4454-8ff8-2d799e86ba51,technicien de machines textiles/technicienne de machines textiles,technicien de machines textiles|technicienne de machines textiles
http://data.europa.eu/esco/occupation/2a2da883-8af5-4b98-832e-00e6681b22c3,opérateur congélation en industrie agroalimentaire/opératrice congélation en industrie agroalimentaire,opérateur de production en industrie alimentaire/opératrice de production en industrie alimentaire|opérateur congélation en industrie agroalimentaire|opérateur de fabrication de produits alimentaires|opérateur de production en industrie alimentaire|opératrice congélation en industrie agroalimentaire|opératrice de production en industrie alimentaire|opératrice de fabrication de produits alimentaires|opérateur sur machines et appareils de fabrication des industries agroalimentaires|opératrice sur machines et appareils de fabrication des industries agroalimentaires|opérateur sur machines et appareils de fabrication des industries agroalimentaires/opératrice sur machines et appareils de fabrication des industries agroalimentaires
http://data.europa.eu/esco/occupation/2b136e51-154b-4cb2-8130-f73228f14b11,conducteur de machines de fabrication de produits textiles/ conductrice de machines de fabrication de produits textiles,surveillant d’installations de production de tissus et étoffes/surveillante d’installations de production de tissus et étoffes|conducteur de machines de fabrication de produits textiles|surveillant d’installations de production de tissus et étoffes|conductrice de machines de fabrication de produits textiles|surveillante d’installations de production de tissus et étoffes
http://data.europa.eu/esco/occupation/27f92adf-1384-4c01-8ad0-1680ead6abf9,conducteur de coupeuses en industrie papetière/conductrice de coupeuses en industrie papetière,condutrice de coupeuses en industrie papetière|conducteur de coupeuses en industrie papetière
http://data.europa.eu/esco/occupation/28dbd459-d634-484a-92d7-e6f8dc1ec532,technicien en tressage textile/technicienne en tressage textile,technicien en tressage textile|technicienne en tressage textile
http://data.europa.eu/esco/occupation/2a1190f0-14d5-4ce4-ade0-ef726a1887a0,berger/bergère,gardienne de moutons|gardien de moutons|bergère|employée de bergerie|pasteur|berger|pasteure|employé de bergerie
http://data.europa.eu/esco/occupation/2ada3e89-9159-49e7-88f7-4dd435fd95ac,réparateur d’instruments d’optique/réparatrice d’instruments d’optique,ajusteuse-régleuse d’instruments d’optique|ajusteur-régleur d’instruments d’optique|réparateur d’instruments d’optique|réparatrice d’instruments d’optique
http://data.europa.eu/esco/occupation/2b31f745-f04f-4d2c-9692-4715e1448f80,inspecteur du travail et de l’emploi/inspectrice du travail et de l’emploi,inspectrice sociale|contrôleur du travail et de l'emploi|contrôleuse du travail et de l'emploi|inspecteur social|inspecteur du travail|inspectrice du travail|inspecteur du travail et de l'emploi|inspectrice du travail des transports|inspectrice du travail et de l'emploi|inspecteur du travail des transports
http://data.europa.eu/esco/occupation/28742973-c452-4996-b070-440e437306dc,analyste de la qualité de l’eau,technicien de mesure de la qualité de l’eau/technicienne de mesure de la qualité de l’eau|technicienne de la qualité de l’eau|technicien de la qualité de l’eau|technicien de mesure de la qualité de l’eau|technicienne de mesure de la qualité de l’eau
http://data.europa.eu/esco/occupation/28d82e8d-7379-4245-a5a0-c5a68864a528,opérateur de centrifugeuse/opératrice de centrifugeuse,opératrice de centrifugeuse|spécialiste en centrifugeuse|technicienne de centrifugeuse|technicien de centrifugeuse|opérateur de centrifugeuse
http://data.europa.eu/esco/occupation/295dbed9-0330-42af-8650-f9296c6eb195,pilote d'essai automobile,
http://data.europa.eu/esco/occupation/2a8d6b4c-661d-4620-8f68-2c99e78f512e,modeleur mouliste/modeleuse mouliste,modeleur mouliste|modeleuse mouliste
http://data.europa.eu/esco/occupation/2a22ff9e-de3b-408d-b312-5034896cc4f4,charpentier/charpentière,menuisier|charpentier|menuisière|charpentière
http://data.europa.eu/esco/occupation/2af80b12-a73a-4cc2-8af1-d26a1e60738d,courtier/courtière,courtier|courtières en matières premières|courtier en matières premières|courtier en immobilier|courtière|courtière en immobilier
http://data.europa.eu/esco/occupation/2a04a1df-a3b9-403e-a245-e7f93fdddd44,assistant de direction/assistante de direction,assistante de direction trilingue|assistant de direction|secrétaire de direction trilingue|assistant de direction trilingue|assistante de direction|secrétaire de direction bilingue|secrétaire de direction|assistant de manager|assistante de manager|assistante de direction bilingue|assistant de direction bilingue
http://data.europa.eu/esco/occupation/291da1ab-1f90-426d-bbc5-60d0fa7d608b,conseiller voyage/conseillère voyage,conseiller voyage|conseillère des voyages|agent de voyages|conseillère voyage|agente de voyages|conseiller des voyages|consultante en voyages|consultant en voyages
http://data.europa.eu/esco/occupation/2aae7736-f58b-4027-8de4-6884281c3b0b,artificier en bâtiment/artificière en bâtiment,préposée aux tirs de mines|boutefeu|artificière de carrière|préposé aux tirs de mines|artificier de carrière|artificière en bâtiment|tireuse de mines|tireur de mines|artificier en bâtiment
http://data.europa.eu/esco/occupation/2b292d4d-1905-45ec-a7c0-1ca7b45a4162,éleveur de chiens/éleveuse de chiens,éleveuse canine|éleveur canin|éleveuse de chiens|éleveur canin/éleveuse canine|éleveur de chiens
http://data.europa.eu/esco/occupation/28b25dbf-1eab-45e8-9d02-7a5eea9bb139,fabricant d’articles textiles confectionnés/fabricante d’articles textiles confectionnés,fabricante d’articles textiles confectionnés|fabricante d'articles textiles façonnés|fabricant d'articles textiles façonnés|fabricant d’articles textiles confectionnés
http://data.europa.eu/esco/occupation/29900d8d-4463-4a6e-b6aa-e97418700245,patronnier CAO d’articles en cuir/patronnière CAO d’articles en cuir,patronnière CAO en maroquinerie|patronnier CAO en maroquinerie|patronnière CAO d’articles en cuir|patronnier CAO d’articles en cuir
http://data.europa.eu/esco/occupation/2ae275fe-4f11-4a38-9e95-d466d74b42a3,commissaire de police,commissaire divisionnaire de police|lieutenant de police|commandante de police|commissaire principal de police|commissaire principale de police|commandant de police
http://data.europa.eu/esco/occupation/289c7385-2342-4a4e-b0b1-7b2e977aea79,physiothérapeute vétérinaire,acupuncteur vétérinaire|ostéopathe vétérinaire|acupunctrice vétérinaire
http://data.europa.eu/esco/occupation/29fa406d-de89-4515-be8d-0fe7bda993f1,acheteur/acheteuse,acheteur de commerce|acheteuse|acheteur|acheteuse approvisionneuse|acheteuse de commerce|acheteur approvisionneur
http://data.europa.eu/esco/occupation/29df0797-c66d-4e54-a5e1-45b18cecf052,entraîneur de patinage sur glace/entraîneuse de patinage sur glace,entraîneur de patinage sur glace|entraîneuse de patinage sur glace|éducatrice sportive - patinage sur glace|éducateur sportif - patinage sur glace
http://data.europa.eu/esco/occupation/2a6784d7-c457-413d-ba99-e320de11fc98,habilleur/habilleuse,habilleuse|habilleur|couturière spectacle|première d'habillement (spectacles)|couturier spectacle|premier d'habillement (spectacles)
http://data.europa.eu/esco/occupation/2b318e09-1a5d-4d7f-85a7-fe78945fe917,superviseur d’ouvriers de construction d’égoûts/superviseuse d’ouvriers de construction d’égoûts,chef d’équipe de constructeurs de canalisations d’hygiène publique sur la voie urbaine|cheffe d’équipe de constructeurs de canalisations d’hygiène publique sur la voie urbaine|superviseuse d’ouvriers de construction d’égoûts|superviseur d’ouvriers de construction d’égoûts
http://data.europa.eu/esco/occupation/27e16eef-c7a6-4577-bc3f-727d01ec1958,professeur d’histoire/professeure d’histoire,professeur d’histoire géographie/professeure d’histoire géographie|professeure d’histoire|professeur d’histoire géographie|professeur d’histoire|professeure d’histoire géographie
http://data.europa.eu/esco/occupation/2800e788-57b4-49f7-9c00-6c35e12cfb8e,marionnettiste,
http://data.europa.eu/esco/occupation/2808c7ec-cdb1-4b48-8429-e160a418ed0c,chargé de mission développement régional/ chargée de mission développement régional,chargée de mission développement régional|chargé de mission développement régional
http://data.europa.eu/esco/occupation/2ad52381-6adb-4262-b17c-ea7fcb3b6696,"responsable de la logistique distribution de poissons, crustacés et mollusques",
http://data.europa.eu/esco/occupation/2a914d26-42aa-46b5-acf3-097d51ba4617,ingénieur travaux/ingénieure travaux,ingénieur du BTP/ingénieure du BTP|ingénieur du BTP|ingénieure du BTP|ingénieure travaux|ingénieur travaux
http://data.europa.eu/esco/occupation/2960c96e-7228-4327-b0a1-85fc13691844,météorologue aéronautique,météorologiste aéronautique
http://data.europa.eu/esco/occupation/2a226be5-6157-49e9-bd4b-e3b46d55c082,superviseur de poseurs de voies ferrées/superviseuse de poseurs de voies ferrées,superviseuse de poseurs de voies ferrées|superviseur de poseurs de voies ferrées|chef d'équipe en construction de voies ferrées|cheffe d'équipe en construction de voies ferrées
http://data.europa.eu/esco/occupation/27eb624c-6171-4c71-aa71-bb21e83381d4,chimiste métallurgiste,ingénieure R&D en génie des procédés et en hydrométallurgie|ingénieur hydrométallurgiste/ingénieure hydrométallurgiste|ingénieur R&D en génie des procédés et en hydrométallurgie|ingénieur/ingénieure hydrométallurgiste|ingénieur hydrométallurgiste|ingénieur R&D en génie des procédés et en hydrométallurgie/ingénieure R&D en génie des procédés et en hydrométallurgie|ingénieure hydrométallurgiste
http://data.europa.eu/esco/occupation/29a36f21-da45-4a01-b015-cac4445e5025,opérateur de découpeuse à copeaux en fabrication de savons/opératrice de découpeuse à copeaux en fabrication de savons,opératrice de découpeuse à copeaux en fabrication de savons|opérateur de découpeuse à copeaux en fabrication de savons|découpeur de savon en copeaux|découpeur de savon en copeaux/découpeuse de savon en copeaux|découpeuse de savon en copeaux
http://data.europa.eu/esco/occupation/29a95106-3680-427b-bd1c-3f13d6999241,responsable de la logistique distribution d'animaux vivants,
http://data.europa.eu/esco/occupation/2ae76ccc-f02e-4eb6-b693-fff70ba8f409,auxiliaire de vie sociale auprès d’enfants,
http://data.europa.eu/esco/occupation/2afdf635-3cdb-4914-ab61-5dd7d7d46792,gérant de boulangerie/gérante de boulangerie,gérante de boulangerie|gérant de boulangerie|responsable de boulangerie
http://data.europa.eu/esco/occupation/2ac509e8-2850-42c3-b11d-d24077a7921b,dessinateur en génie maritime/dessinatrice en génie maritime,dessinatrice en architecture navale|dessinatrice en génie maritime|dessinateur en architecture navale|dessinateur en génie maritime
http://data.europa.eu/esco/occupation/2be85651-c94a-4531-9df8-3cc56932960e,opérateur de thermoscellage/opératrice de thermoscellage,opérateur de thermosoudage|opérateur de thermosoudage/opératrice de thermosoudage|opératrice d’operculage|opérateur d’operculage|opératrice de thermosoudage|opératrice de thermoscellage|opérateur de thermoscellage|opérateur d’operculage/opératrice d’operculage
http://data.europa.eu/esco/occupation/2b871272-bd61-4206-bd1a-0b96d7023098,hôte de caisse/hôtesse de caisse,caissière|caissier|hôte de caisse|hôtesse de caisse|agent de caisse|agente de caisse
http://data.europa.eu/esco/occupation/2bdf0696-776c-47e6-9259-6460af224dac,releveur de compteurs/releveuse de compteurs,releveur de compteurs|releveuse de compteurs
http://data.europa.eu/esco/occupation/2bf5169b-2c89-451a-9274-e2b4bc1f9487,modéliste habillement,
http://data.europa.eu/esco/occupation/2bef94db-0088-4507-982a-2ca717529adb,architecte d’entreprise,architecte métier|responsable de l'architecture d'entreprise|architecte technique|architecte informatique d'entreprise|architecte applicatif
http://data.europa.eu/esco/occupation/2b48a4cd-2333-4abf-ac3e-6f63d6ed3663,contrôleur qualité d'articles chaussants/contrôleuse qualité d'articles chaussants,contrôleuse qualité d'articles chaussants|contrôleur qualité d'articles chaussants
http://data.europa.eu/esco/occupation/2bedd02b-aeeb-4ed8-b1ae-29a706638414,responsable de comptoir en location de biens personnels et domestiques,agent de comptoir en location de biens personnels et domestiques|agente de comptoir en location de biens personnels et domestiques
http://data.europa.eu/esco/occupation/2bb8adee-2b84-4d7b-84f9-0620bc09ada8,technicien d’études en instrumentation-régulation/technicienne d’études en instrumentation-régulation,technicienne d’études en instrumentation-régulation|technicienne d’études instrumentaliste|technicien d’études en instrumentation-régulation|technicien d’études instrumentaliste
http://data.europa.eu/esco/occupation/2b7d34db-11b6-4c10-b227-3917752e28ac,chef d'établissement scolaire adjoint,directeur d'établissement scolaire adjoint|directrice d'établissement scolaire adjointe|cheffe d'établissement  scolaire adjointe
http://data.europa.eu/esco/occupation/2b6bb2d1-54b0-4feb-8c6c-8ba20adde1df,professeur de langues anciennes/professeure de langues anciennes,professeur de latin et de grec ancien|professeure de langues anciennes|professeure de latin et de grec ancien|professeur de langues et cultures de l’Antiquité/professeure de langues et cultures de l’Antiquité|professeure de latin et de grec|professeur de latin et de grec|professeur de langues et cultures de l’Antiquité|professeure de langues et cultures de l’Antiquité|professeur de latin-grec/professeure de latin-grec|professeur de latin-grec|professeur de langues anciennes|professeur de latin et de grec ancien/professeure de latin et de grec ancien|professeur de latin et de grec/professeure de latin et de grec|professeure de latin-grec
http://data.europa.eu/esco/occupation/2c94916d-bd7d-4855-ab89-574d2c439a63,opérateur de mesurage cuirs et peaux/opératrice de mesurage cuirs et peaux,classeuse de cuirs et peaux|opératrice de mesurage cuirs et peaux|classeur de cuirs et peaux/classeuse de cuirs et peaux|réceptionnaire cuirs et peaux|opérateur de mesurage cuirs et peaux|classeur de cuirs et peaux
http://data.europa.eu/esco/occupation/2d6d4cb2-5d46-4d1f-939b-7f55c02c64cb,chaudronnier/chaudronnière de cuivre,chaudronnier de cuivre|chaudronnière de cuivre
http://data.europa.eu/esco/occupation/2ef000b1-8058-4e5a-9646-c5d4e7dbfdae,agent de maintenance des infrastructures de télécommunications/agente de maintenance des infrastructures de télécommunications,technicienne de maintenance des infrastructures télécom|agent de maintenance de l'infrastructure télécom|technicien de maintenance des infrastructures télécom|agente de maintenance des infrastructures de télécommunications|agente d'entretien des infrastructures télécom|agent de maintenance des infrastructures de télécommunications|agente de maintenance de l'infrastructure télécom|agent d'entretien des infrastructures télécom
http://data.europa.eu/esco/occupation/2eac08c2-a81a-46fc-8d75-eb0e0f3e0f6d,directeur ventes et relations clientèle/directrice ventes et relations clientèle,directrice ventes et relations clientèle|directeur ventes et relations clientèle
http://data.europa.eu/esco/occupation/2e46a2a3-4d33-469e-8d50-588cc17e6bed,maître d’équipage à la pêche/maîtresse d’équipage à la pêche,maître d’équipage à la pêche|bosco|maîtresse d’équipage à la pêche
http://data.europa.eu/esco/occupation/2cad9c6f-0289-4b26-b247-e65c0089f8f4,conducteur de chaudière/conductrice de chaudière,conductrice de chaudière|chauffeur de chaudière haute pression/chauffeuse de chaudière haute pression|chauffeur de chaudière haute pression|chauffeuse de chaudière haute pression|conducteur de chaudière
http://data.europa.eu/esco/occupation/2d6a1cc1-cd13-42c5-a2b1-f0183bd0d253,attaché technico-commercial en machines et matériel agricoles/attachée technico-commerciale en machines et matériel agricoles,attaché technico-commercial en machines et matériel agricoles|attachée technico-commerciale en machines et matériel agricoles
http://data.europa.eu/esco/occupation/2e4b41dd-b63d-403d-a0ad-dd323cd3ddac,ouvrier aquacole chargé des cages/ouvrière aquacole chargée des cages,ouvrière aquacole chargée des cages|ouvrier aquacole chargé des cages
http://data.europa.eu/esco/occupation/2d32bea0-dccd-4dc5-9ea9-c51c653a46ef,agent de recouvrement en assurance/agente de recouvrement en assurance,agent de recouvrement en assurance|agente de recouvrement en assurance
http://data.europa.eu/esco/occupation/2c8a4b72-21f4-4ab1-9dbd-1cae779211b7,responsable de galerie d'art,galeriste
http://data.europa.eu/esco/occupation/2dc86f3d-a90e-4e7a-8a94-0bd728f22d7b,fabricant de cadres/fabricante de cadres,fabricant de cadres|fabricante de cadres
http://data.europa.eu/esco/occupation/2c027db0-d2a6-43f0-9c4a-caff27c7c54a,moniteur de bateau-école/monitrice de bateau-école,monitrice de bateau-école|moniteur de bateau-école|formateur bateau|formatrice bateau
http://data.europa.eu/esco/occupation/2ddde737-28f3-444d-b1f8-ef12cc2df3c7,chargé de mission soutien à l’éducation/chargée de mission soutien à l’éducation,chargée de mission handicap|chargé de mission handicap|chargé de mission soutien à l’éducation|chargé de mission handicap/chargée de mission handicap|chargée de mission soutien à l’éducation
http://data.europa.eu/esco/occupation/2c90a752-43f0-483d-8f64-3ce5e4535aa8,cocher/cochère,cochère|cocher
http://data.europa.eu/esco/occupation/2d5a50c6-0bf4-45c3-805c-44d1bf1e3d12,employé d’un centre d’hydrothérapie/employée d’un centre d’hydrothérapie,employé d'un centre d'hydrothérapie|employée d'un centre d'hydrothérapie
http://data.europa.eu/esco/occupation/2e8820ba-5b2d-4572-92a1-942dbd02a6d6,technicien de biologie médicale/technicienne de biologie médicale,technicienne biologiste médicale|laborantin d'analyses médicales|technicienne de biologie médicale|laborantine d'analyses médicales|technicien de biologie médicale|technicienne de laboratoire d'analyses médicales|technicien biologiste médical|technicien de laboratoire d'analyses médicales
http://data.europa.eu/esco/occupation/2d3d7188-47ab-49b9-9045-e452d9db06f1,directeur commercial/directrice commerciale,responsable commercial|responsable de la stratégie commerciale|directeur commercial|responsable commerciale|directrice commerciale
http://data.europa.eu/esco/occupation/2de007c6-3223-4cd1-9561-e8a2e16e049d,inspecteur du bien-être animal/inspectrice du bien-être animal,inspecteur en santé et protection animales|inspecteur du bien-être animal|inspecteur vétérinaire|inspectrice de la santé animalière|inspectrice vétérinaire|inspecteur de la santé vétérinaire|inspectrice de la santé vétérinaire|inspecteur de la santé animale|inspectrice du bien-être animal|inspecteur de la santé animalière|inspectrice en santé et protection animales|inspectrice de la santé animale
http://data.europa.eu/esco/occupation/2edd910a-e53e-44ee-b8c2-09e9f9d0395b,presseur en industrie de l'habillement/presseuse en industrie de l'habillement,presseuse en industrie de l'habillement|presseur en industrie de l'habillement
http://data.europa.eu/esco/occupation/2f372afe-d513-4357-abe1-e5e0b5cf9ae5,chef éclairagiste,concepteur lumière|cheffe éclairagiste|conceptrice lumière|concepteur lumière/conceptrice lumière|éclairagiste
http://data.europa.eu/esco/occupation/2c5ae1b4-c3ca-4882-b7ce-e346ae5b5b00,technicien botaniste/technicienne botaniste,technicien botaniste|technicienne botaniste
http://data.europa.eu/esco/occupation/2c83f279-a1d1-4c9f-a6aa-5e5ee1850e46,contrôleur des situations individuelles/contrôleuse des situations individuelles,inspecteur du recouvrement|contrôleur allocataires|enquêteuse assurance maladie|contrôleuse allocataires|inspectrice du recouvrement|contrôleur des situations individuelles|contrôleuse du recouvrement|enquêteur assurance maladie|contrôleur du recouvrement|contrôleuse des opérateurs sociaux|contrôleuse des situations individuelles|contrôleur des opérateurs sociaux
http://data.europa.eu/esco/occupation/2cbb23b0-0bf1-4871-9e6d-18f005987310,technicien de production son/technicienne de production son,technicien de production son|technicienne de production son
http://data.europa.eu/esco/occupation/2ce45b9f-ebfb-4105-8e12-690ba2bf00aa,gérant de magasin de jouets/gérante de magasin de jouets,responsable de magasin de jouets|gérante de magasin de jouets|gérant de magasin de jouets
http://data.europa.eu/esco/occupation/2d92f7f5-d2b1-4223-92c4-23c33f8604fc,sommelier en vin/sommelière en vin,sommelier en vins|spécialiste en vin|garçon de café|sommelière en vins|sommelière en vin|sommelier en vin|œnologue|caviste|spécialiste en vins
http://data.europa.eu/esco/occupation/2c1ed9dd-9799-4882-8bfa-40b841f7d4a1,directeur d'établissement d'enseignement post-secondaire/directrice d'établissement d'enseignement post-secondaire,directeur d'établissement d'enseignement post-secondaire|président d'université|directrice d'établissement d'enseignement post-secondaire|recteur d'académie|recteur d'université|rectrice d'université|rectrice d'académie|présidente d'université
http://data.europa.eu/esco/occupation/2ecbed9c-0143-4cc9-b047-d1746aeec206,opérateur de four-tunnel/opératrice de four-tunnel,opérateur de four-tunnel|conducteur de four-tunnel|conducteur de four-tunnel/conductrice de four-tunnel|conductrice de four-tunnel|opératrice de four-tunnel
http://data.europa.eu/esco/occupation/2cec9e4a-5a37-4cb1-a8b7-2e8d94766417,superviseur d’opérateurs sur machines/superviseuse d’opérateurs sur machines,contremaître d’opérateurs sur machines|superviseuse d’opérateurs sur machines|contremaîtresse d’opérateurs sur machines|superviseur d’opérateurs sur machines
http://data.europa.eu/esco/occupation/2ea3070e-3d0b-4de6-b5bd-fe4a04649b04,superviseur/superviseuse d’échafaudeurs,contremaître de monteurs en échafaudage|contremaîtresse de monteurs en échafaudage|superviseuse d'échafaudeurs|cheffe d'équipe de monteurs-échafaudeurs|superviseur d'échafaudeurs|chef d'équipe de monteurs-échafaudeurs
http://data.europa.eu/esco/occupation/2ed56c3f-61d6-4f7e-9ef8-8849eb102e4c,développeur d’applications mobiles/développeuse d’applications mobiles,développeur d'applications pour dispositifs mobiles|développeuse d'applications pour mobile|développeur d'applications mobiles|conceptrice d'applications mobiles|développeur mobile|concepteur d'applications mobiles|développeuse d'applications pour portables|développeuse d'applications pour dispositifs mobiles|développeuse d'applications mobiles|développeur d'applications pour portables|développeur d'applications pour mobile|développeuse mobile
http://data.europa.eu/esco/occupation/2f26a52b-cf45-4282-9138-478252161f00,ingénieur de production agroalimentaire/ingénieure de production agroalimentaire,ingénieure de production agroalimentaire|ingénieure de production|ingénieur de production en agroalimentaire|responsable de production agroalimentaire|ingénieure de production en agroalimentaire|ingénieur de production agroalimentaire|ingénieur de production
http://data.europa.eu/esco/occupation/2dcb5dad-1902-4051-9023-d725485479a7,acupuncteur/acupunctrice,acupunctrice|acupuncteur
http://data.europa.eu/esco/occupation/2dcd3361-4c9b-4feb-a561-62257d6b31dd,négociant grossiste en composants et équipements électroniques et de télécommunication/négociante grossiste en composants et équipements électroniques et de télécommunication,négociant grossiste en composants et équipements électroniques et de télécommunication|négociante grossiste en composants et équipements électroniques et de télécommunication
http://data.europa.eu/esco/occupation/2e9c9404-0d86-453c-9001-3a0cd1d1323b,vendeur en boulangerie/vendeuse en boulangerie,vendeur en boulangerie-pâtisserie|vendeuse en boulangerie|vendeur en boulangerie|vendeuse en boulangerie-pâtisserie
http://data.europa.eu/esco/occupation/2e85b540-4a92-47f3-bc8c-0699c51692d1,superviseur de monteurs d’ascenseurs/superviseuse de monteurs d’ascenseurs,chef d'équipe de montage d'ascenseurs|responsable d'agents de montage en ascenseurs|superviseuse de monteurs d'ascenseurs|contremaître de techniciens de montage d'ascenseurs|contremaîtresse de techniciens de montage d'ascenseurs|superviseur de monteurs d'ascenseurs|cheffe d'équipe de montage d'ascenseurs
http://data.europa.eu/esco/occupation/2ee57107-08c6-4963-bdde-f2ee514e06d5,"négociant grossiste en poissons, crustacés et mollusques/négociante grossiste en poissons, crustacés et mollusques","négociante grossiste en poissons, crustacés et mollusques|négociant-mareyeur grossiste|négociante-mareyeuse grossiste|négociant grossiste en poissons, crustacés et mollusques"
http://data.europa.eu/esco/occupation/2f5de1ab-eddf-4715-8193-e994912c22ea,responsable d'entrepôt,directeur de site d'entreposage|directeur de sites d'entreposage|directrice de sites d'entreposage|directrice de site d'entreposage
http://data.europa.eu/esco/occupation/2f1380b4-b76b-489c-a3a8-cd05ed6ad392,restaurateur de livres/restauratrice de livres,restaurateur de livres|restauratrice de livres
http://data.europa.eu/esco/occupation/2fa8c1fc-e722-4985-9822-f5d8174248cf,opérateur d’installation de préparation d’asphalte/opératrice d’installation de préparation d’asphalte,opératrice d’installation de préparation d’asphalte|opérateur d’installation de préparation d’asphalte
http://data.europa.eu/esco/occupation/2fc8dace-d828-4af3-b0cb-e1cb73726f4b,décolleteur/décolleteuse,opérateur sur machine à décolleter|opératrice sur machine à décolleter|décolleteuse|décolleteur
http://data.europa.eu/esco/occupation/2f8acdc5-76f5-498b-9818-df075e324eaa,coordinateur des fréquences et radiocommunications aéronautiques/coordinatrice des fréquences et radiocommunications aéronautiques,coordinateur des fréquences et radiocommunications aéronautiques|coordinatrice des fréquences et radiocommunications aéronautiques
http://data.europa.eu/esco/occupation/30194ac4-93b8-4450-8a15-f6f7cbe351cb,assistant en maternité/assistante en maternité,assistant en maternité|assistante sage-femme|assistant sage-femme|assistante en maternité|assistante maïeuticien|assistant maïeuticien
http://data.europa.eu/esco/occupation/2f5e38a0-6578-4665-bdbd-e2ab505be140,barman/barmaid,barman|barmaid|serveur de bar|serveuse de bar|serveuse chargée de la préparation et du service des boissons au bar|serveur chargé de la préparation et du service des boissons au bar
http://data.europa.eu/esco/occupation/2f7f5c84-b9b3-41ea-aa5f-5997d0873141,animateur de bingo/animatrice de bingo,animatrice de bingo|animateur de bingo
http://data.europa.eu/esco/occupation/2ff73126-7aff-4233-9d9c-d8725e1c6822,soudeur de tuyaux/soudeuse de tuyaux,soudeuse de tuyaux|soudeur de tuyaux
http://data.europa.eu/esco/occupation/3025dea4-1752-40a9-9431-fd874420386f,sauveteur/sauveteuse,sauveteuse|sauveteuse en mer|sauveteur en mer|sauveteur
http://data.europa.eu/esco/occupation/30058b71-fe16-45ea-a2b8-d5461c706372,enseignant-chercheur en entrepreneuriat/enseignante-chercheuse en entrepreneuriat,enseignante-chercheuse en entrepreneuriat|enseignant-chercheur en entrepreneuriat
http://data.europa.eu/esco/occupation/2ff9e53c-6e7f-42af-8d71-b5dd7f283089,employé de banque/employée de banque,guichetière de banque|guichetier de banque/guichetière de banque|guichetier de banque|employé de banque|employée de banque
http://data.europa.eu/esco/occupation/30cdbb0a-4f62-4d0e-811c-72e3f95d017b,opérateur en fabrication de poudres et explosifs/opératrice en fabrication de poudres et explosifs,opératrice en fabrication de poudres et explosifs|opérateur en fabrication de poudres et explosifs
http://data.europa.eu/esco/occupation/31854d78-3615-43a4-aa3a-c597ecb20ceb,conseiller juridique/conseillère juridique,juriste|conseiller en droit/conseillère en droit|conseillère juridique|conseiller juridique|conseillère en droit|consultante juridique|consultant juridique|conseiller en droit|consultant juridique/consultante juridique
http://data.europa.eu/esco/occupation/310ad9e0-ffc9-4980-b47c-1e856a404eff,opérateur de conduite en raffinerie/opératrice de conduite en raffinerie,opératrice de conduite en raffinerie|opérateur de conduite en raffinerie
http://data.europa.eu/esco/occupation/336cf331-8082-4a0c-bf5f-e7c54706211c,mécanicien en cycles/mécanicienne en cycles,"préparateur de cycles et motocycles|mécanicien-réparateur de cycles et motocycles|rayonneuse de roues de cycles, motocycles, motoculteurs|mécanicien en cycles et motocycles|mécanicienne en cycles et motocycles|mécanicienne-réparatrice de cycles et motocycles|préparatrice de cycles et motocycles|rayonneur de roues de cycles, motocycles, motoculteurs"
http://data.europa.eu/esco/occupation/31db6bd9-ee84-4a57-ac9e-87e243ba1c69,opérateur en entrepôt d’articles en cuir/opératrice en entrepôt d’articles en cuir,opératrice en entrepôt d'articles en cuir|opérateur en entrepôt d'articles en cuir
http://data.europa.eu/esco/occupation/3256e283-0892-4330-b9f2-6dc4aa4bd86b,opérateur de sucrerie/opératrice de sucrerie,opérateur de sucrerie|opératrice de raffinerie de sucre|opérateur de raffinerie de sucre|préposé au raffinage du sucre|opératrice de sucrerie|préposée au raffinage du sucre|technicienne de sucrerie|technicien de sucrerie
http://data.europa.eu/esco/occupation/33ae2ba9-9835-410f-8ea6-e5ac991f5975,moine/moniale,moine|moniale
http://data.europa.eu/esco/occupation/3327a087-cd36-4b02-ac1b-6455f59f9312,surveillant pénitentiaire/surveillante pénitentiaire,agent pénitentiaire|maton|surveillante de centre pénitentiaire|matonne|surveillante pénitentiaire|surveillant de centre pénitentiaire|gardienne de prison|surveillant pénitentiaire|agente pénitentiaire|gardien de prison
http://data.europa.eu/esco/occupation/31308b0c-a298-4802-a052-4020d22bad57,opérateur de machine de soudure à vague/opératrice de machine de soudure à vague,opératrice de machine de soudure à vague|opérateur de machine de soudure à vague
http://data.europa.eu/esco/occupation/3206f826-7d53-4180-9797-e94ad9eaf841,technicien cages d’aquaculture/technicienne cages d’aquaculture,technicien cages d’aquaculture|technicienne cages d’aquaculture
http://data.europa.eu/esco/occupation/30ca97f4-a4fd-4189-a781-ac08f6b09b78,analyste en centre d’appels,téléprospectrice|téléactrice|télévendeur|téléprospecteur|téléacteur|télévendeuse|conseillère clientèle à distance|conseiller clientèle à distance
http://data.europa.eu/esco/occupation/32548f7e-8c25-4c49-9f22-78dee3543704,ingénieur environnement-responsable mines et carrières/ingénieure environnement-responsable mines et carrières,ingénieure environnement-responsable mines et carrières|ingénieur environnement-responsable mines et carrières
http://data.europa.eu/esco/occupation/33da5532-8c4e-4d1b-b52e-c201ee1bc7ab,ergothérapeute,
http://data.europa.eu/esco/occupation/316309e4-5fce-4dca-85d1-07702217ea19,responsable de production cuir,responsable d'atelier de production cuirs et peaux|responsable d'unité de production cuirs et peaux
http://data.europa.eu/esco/occupation/30b25ee4-da97-4167-8592-460217f6bdcc,chef d'équipe animation,cheffe d'équipe animation
http://data.europa.eu/esco/occupation/303931a2-860a-4f76-83ac-3c190d67287e,opérateur de presse à graines oléagineuses/opératrice de presse à graines oléagineuses,préposé à la presse à graines oléagineuses|préposée à la presse à graines oléagineuses|technicienne de presse à graines oléagineuses|responsable de presse à graines oléagineuses|opératrice de presse à graines oléagineuses|technicien de presse à graines oléagineuses|opérateur de presse à graines oléagineuses
http://data.europa.eu/esco/occupation/303a1e34-cb16-4054-b323-81e5eec17397,agent d'entretien d'immeubles/agente d'entretien d'immeubles,agente d'entretien d'immeubles|agent d'entretien d'immeubles
http://data.europa.eu/esco/occupation/30641348-f9f2-4fe5-ab8c-fe6ff9931a54,technicien en ingénierie des dispositifs médicaux/technicienne en ingénierie des dispositifs médicaux,technicienne en ingénierie des dispositifs médicaux|technicien en ingénierie des dispositifs médicaux
http://data.europa.eu/esco/occupation/30f3ea93-882a-4525-841c-1d5b4b64076f,directeur financier/directrice financière,directrice financière|directeur administratif et financier|directeur financier|directrice administrative et financière|directeur des affaires financières|directrice des affaires financières
http://data.europa.eu/esco/occupation/32fafe2c-0099-4852-889e-46614ce9a9ae,responsable des crédits,
http://data.europa.eu/esco/occupation/31d0e6b8-64ae-4b04-b988-dbee03a4aaa9,médium,télépathe
http://data.europa.eu/esco/occupation/32fcdc6f-1c8a-44e9-99b8-5519e4db4414,technicien d’impression en industrie textile/technicienne d’impression en industrie textile,technicien d’impression en industrie textile|technicienne d’impression en industrie textile
http://data.europa.eu/esco/occupation/3288a2fe-4934-47c8-ad0b-11b16c9cd461,inspecteur de réseau de distribution/inspectrice de réseau de distribution,inspectrice de réseau de distribution|inspecteur de réseau de distribution
http://data.europa.eu/esco/occupation/30aef4c6-49ca-4464-bf82-78ed88b3eb9b,dessinateur en génie civil/dessinatrice en génie civil,dessinateur en génie civil|dessinatrice en génie civil
http://data.europa.eu/esco/occupation/3027abf6-bc54-4709-8dc1-4f20b772ac70,classeur de panneaux de particules/classeuse de panneaux de particules,classeuse de panneaux de particules|classeur de panneaux de particules
http://data.europa.eu/esco/occupation/326027fc-5408-47cd-9b32-fbe770dbbe80,responsable qualité construction,
http://data.europa.eu/esco/occupation/32ef07df-1b0a-439a-916e-8289eb9f4895,technicien dentiste équin/technicienne dentiste équin,assistante dentaire équin|mécanicienne-dentiste équin|assistant dentaire équin|technicien dentiste équin|mécanicien-dentiste équin|technicienne dentiste équin
http://data.europa.eu/esco/occupation/306e9867-cf55-446f-88c6-8adad5369f8c,enseignant-chercheur en sciences de la terre/enseignante-chercheuse en sciences de la terre,enseignant-chercheur en sciences de la terre|enseignante-chercheuse en sciences de la terre
http://data.europa.eu/esco/occupation/33960bab-4423-4808-af6c-ec2b485dba41,électricien du bâtiment/électricienne du bâtiment,électricien du bâtiment|électricienne du bâtiment
http://data.europa.eu/esco/occupation/33cd8ff4-62f2-4a3f-b053-6e009ecef6da,spécialiste en import-export de viandes et de produits à base de viande,
http://data.europa.eu/esco/occupation/31808988-fc0a-4bc3-9e47-27216d6759f5,agent de sécurité/agente de sécurité,gardienne|agente de sûreté|agent de sûreté|surveillant|surveillante|gardien|agent de sécurité|agente de sécurité|vigile
http://data.europa.eu/esco/occupation/31cc4199-703c-4f8a-9b46-a2070a6d35df,technicien biologiste/technicienne biologiste,technicienne biologiste|technicien biologiste
http://data.europa.eu/esco/occupation/30739eb6-218b-4e8a-9209-e2f36b9446cd,assistant costumier/assistante costumière,assistante costumière|assistant costumier
http://data.europa.eu/esco/occupation/3046f16d-1f7d-408f-b9a5-155410fbd2ea,technicien en génie pneumatique/technicienne en génie pneumatique,technicien en génie pneumatique|technicienne en génie pneumatique
http://data.europa.eu/esco/occupation/31f49d76-b2e4-4313-aeba-90650258dda9,spécialiste en import-export de bois et de matériaux de construction,
http://data.europa.eu/esco/occupation/319f9864-7f13-4b0c-a827-d50295e239ad,technicien du transfert d’embryons animaux/technicienne du transfert d’embryons animaux,technicienne de la transplantation d'embryons animaux|technicienne du transfert d'embryon|technicienne du transfert embryonnaire animal|technicien du transfert embryonnaire animal|technicien de la transplantation d'embryons animaux|technicien du transfert d'embryons animaux|technicienne du transfert d'embryons animaux|spécialiste du transfert d'embryons animaux|technicien du transfert d'embryon
http://data.europa.eu/esco/occupation/32ac76f6-20a0-469e-8cac-e68634087dd3,administrateur de systèmes d’archivage d’images et de communication/administratrice de systèmes d’archivage d’images et de communication,administrateur de systèmes d'archivage d'images et de communication|administratrice de systèmes d'archivage d'images et de communication
http://data.europa.eu/esco/occupation/30870ea4-5e8e-4b92-a9d5-65e3b97a9b30,réceptionnaire de matières premières,
http://data.europa.eu/esco/occupation/30c0943c-caa1-411d-b273-26f475971273,ingénieur qualité/ingénieure qualité,ingénieure qualité|qualiticien/qualiticienne|qualiticien|qualiticienne|ingénieur qualité
http://data.europa.eu/esco/occupation/322635c9-3d93-4280-a359-0b693df21e93,"spécialiste en import-export de produits agricoles bruts, de semences et d’aliments pour le bétail",
http://data.europa.eu/esco/occupation/340b04fd-6312-47e5-80ff-28222a343864,ingénieur frigoriste à la pêche/ingénieure frigoriste à la pêche,ingénieure frigoriste à la pêche|ingénieur frigoriste à la pêche
http://data.europa.eu/esco/occupation/3413f234-6230-47a8-8cc7-2691fd54ce3a,éducateur en petite enfance/éducatrice en petite enfance,éducatrice en petite enfance|éducateur en petite enfance
http://data.europa.eu/esco/occupation/3469cbcc-5332-41dc-977a-29cf1b7ef7be,réceptionniste médical/réceptionniste médicale,agente d'accueil médical|réceptionniste médicale|agent d'accueil médical|agent d'accueil médical/agente d'accueil médical|réceptionniste médical
http://data.europa.eu/esco/occupation/33fe4c90-c4fd-4860-bdc5-24fcab16f45a,analyste agroalimentaire,expert en agroalimentaire|analyste en agroalimentaire|analyste alimentaire|expert agroalimentaire
http://data.europa.eu/esco/occupation/33e4f026-a823-4ffc-99e4-60d3fe597a1e,testeur de jeux numériques/testeuse de jeux numériques,testeuse de jeux virtuels|développeur de jeux numériques|testeur de jeux sur Internet|testeuse de jeux numériques|développeur de jeux vidéo|testeur de jeux virtuels|testeuse de jeux vidéo|testeur de jeux numériques|testeur de jeux vidéo|testeuse de jeux sur Internet|testeuse de jeux en ligne|testeur de jeux en ligne
http://data.europa.eu/esco/occupation/3417aab3-8b87-4c3b-bee6-be03fe05be2b,conducteur de machines à tufter en industrie textile/conductrice de machines à tufter en industrie textile,conducteur de machines à tufter en industrie textile
http://data.europa.eu/esco/occupation/34852729-a2f6-4063-aa90-18b3d16754f7,directeur de département d'université/directrice de département d'université,directeur de faculté|directeur de département d'université|directrice de département d'université|directrice de faculté
http://data.europa.eu/esco/occupation/341b405b-12cd-4ece-9b4b-cbfae3551ea3,dessinateur en ingénierie automobile/dessinatrice en ingénierie automobile,dessinatrice en ingénierie automobile|dessinateur en ingénierie automobile
http://data.europa.eu/esco/occupation/33e3a746-f209-4a1a-96df-301505531cb2,responsable d'institut de beauté,directeur d'institut de beauté|gérant d'institut de beauté|directrice d'institut de beauté|gérante d'institut de beauté
http://data.europa.eu/esco/occupation/3b46ee4d-a220-4c83-ad90-937456596889,préposé à la fabrication de chewing gum/préposée à la fabrication de chewing gum,ouvrière à la production de gomme à mâcher|ouvrier à la production de gomme à mâcher|fabricante de chewing gum|préposé à la fabrication de chewing gum|préposée à la fabrication de chewing gum|fabricant de chewing gum
http://data.europa.eu/esco/occupation/38d9c76b-1a7b-4d65-879b-733ae7e9364e,conseiller en investissements/conseillère en investissements,conseillère en investissements financiers|conseiller en investissements privés|conseiller en investissements|conseiller en investissements financiers/conseillère en investissements financiers|conseillère en investissements|conseiller en investissements privés/conseillère en investissements privés|conseiller en investissements financiers|conseillère en investissements privés
http://data.europa.eu/esco/occupation/3b4eb248-6b40-42fe-9d10-cba8ccfe6613,mécanicien d’entretien en automobile/mécanicienne d’entretien en automobile,mécanicienne d'entretien en automobile|mécanicien d'entretien en automobile
http://data.europa.eu/esco/occupation/39e06c20-d262-44f9-a6a8-a0f3ba9e887c,savonnier/savonnière,technicien en fabrication de savons|savonnier|technicienne en fabrication de savons|technicien en fabrication de savons/technicienne en fabrication de savons|savonnière|opérateur de production en savonnerie/opératrice de production en savonnerie|opératrice de production en savonnerie|opérateur de production en savonnerie
http://data.europa.eu/esco/occupation/39a59c5c-4338-4480-bdc8-96328a491907,opérateur d’attractions/opératrice d’attractions,opérateur d’attractions|opératrice d’attractions
http://data.europa.eu/esco/occupation/3a67544c-919f-4051-b812-c08e69eec3fd,opérateur extrusion en fabrication de savons/opératrice extrusion en fabrication de savons,conducteur de machines d’extrusion en savonnerie/conductrice de machines d’extrusion en savonnerie|opérateur de boudineuse - fabrication de savons|technicien extrusion en industrie du savon/technicienne extrusion en industrie du savon|opératrice de boudineuse - fabrication de savons|conducteur extrudeuse en fabrication de savons|conductrice de machines d’extrusion en savonnerie|technicien extrusion en industrie du savon|conductrice extrudeuse en fabrication de savons|opératrice extrusion en fabrication de savons|opérateur de boudineuse - fabrication de savons/opératrice de boudineuse - fabrication de savons|conducteur extrudeuse en fabrication de savons/conductrice extrudeuse en fabrication de savons|technicienne extrusion en industrie du savon|opérateur extrusion en fabrication de savons|conducteur de machines d’extrusion en savonnerie
http://data.europa.eu/esco/occupation/394a4bdd-7032-4d87-89a2-9d937cebdd09,chargé de mission économique/chargée de mission économique,chargé de mission économique|chargée de mission économique
http://data.europa.eu/esco/occupation/39e9fc8f-02bd-4577-b603-2dc96204ce74,agent de développement local/agente de développement local,agente de développement local|agent de développement local|animatrice de développement|animateur de développement/animatrice de développement|animateur de quartier|animateur de quartier/animatrice de quartier|animateur de développement|animatrice de quartier
http://data.europa.eu/esco/occupation/3900b684-6b4b-4133-b134-e1d129d60383,responsable de comptoir en location,agente de comptoir en location|agent de comptoir en location
http://data.europa.eu/esco/occupation/3a3fac9d-323e-4ba6-989b-0e1d44e113cc,marin de la marine marchande,matelot de la navigation maritime|matelot polyvalente navigation maritime|matelot polyvalent navigation maritime/matelot polyvalente navigation maritime|matelot au commerce|matelot polyvalent navigation maritime|matelot de la marine marchande|marin de la navigation maritime
http://data.europa.eu/esco/occupation/3a55bf97-a0d2-47a0-a8b3-b248d32c7969,graveur sur verre/graveuse sur verre,graveur sur verre|graveuse sur verre|graveur sur cristal|graveuse sur cristal
http://data.europa.eu/esco/occupation/3b018148-8e92-4177-9267-5f090386f6a3,conseiller halieutique/conseillère halieutique,conseiller en halieutique/conseillère en halieutique|conseiller halieute|conseiller des pêches|conseillère des pêches|conseillère en halieutique|conseillère halieute|conseiller des pêches/conseillère des pêches|conseiller en halieutique
http://data.europa.eu/esco/occupation/388155cc-7ab8-46c7-8051-aefc7b276c84,arbitre professionnel de discipline sportive/arbitre professionnelle de discipline sportive,arbitre professionnelle de discipline sportive|arbitre professionnel de discipline sportive
http://data.europa.eu/esco/occupation/3a75b477-e151-40fb-9909-b3641401bfed,opérateur d’inspection optique automatisée/opératrice d’inspection optique automatisée,opératrice d'inspection optique automatisée|opérateur d'inspection optique automatisée
http://data.europa.eu/esco/occupation/39803100-c338-4f01-ad2c-085d488920ca,chef de service affrètement,cheffe de service affrètement|employée du service affrètement|affréteur|agente d'affrètement|employé du service affrètement|agent d'affrètement|affréteuse
http://data.europa.eu/esco/occupation/3a959644-beed-4afc-8e57-d5068ae6a43e,coursier à vélo/coursière à vélo,coursière à vélo|coursier à vélo
http://data.europa.eu/esco/occupation/3afd6af4-0c34-4311-ad73-65adc2571f0c,responsable d’atelier de production habillement,
http://data.europa.eu/esco/occupation/3a4c4e33-ee34-4abe-ba5c-26f9037d292f,directeur régional des ventes/directrice régionale des ventes,directrice régionale des ventes|directeur régional des ventes|directeur commercial régional|directrice commerciale régionale
http://data.europa.eu/esco/occupation/3880e9e8-bc2b-48d9-8afc-a0f258c1c4b0,gardien de la paix/gardienne de la paix,brigadière chef de police|brigadier chef de police|gardien de la paix|technicien de la police technique et scientifique|brigadier de police|gardienne de la paix|agente de police|policier|technicienne de la police technique et scientifique|responsable d'unité locale de police|brigadière de police|policière|agent de police|major de police
http://data.europa.eu/esco/occupation/3ae4fd99-814a-4d06-a7db-5ee680c22e26,négociateur des contrats touristiques/négociatrice des contrats touristiques,négociateur de contrats touristiques|négociatrice de contrats touristiques|commercial en tourisme|négociateur de contrats hôteliers|responsable des contrats touristiques|négociatrice de contrats hôteliers|commerciale en tourisme
http://data.europa.eu/esco/occupation/3a55ef85-5abf-48e2-884b-5efaf881bfb1,formateur de terrain en travail social/formatrice de terrain en travail social,formatrice de terrain en travail social|formateur de terrain en travail social
http://data.europa.eu/esco/occupation/3ac7fbb4-91b2-4d4d-abc8-7a6c55ed648f,négociant grossiste/négociante grossiste,négociante en gros ou demi-gros|négociante grossiste|négociant grossiste|commerçante en gros ou demi-gros|négociant en gros ou demi-gros|commerçant en gros ou demi-gros
http://data.europa.eu/esco/occupation/3a15ec1b-9250-41a0-9344-feb2956481b7,conducteur de trolleybus/conductrice de trolleybus,conducteur de bus guidé/conductrice de bus guidé|conductrice de trolleybus|conducteur de bus guidé|conductrice de bus guidé|conducteur de trolleybus
http://data.europa.eu/esco/occupation/3a17bd32-8a00-47cb-82aa-2b5660cf1192,vendeur d’appareils auditifs/vendeuse d’appareils auditifs,vendeuse d'appareils auditifs|vendeur d'appareils auditifs
http://data.europa.eu/esco/occupation/3a8ac6cd-b59a-4b93-b071-0324e895b8e4,gérant de magasin de matériaux de construction/gérante de magasin de matériaux de construction,responsable de magasin de matériaux de construction|gérante de magasin de matériaux de construction|gérant de magasin de matériaux de construction
http://data.europa.eu/esco/occupation/38a7f453-a7f0-45d2-a74d-5b92506e4a21,technicien en conception électronique/technicienne en conception électronique,technicienne en conception électronique|technicien en conception électronique
http://data.europa.eu/esco/occupation/3af4d6be-90b5-41f6-be06-3330dab3df73,chercheur en sciences sociales/chercheuse en sciences sociales,chercheuse en sciences sociales|chercheur en sciences sociales
http://data.europa.eu/esco/occupation/384ed128-e86e-4dd8-96ff-b6e6657cb027,inspecteur de la sécurité des navires/inspectrice de la sécurité des navires,inspecteur de la sécurité des navires|inspectrice de la sécurité des navires
http://data.europa.eu/esco/occupation/3b43dafb-8c6b-4906-9fe5-bc218aacad55,entraîneur d’équipe de football/entraîneuse d’équipe de football,entraîneur d'équipe de football|entraîneuse d'équipe de football
http://data.europa.eu/esco/occupation/3ae7c42b-7929-402f-bcbc-882b8679abf4,spécialiste en import-export de quincaillerie et fournitures pour plomberie et chauffage,
http://data.europa.eu/esco/occupation/399afb40-d58b-4f4a-aa52-a0378fccaf65,vendeur en animalerie/vendeuse en animalerie,vendeur en animalerie|vendeuse en animalerie
http://data.europa.eu/esco/occupation/39d7dca7-5e0b-4308-889e-9e3d22a3cb56,enseignant de la conduite et de la sécurité routière/enseignante de la conduite et de la sécurité routière,enseignant de la conduite et de la sécurité routière|enseignante de la conduite et de la sécurité routière
http://data.europa.eu/esco/occupation/38eb308f-0075-451e-9c1a-c557fd173022,agent d’entretien de parc d’attractions/agente d’entretien de parc d’attractions,agent d'entretien de parc d'attractions|agente d'entretien de parc d'attractions|agente d'entretien de parc de loisirs|agent d'entretien de parc de loisirs
http://data.europa.eu/esco/occupation/39b4e367-94b5-49fe-bcd7-4b116865ca59,spécialiste en import-export de fruits et légumes,
http://data.europa.eu/esco/occupation/394bdd9b-3ee8-43a9-b943-442ce146bb21,conseiller en thérapie par l’exercice physique/conseillère en thérapie par l’exercice physique,conseillère en thérapie par l'exercice physique|conseiller en thérapie par l'exercice physique
http://data.europa.eu/esco/occupation/3b2229b4-807c-482a-89ca-2d0a542be196,assistant social pour personnes âgées/assistante sociale pour personnes âgées,assistant social pour personnes âgées|assistante sociale pour personnes âgées
http://data.europa.eu/esco/occupation/39c89133-bd2a-45db-b3eb-529b94daeeaf,agent chargé de la délivrance de permis/agente chargée de la délivrance de permis,agent chargé de la délivrance des permis|agente chargée de la délivrance des permis
http://data.europa.eu/esco/occupation/3a8a7f87-d394-42cd-804b-7a32375b90f0,opérateur sur machine à scier les métaux/opératrice sur machine à scier les métaux,opérateur sur machine à scier les métaux|opératrice sur machine à scier les métaux
http://data.europa.eu/esco/occupation/3c0af499-39f6-4468-9ba4-b13a26d5f888,opérateur de traitement d’abrasion de surface/opératrice de traitement d’abrasion de surface,opératrice de traitement d’abrasion de surface|opérateur de traitement d’abrasion de surface
http://data.europa.eu/esco/occupation/3c1b7871-87f9-427b-adcb-fe16be8f9f24,technicien en instruments de musique/technicienne en instruments de musique,technicien en instruments de musique|technicienne  en instruments de musique
http://data.europa.eu/esco/occupation/3c2da05f-eb24-41f7-8307-46c96660fee0,contrôleur de la navigation aérienne/contrôleuse de la navigation aérienne,aiguilleuse du ciel|instructrice contrôleuse aérienne|contrôleur aérien|aiguilleur du ciel|instructeur contrôleur aérien|contrôleur de la navigation aérienne|contrôleuse de la circulation aérienne|contrôleuse aérienne
http://data.europa.eu/esco/occupation/3c136897-4e0e-41ef-bb57-d8152323b93a,directeur services aux entreprises/directrice services aux entreprises,directeur services aux entreprises|directrice services aux entreprises|responsable services aux entreprises
http://data.europa.eu/esco/occupation/3bdf6206-e952-4177-a17b-2a03bfee2144,sableur de bois/sableuse de bois,sableuse de bois|sableur de bois
http://data.europa.eu/esco/occupation/3b6bea7d-36f4-44fb-ac73-d1cc8a198dcb,producteur cinéma et vidéo/productrice cinéma et vidéo,productrice cinéma et vidéo|producteur cinéma et vidéo
http://data.europa.eu/esco/occupation/3c1041c1-7a20-41fd-8cb2-529d7f671226,gérant de poissonnerie/gérante de poissonnerie,gérante de poissonnerie|gérant de poissonnerie|responsable de poissonnerie
http://data.europa.eu/esco/occupation/3b755cda-c4b0-4fa1-8621-372f28ccc2e9,professeur des écoles Steiner-Waldorf/professeure des écoles Steiner-Waldorf,enseignant des écoles Steiner-Waldorf/enseignante des écoles Steiner-Waldorf|enseignant des écoles Steiner-Waldorf|professeure des écoles Steiner-Waldorf|professeur des écoles Steiner-Waldorf|enseignante des écoles Steiner-Waldorf
http://data.europa.eu/esco/occupation/3b6d4443-4518-4fb3-ae44-188a958e328d,vendeur en actions/vendeuse en actions,vendeuse en actions|vendeur en actions
http://data.europa.eu/esco/occupation/3ce4691e-ecea-4278-939e-b89ab01087b8,responsable des télécommunications,responsable réseau et télécommunications|responsable des télécoms|directrice des télécommunications|directeur des télécommunications
http://data.europa.eu/esco/occupation/3cc87d40-f402-4f57-9353-4b36a031cfc5,responsable de comptoir en location de véhicules,agente de comptoir en location de véhicules|agent de comptoir en location de véhicules
http://data.europa.eu/esco/occupation/3e9c6f2a-dc20-4366-aeb9-99dffd635b4c,tailleur de pierre/tailleuse de pierre,dégauchisseur de pierre|dégauchisseuse de pierre|dégauchisseur de pierre/dégauchisseuse de pierre|tailleur de pierre|tailleuse de pierre
http://data.europa.eu/esco/occupation/3cc51201-cd20-47f8-92ad-4d5861f963cf,chasseur-bagagiste,bagagiste|portier|portière|chasseur|porteur de bagages|porteuse de bagages
http://data.europa.eu/esco/occupation/3f32394b-f1b1-48ef-96ee-74405fb7c6b6,vendeur/vendeuse en jeux et loterie,vendeur en produits de loterie|vendeuse en produits de loterie|vendeuse  en jeux et loterie|vendeur en jeux de hasard|vendeur en jeux et loterie|vendeuse en jeux de hasard
http://data.europa.eu/esco/occupation/3e213d52-e7a0-4980-99d9-23da1f717f50,chargé de campagne politique/chargée de campagne politique,chargé de campagne politique|chargée de campagne politique
http://data.europa.eu/esco/occupation/3da8ee8c-ab60-4feb-ab5b-3ba31ef9ec1f,conducteur de machines de transformation cuirs et peaux/conductrice de machines de transformation cuirs et peaux,conducteur de machine de tannerie-mégisserie|opératrice en tannerie-mégisserie|conducteur de machines de transformation cuirs et peaux|conductrice de machines de transformation cuirs et peaux|opérateur en tannerie-mégisserie|conducteur de machine de tannerie-mégisserie/conductrice de machine de tannerie-mégisserie|opérateur en tannerie-mégisserie/opératrice en tannerie-mégisserie|conductrice de machine de tannerie-mégisserie
http://data.europa.eu/esco/occupation/3d616092-b4fd-4c14-b0e9-a9119bbbd171,musicothérapeute,
http://data.europa.eu/esco/occupation/3caa57c9-d360-4ce4-8000-34a983666ba7,opérateur de fermentation/opératrice de fermentation,opératrice de fermentation|opératrice au procédé de fermentation|fermenteuse|opérateur au procédé de fermentation|fermenteur|technicienne en fermentation|opérateur de fermentation|technicien en fermentation
http://data.europa.eu/esco/occupation/3e7bf729-4442-4b9f-ad5e-83111963795c,technicien informatique/technicienne informatique,technicienne en TIC|technicien en TIC|technicienne informatique|agent technique en technologie de l'information et de la communication|technicien en technologies de l'information et de la communication|technicienne en technologies de l'information et de la communication|agente technique en TIC|agente technique en informatique|agent technique en TIC|technicien informatique|agente technique en technologie de l'information et de la communication|agent technique en informatique
http://data.europa.eu/esco/occupation/3e0b4b9b-b624-4ceb-9bc9-9627cdfb0b81,"opérateur d’assemblage-montage des industries des cuirs, peaux et matériaux associés, hors vêtements/opératrice d’assemblage-montage des industries des cuirs, peaux et matériaux associés, hors vêtements","opératrice d’assemblage-montage des industries des cuirs, peaux et matériaux associés, hors vêtements|opérateur d’assemblage-montage des industries des cuirs, peaux et matériaux associés, hors vêtements|maroquinier industriel|maroquinier industriel/maroquinière industrielle|maroquinière industrielle"
http://data.europa.eu/esco/occupation/3e9c1262-4fe2-4eb1-bf94-4fe64498393a,coach sportif,
http://data.europa.eu/esco/occupation/3d0f86c1-9bdd-4e84-bc62-93a716128c8d,assistant pédagogique/assistante pédagogique,assistant pédagogique|conseillère d’orientation psychologue|conseiller d’orientation-psychologue|auxiliaire de vie scolaire|conseiller d’orientation-psychologue/conseillère d’orientation psychologue|assistante pédagogique
http://data.europa.eu/esco/occupation/3f6fc9db-18c1-45e8-819e-baf7b6cfe372,chef de juridiction,cheffe de juridiction|président de juridiction
http://data.europa.eu/esco/occupation/3d7b36e2-bfb8-4b67-9585-6787c1dda13e,dégustateur de café/dégustatrice de café,experte en café|goûteuse de café|expert en café|dégustatrice de cafés|dégustateur de cafés|dégustatrice de café|dégustateur de café|goûteur de café
http://data.europa.eu/esco/occupation/3e524c3e-3ee8-47dd-8463-2c2a41b548bf,monteur de fabrication de matériels électriques/monteuse de fabrication de matériels électriques,monteuse assembleuse en fabrication de matériels électriques|agent de production de matériels électriques/agente de production de matériels électriques|agent de production de matériels électriques|monteuse de fabrication de matériels électriques|monteur assembleur en fabrication de matériels électriques/monteuse assembleuse en fabrication de matériels électriques|monteur de fabrication de matériels électriques|monteur assembleur en fabrication de matériels électriques|agente de production de matériels électriques
http://data.europa.eu/esco/occupation/3df28a39-9bfe-4e36-b394-a189ef967a74,agenceur de salle de bains/agenceuse de salle de bains,poseur de salle de bains|installatrice de salle de bains|agenceuse de salle de bains|agenceur de salle de bains|poseuse de salle de bains|installateur de salle de bains
http://data.europa.eu/esco/occupation/3d190639-90f8-4402-b1b3-a104a17e0d67,intégrateur de base de données/intégratrice de base de données,responsable de base de données|intégrateur de base de données|concepteur de base de données|intégratrice de données|intégrateur de données|conceptrice de bases de données|intégratrice de base de données
http://data.europa.eu/esco/occupation/3f2e63fb-dc50-4370-9f6a-85ddc338dcde,spécialiste en import-export de fleurs et plantes,
http://data.europa.eu/esco/occupation/3e626058-f669-4503-84ec-6ae1a6077a61,conducteur d’incinérateurs/conductrice d’incinérateurs,conductrice d'incinérateurs|conducteur d'incinérateurs
http://data.europa.eu/esco/occupation/3f54ceba-3c4e-4ba1-8ddb-9e49a881a60a,responsable sécurité et protection santé du BTP,responsable environnement et sécurité chantier|responsable prévention-sécurité
http://data.europa.eu/esco/occupation/3d974e0c-8ed9-47a7-aec2-ebdb34391c87,bagagiste aéroportuaire,
http://data.europa.eu/esco/occupation/3f277813-3cab-4c5d-bfeb-613e449b31c5,courtier en prêts immobiliers/courtière en prêts immobiliers,conseillère en crédits immobiliers|conseiller en crédits immobiliers|courtier en prêts immobiliers|courtière en prêts immobiliers
http://data.europa.eu/esco/occupation/3e6488b6-3ca5-46b9-b380-5cd251d24824,moniteur de Pilates/monitrice de Pilates,monitrice de Pilates|moniteur de Pilates|instructrice de Pilates|instructeur de Pilates|professeur de Pilates|professeure de Pilates
http://data.europa.eu/esco/occupation/3f0093ab-651b-401a-b542-bba84ff46deb,négociant grossiste en cuirs et peaux et articles en cuir/négociante grossiste en cuirs et peaux et articles en cuir,négociant grossiste en cuirs et peaux et articles en cuir|négociante grossiste en cuirs et peaux et articles en cuir
http://data.europa.eu/esco/occupation/3f3748a7-4bb3-40b4-9ae3-1c5040c70f52,ingénieure ferroviaire/ingénieure ferroviaire,ingénieure d’études ferroviaire|consultante ferroviaire|ingénieur d’études ferroviaire/ingénieure d’études ferroviaire|ingénieur d’études ferroviaire|consultant ferroviaire/consultante ferroviaire|consultant ferroviaire|ingénieure ferroviaire|ingénieur ferroviaire
http://data.europa.eu/esco/occupation/3ce9c89d-6f1a-48b5-942d-386e46e2fd06,technicien en génie climatique/technicienne en génie climatique,technicienne-thermicienne|technicienne du froid et du conditionnement d’air|technicien en génie climatique|techicien-thermicien|technicienne en systèmes de génie climatique|technicien en systèmes de génie climatique|technicienne en génie climatique|technicien du froid et du conditionnement d’air
http://data.europa.eu/esco/occupation/3c305542-a51b-4b96-8d45-af11ca05eaa2,vétérinaire enseignant-chercheur/vétérinaire enseignante-chercheuse,vétérinaire enseignant-chercheur|vétérinaire enseignante-chercheuse
http://data.europa.eu/esco/occupation/3d7a1284-824c-47d9-8387-b8e1cd5888b5,maître de conférences des universités-praticien hospitalier d’odontologie/maîtresse de conférences des universités-praticienne hospitalière d’odontologie,maîtresse de conférences des universités-praticienne hospitalière d’odontologie|chirurgien-dentiste professeur des universités-praticien hospitalier/chirurgienne-dentiste professeure des universités-praticienne hospitalière|chirurgien-dentiste professeur des universités-praticien hospitalier|chirurgien-dentiste maître de conférences des universités-praticien hospitalier|maître de conférences des universités-praticien hospitalier d’odontologie|chirurgienne-dentiste maîtresse de conférences des universités-praticienne hospitalière|chirurgienne-dentiste professeure des universités-praticienne hospitalière|chirurgien-dentiste maître de conférences des universités-praticien hospitalier/chirurgienne-dentiste maîtresse de conférences des universités-praticienne hospitalière
http://data.europa.eu/esco/occupation/3f74aad8-2d60-4be2-b059-8dba5568d530,puériculteur/puéricultrice,aide maternelle de crèche-halte garderie|éducatrice en petite enfance|accueillante d'enfants|accueillant d'enfants|nounou|assistant de crèche|puéricultrice|puériculteur|assistante de crèche|assistant maternel|éducateur en petite enfance|gardien d'enfants|aide maternel de crèche-halte garderie|gardienne d'enfants|assistante maternelle
http://data.europa.eu/esco/occupation/3dab5c3f-84d0-4d52-901d-dd262eaea509,ingénieur de recherche/ingénieure de recherche,ingénieur de recherche|ingénieure de recherche
http://data.europa.eu/esco/occupation/3d2637f9-e56a-4769-b3a9-e413f95c20db,spécialiste en import-export de boissons,
http://data.europa.eu/esco/occupation/3e1a2f3c-20d6-4d33-aa6f-63cd2a32698d,trésorier d'entreprise/trésorière d'entreprise,trésorière d'entreprise|trésorier d'entreprise
http://data.europa.eu/esco/occupation/3f73120d-cece-4848-9fb4-61fdbaa7eba5,dessinateur technique matériel roulant/dessinatrice technique matériel roulant,dessinateur technique matériel roulant|dessinatrice technique matériel roulant
http://data.europa.eu/esco/occupation/3db35c88-bcb7-4de4-914a-9a9839a3c911,professeur de gestion des entreprises de la voie professionnelle/professeure de gestion des entreprises de la voie professionnelle,professeur de gestion des entreprises (voie professionnelle)|professeure de gestion des entreprises de la voie professionnelle|professeur de gestion des entreprises (voie professionnelle)/professeure de gestion des entreprises (voie professionnelle)|professeure de gestion des entreprises (voie professionnelle)|professeur de gestion des entreprises de la voie professionnelle
http://data.europa.eu/esco/occupation/3cbbdb83-7c36-4ae5-8c45-6c284186f477,modeleur/modeleuse,modeleur|modeleuse
http://data.europa.eu/esco/occupation/3dbd758c-6dc0-41fe-8248-2250c9bfa4ab,climatologue,climatologiste
http://data.europa.eu/esco/occupation/3d924c0d-ffee-4f11-adc7-c2bfb76fcf73,repasseur en blanchisserie industrielle/repasseuse en blanchisserie industrielle,presseur en blanchisserie/presseuse en blanchisserie|repasseur en blanchisserie industrielle|repasseuse|repasseur-presseur en blanchisserie industrielle|repasseur|repasseur/repasseuse|presseur en blanchisserie|repasseuse en blanchisserie industrielle|presseuse en blanchisserie|repasseur-presseur en blanchisserie industrielle/repasseuse-presseuse en blanchisserie industrielle|repasseuse-presseuse en blanchisserie industrielle
http://data.europa.eu/esco/occupation/3cee6bea-4a19-4511-9bbb-fdf820857555,officier de police judiciaire/officière de police judiciaire,officier de police judiciaire|officière de police judiciaire
http://data.europa.eu/esco/occupation/3fa31588-2e4d-49c3-b839-4b615cc62742,conseiller humanitaire/conseillère humanitaire,consultant humanitaire|consultante humanitaire|consultant humanitaire/consultante humanitaire|conseiller humanitaire|conseillère humanitaire
http://data.europa.eu/esco/occupation/403be630-8d1e-43b7-9f07-098aca5bb689,médiateur de justice/médiatrice de justice,médiatrice de justice|médiateur de justice
http://data.europa.eu/esco/occupation/3f863faa-c045-4f05-a419-b19182aea866,ingénieur de forage/ingénieure de forage,ingénieur forage/ingénieure forage|ingénieure de forage|ingénieur de forage|ingénieure forage|ingénieur forage
http://data.europa.eu/esco/occupation/40b77b1b-6f9c-4d25-8b08-8b3cb0aaf7e7,ingénieur explosifs/ingénieure explosifs,ingénieure explosifs|ingénieur explosifs|chef de tir de mines
http://data.europa.eu/esco/occupation/40517ed4-2769-4283-a15b-4b0d939bd2d3,superviseur de production/superviseuse de production,superviseur de production|superviseuse de production
http://data.europa.eu/esco/occupation/404a50e9-61ce-448d-a695-bbfc697a0727,ministre,premier ministre|première ministre
http://data.europa.eu/esco/occupation/40260ee8-c94a-4dc8-a562-f9fbc2fe13b1,technicien d’inspection de réseau d’assainissement/technicienne d’inspection de réseau d’assainissement,inspectrice de réseau d’assainissement|technicien de contrôle de réseau d’assainissement|technicienne de contrôle de réseau d’assainissement|inspecteur de réseau d’assainissement|technicien d'inspection de réseau d’assainissement|technicienne d'inspection de réseau d’assainissement
http://data.europa.eu/esco/occupation/3fa9a480-ceb3-4c2a-8a91-0508e1bb6ba5,patronnier CAO-DAO d'articles chaussants/patronnière CAO-DAO d'articles chaussants,patronnier-gradeur en industrie des matériaux souples|patronnier CAO-DAO d'articles chaussants|opératrice sur système informatisé patronage/gradation|gradeur|gradeuse|patronnière-gradeuse en industrie des matériaux souples|opérateur sur système informatisé patronage-gradation|patronnière CAO-DAO d'articles chaussants
http://data.europa.eu/esco/occupation/3ff2fdf4-af54-4517-873d-73e9353f112e,vendeur en jeux vidéo/vendeuse en jeux vidéo,vendeuse en jeux électroniques|vendeur en jeux vidéo|vendeur en jeux électroniques|vendeuse en jeux vidéo
http://data.europa.eu/esco/occupation/3f7b7ce5-94b6-4e0c-98e7-a4ee5a6accf4,toxicologue,toxicologue de l’industrie|toxicologiste
http://data.europa.eu/esco/occupation/41beead9-98ad-4c89-b6e0-a14149f4eeab,pompiste,
http://data.europa.eu/esco/occupation/41535a7d-f2ed-4937-9b7e-3b14c8c755b3,opérateur d’installation de blanchiment/opératrice d’installation de blanchiment,opératrice d’installation de blanchiment|opérateur d’installation de blanchiment|conducteur de tour de blanchiment|conductrice de tour de blanchiment|conducteur de tour de blanchiment/conductrice de tour de blanchiment
http://data.europa.eu/esco/occupation/42ff9e52-1f56-427d-b772-b9328c39b98a,dessinateur d’art/dessinatrice d’art,dessinateur d'art|dessinatrice d'art
http://data.europa.eu/esco/occupation/4370b117-d9ec-424c-80de-fd92ba740f65,conducteur de compacteurs/conductrice de compacteurs,conducteur d’engins de compactage/conductrice d’engins de compactage|conductrice de compacteurs|conducteur de compacteurs|conducteur d’engins de compactage|conducteur de rouleau compresseur/conductrice de rouleau compresseur|conductrice d’engins de damage|conducteur d’engins de damage/conductrice d’engins de damage|conductrice d’engins de compactage|conducteur d’engins de damage|conducteur de rouleau compresseur|conductrice de rouleau compresseur
http://data.europa.eu/esco/occupation/43ee9c1a-59c2-48ee-afcd-c384dca92162,portier/portière,gardienne|portier|portière|gardien|concierge
http://data.europa.eu/esco/occupation/41d4be58-3111-48b5-814a-83117983dd16,accrocheur/accrocheuse,foreuse|foreur gaz|foreur pétrole/foreuse pétrole|foreur/foreuse|foreur pétrole|foreur|foreuse gaz|foreuse pétrole|foreur gaz/foreuse gaz|accrocheur|accrocheuse
http://data.europa.eu/esco/occupation/43eb6228-8241-47d6-875e-7ccc214291d5,technicien d’essais de batteries/technicienne d’essais de batterie,technicienne d'essais de batterie|technicien d'essais de batterie
http://data.europa.eu/esco/occupation/447cfc9c-c0bf-4553-8f47-91f7ce5e51bc,polisseur sur verre/polisseuse sur verre,polisseur sur verre|polisseuse sur verre
http://data.europa.eu/esco/occupation/4163b31e-440b-4991-b5c3-48d0515250ef,agent de commercialisation en réseau,animateur de vente en réseau|vendeur à domicile|animatrice de vente en réseau|conseiller de vente à domicile|conseiller de vente en réseau|vendeur à domicile/vendeuse à domicile|vendeuse à domicile|conseiller de vente en réseau/conseillère de vente en réseau|conseiller de vente à domicile/conseillère de vente à domicile|conseillère de vente en réseau|animatrice de vente multiniveau|animateur de vente en réseau/animatrice de vente en réseau|animateur de vente multiniveau|conseillère de vente à domicile
http://data.europa.eu/esco/occupation/43c86ca8-7357-4e8e-9a1c-bae427f61c5e,opérateur de presse à vis sans fin/opératrice de presse à vis sans fin,opératrice de presse d’extrusion|opératrice de presse à vis sans fin|opérateur de presse d’extrusion/opératrice de presse d’extrusion|opérateur de presse d’extrusion|opérateur de presse à vis sans fin
http://data.europa.eu/esco/occupation/432cd69f-6323-4147-94f2-342de3cb0a65,superviseur en production d’instruments optiques/superviseuse en production d’instruments optiques,superviseuse en production d’instruments optiques|superviseur en production d’instruments optiques
http://data.europa.eu/esco/occupation/43d49e27-302b-439d-bce6-86555527edb5,inspecteur de santé publique/inspectrice de santé publique,inspectrice de santé publique|contrôleur de santé publique|inspecteur de santé publique|contrôleuse de santé publique
http://data.europa.eu/esco/occupation/431f0055-43ca-406c-99f0-fb10a73d684e,corroyeur en industrie du bois/corroyeuse en industrie du bois,corroyeuse en industrie du bois|dégauchisseuse sur machines à bois|dégauchisseur sur machines à bois/dégauchisseuse sur machines à bois|dégauchisseur sur machines à bois|corroyeur en industrie du bois
http://data.europa.eu/esco/occupation/426c8cca-31f7-4a88-af60-6f5365ab3a62,conducteur de niveleuse/conductrice de niveleuse,conducteur de niveleuse|conductrice de niveleuse
http://data.europa.eu/esco/occupation/41a8e7c8-e1d8-4984-9b3c-dbbad1699f83,poseur de plafonds/poseuse de plafonds,poseur de plafond|poseuse de plafonds tendus|poseur de plafonds tendus|poseuse de plafonds|monteuse en faux-plafonds|monteur en faux-plafonds
http://data.europa.eu/esco/occupation/425f4904-3a7a-4ad0-ac5b-42b38392f768,opérateur d’équipement lourd souterrain/opératrice d’équipement lourd souterrain,mécanicienne de matériel mobile lourd d’exploitation minière|opératrice d'équipement lourd souterrain|mécanicien de matériel mobile lourd d’exploitation minière/mécanicienne de matériel mobile lourd d’exploitation minière|mécanicien de matériel mobile lourd d’exploitation minière|opérateur d'équipement lourd souterrain
http://data.europa.eu/esco/occupation/441a5b76-2f51-4704-9df7-3b8e715dd3ad,spécialiste en sciences du comportement,
http://data.europa.eu/esco/occupation/41d609a1-62df-4cec-ac71-6434e545a729,technicien corrosion/technicienne corrosion,inspecteur de pipelines|technicien de pipelines|technicien corrosion|inspectrice de pipelines|technicienne corrosion|technicienne de pipelines
http://data.europa.eu/esco/occupation/4305327d-3537-4dfb-a913-bce6614362f1,chef d’équipe de ramoneurs,chef d’équipe d’âtriers-fumistes|chef d’équipe de fumistes
http://data.europa.eu/esco/occupation/42c769cd-4c60-4bac-94d2-29a492b82b74,scopiste,correctrice d'épreuves|correcteur d'épreuves
http://data.europa.eu/esco/occupation/40da2fc6-8cb4-4cd3-8fe3-899715905070,tatoueur/tatoueuse,peintre corporel|perceur corporel|maquilleur corporel|perceuse corporelle|peintre corporelle|tatoueur|maquilleuse corporelle|tatoueuse
http://data.europa.eu/esco/occupation/44b0f118-2a70-4eec-b301-89d7fd84a3d0,opérateur de séchoirs à bois/opératrice de séchoirs à bois,opératrice de séchoirs à bois|opérateur de séchoirs à bois
http://data.europa.eu/esco/occupation/43841fa5-f8ae-43ce-834d-5482ec23ef9e,fabricant de produits laitiers/fabricante de produits laitiers,fabricant de yaourts|fabricant de fromages|fabricante de yaourts|fabricante de produits laitiers|fabricante de glaces|fabricant de glaces|fabricant de beurre|fabricante de beurre|fabricant de produits laitiers|fabricante de fromages
http://data.europa.eu/esco/occupation/44cd9d91-5552-4735-86b8-4b2c5d39efc8,gérant de blanchisserie et nettoyage à sec/gérante de blanchisserie et nettoyage à sec,gérante de blanchisserie et nettoyage à sec|gérant de blanchisserie et nettoyage à sec
http://data.europa.eu/esco/occupation/42381741-f3a7-4b26-b35c-da6fad9f1cfd,technicien en ingénierie de mise au point de produits/technicienne en ingénierie de mise au point de produits,technicienne en ingénierie de mise au point de produits|technicien en ingénierie de mise au point de produits
http://data.europa.eu/esco/occupation/44e0c015-309d-4f67-98a3-1e036966ed7f,directeur du budget/directrice du budget,directeur du budget|directrice du budget|responsable budgétaire et financier|responsable du budget
http://data.europa.eu/esco/occupation/425ed170-bf90-42c9-b5bd-148282ed96ff,responsable service production tourisme,conceptrice de produits touristiques|responsable du développement du tourisme|responsable de la promotion touristique|concepteur de produits touristiques
http://data.europa.eu/esco/occupation/42abcbcb-721b-4da6-9c06-f6951969d056,responsable import-export de parfums et produits de beauté,
http://data.europa.eu/esco/occupation/44508e7b-f56b-4bfb-9cd6-879838aecd94,chef de projet aménagement,responsable de conception et de réalisation de constructions
http://data.europa.eu/esco/occupation/439c52ae-23ce-4d1e-bea1-bac135497977,hydrographe,ingénieur hydrographe/ingénieure hydrographe|ingénieure hydrographe|ingénieur hydrographe
http://data.europa.eu/esco/occupation/449f6aef-a8e6-4edc-aea4-802a7b773e00,"responsable de la logistique distribution de matières premières agricoles, semences et aliments pour le bétail",
http://data.europa.eu/esco/occupation/42e9d1c5-76f1-41ef-996e-38d5ac711a31,inspecteur de matériel roulant/inspectrice de matériel roulant,contrôleur technique du matériel roulant|inspectrice de matériel roulant|visiteuse de matériel roulant|visiteur de matériel roulant|inspecteur de matériel roulant|contrôleuse technique du matériel roulant
http://data.europa.eu/esco/occupation/4311b9e0-064e-41bc-b120-5eb21f337780,"responsable import-export de café, thé, cacao et épices",
http://data.europa.eu/esco/occupation/42dbb769-4c91-47dc-bd16-ec8e70c4180f,ingénieur en énergie solaire/ingénieure en énergie solaire,ingénieur d’études en solaire photovoltaïque/ingénieure d’études en solaire photovoltaïque|ingénieur en énergie solaire|ingénieure projet solaire|ingénieur projet solaire/ingénieure projet solaire|ingénieur d’études en solaire photovoltaïque|ingénieure en énergie solaire|ingénieure d’études en solaire photovoltaïque|ingénieur projet solaire
http://data.europa.eu/esco/occupation/423f4021-322b-4257-9a4e-d6ee5d166fbc,sellier-garnisseur en construction navale/sellière-garnisseuse en construction navale,sellière-garnisseuse en construction navale|sellier-garnisseur en construction navale
http://data.europa.eu/esco/occupation/444c9aa9-578d-4a9a-9949-99ef1bacb20e,technicien en ingénierie automobile/technicienne en ingénierie automobile,technicien en ingénierie automobile|technicienne en ingénierie automobile
http://data.europa.eu/esco/occupation/41a51397-089d-459d-9b7e-f1cdee5ad6bb,peintre décorateur/peintre décoratrice,peintre décoratrice|peintre décorateur
http://data.europa.eu/esco/occupation/42a96d07-1e1d-49ae-9399-c1f4be27ddea,conseiller à l’emploi/conseillère à l’emploi,conseillère de pôle emploi|conseillère à l'emploi|conseiller à l'emploi|chargée d'emploi en entreprise de travail temporaire|conseiller de pôle emploi|chargé d'emploi en entreprise de travail temporaire
http://data.europa.eu/esco/occupation/4542ff68-f809-4ba1-857c-fd26d0914eaa,opérateur de pompe à boues/opératrice de pompe à boues,technicienne de pompage|technicien de pompage|opérateur de pompe à boues|technicien de pompage/technicienne de pompage|opératrice de pompe à boues
http://data.europa.eu/esco/occupation/45037d43-a8f5-4f46-b332-b2935bc305f4,conducteur de poids lourd/conductrice de poids lourd,conducteur routier de transport de marchandises/conductrice routière de transport de marchandises|camionneur|routier/routière|camionneur/camionneuse|conducteur routier|conductrice de poids lourd|chauffeur routier/chauffeuse routière|conductrice routière de transport de marchandises|chauffeur de poids lourd/chauffeuse de poids lourd|routier|conducteur de poids lourd|conducteur routier/conductrice routière|conducteur routier de transport de marchandises|routière|conductrice routière|chauffeuse de poids lourd|chauffeur de poids lourd|camionneuse
http://data.europa.eu/esco/occupation/44ec4c04-c2d4-4b92-bb27-e56f5b096d97,responsable de la sécurité aéroportuaire,
http://data.europa.eu/esco/occupation/45517bc3-0887-416d-95fe-6ace1b90bddd,responsable de production en métallurgie,
http://data.europa.eu/esco/occupation/4552095e-3396-4831-86ad-4fc34ec39a19,responsable d’exploitation agricole,responsable d'exploitations agricoles|gérante de ferme|gérante d'exploitation agricole|responsable de ferme|gérant de ferme|gérant d'exploitation agricole
http://data.europa.eu/esco/occupation/456ed487-02f2-45c9-9213-d0fd8e9a069d,configurateur d’applications/configuratrice d’applications,configuratrice logiciel|configuratrice d'applications|configurateur|configuratrice|configuratrice de logiciels|configurateur logiciel|configuratrice applications|responsable de la configuration d'applications|configurateur applications|configurateur d'applications|configurateur de logiciels
http://data.europa.eu/esco/occupation/4568a282-3904-4dfc-a6ec-e847b3ca90e8,superviseur en fabrication de produits en plastique-caoutchouc/superviseuse en fabrication de produits en plastique-caoutchouc,cheffe d’atelier en industrie du plastique-caoutchouc|superviseur en fabrication de produits en plastique-caoutchouc|responsable d’atelier en industrie du plastique-caoutchouc|chef d’atelier en industrie du plastique-caoutchouc|superviseuse en fabrication de produits en plastique-caoutchouc
http://data.europa.eu/esco/occupation/4543bf7b-8ffb-4ade-88b9-58da34366f04,responsable de la planification de la capacité informatique,responsable de la planification de la capacité en TIC|responsable de la planification de la capacité en technologies de l'information et de la communication|planificatrice de la capacité TIC|planificateur de la capacité TIC|planificateur de la capacité informatique|planificateur de la capacité en TIC|planificatrice de la capacité informatique|planificatrice de la capacité en TIC
http://data.europa.eu/esco/occupation/45170a38-b3ae-4a96-90ff-eb45e55600b6,arrangeur musical/arrangeuse musicale,arrangeuse musicale|arrangeur musical
http://data.europa.eu/esco/occupation/4553ecf8-1f0c-4bf1-8718-d8a6b95d6fc2,instructeur navigation aérienne/instructrice navigation aérienne,instructrice navigation aérienne|instructeur navigation aérienne
http://data.europa.eu/esco/occupation/46bbecf4-368a-44a8-9262-dcd775ae2c46,puisatier/puisatière,puisatier|puisatière
http://data.europa.eu/esco/occupation/490d0c6f-0dc8-4825-9f17-207749fb1785,réparateur de distributeurs automatiques de billets/réparatrice de distributeurs automatiques de billets,réparatrice de distributeurs automatiques de billets|technicien en réparation de distributeurs automatiques de billets|technicienne en réparation de distributeurs automatiques de billets|réparateur de distributeurs automatiques de billets
http://data.europa.eu/esco/occupation/4910419f-b4af-4f59-b544-9dbebc8a74f0,électricien/électricienne,électricienne|électricien
http://data.europa.eu/esco/occupation/48318e0f-b54b-4654-b296-47c8e544da23,conducteur d’encolleuses en industrie du bois/conductrice d’encolleuses en industrie du bois,opérateur d’encolleuse de chants/opératrice d’encolleuse de chants|opératrice d’encolleuse de chants|opératrice d’encolleuse de bandes de finition|conducteur d’encolleuses en industrie du bois|opérateur sur encolleuses en industrie du bois/opératrice sur encolleuses en industrie du bois|conductrice d’encolleuses en industrie du bois|opérateur de plaqueuse de chants|opérateur sur encolleuses en industrie du bois|opérateur d’encolleuse de chants|opérateur d’encolleuse de bandes de finition|opérateur de plaqueuse de chants/opératrice de plaqueuse de chants|opératrice sur encolleuses en industrie du bois|opérateur d’encolleuse de bandes de finition/opératrice d’encolleuse de bandes de finition|opératrice de plaqueuse de chants
http://data.europa.eu/esco/occupation/4795d4e3-c623-47ff-abab-7de97fcb764e,acheteur d’espaces publicitaires/acheteuse d’espaces publicitaires,acheteur d'espaces publicitaires|acheteuse d'espaces publicitaires
http://data.europa.eu/esco/occupation/47c27a07-4657-42b7-adee-d805902c1ff8,conducteur de drague/conductrice de drague,conductrice de drague|conducteur de drague
http://data.europa.eu/esco/occupation/4791e217-d607-40d5-9f84-df1d0a071cbc,chargé du marketing/chargée du marketing,directeur du marketing|chargé du marketing|chargée du marketing|directrice du marketing|directeur du marketing/directrice du marketing|responsable mercaticien|responsable mercaticienne|responsable mercaticien/responsable mercaticienne
http://data.europa.eu/esco/occupation/45a28fe1-30a4-4175-af19-e451ada60858,directeur de caisse de crédit mutuel/directrice de caisse de crédit mutuel,directrice de coopérative de crédit|directeur de coopérative de crédit|directeur de banque mutualiste|directrice de banque coopérative|directeur de banque coopérative|directrice de banque mutualiste|directeur de caisse de crédit mutuel|directrice de caisse de crédit mutuel
http://data.europa.eu/esco/occupation/47300afa-5496-484c-8f65-14247a98b2b8,ouvrier génie civil/ouvrière génie civil,ouvrier génie civil|ouvrière génie civil
http://data.europa.eu/esco/occupation/491cf76d-eb0d-4f15-90f0-3f5c9b11472a,ingénieur assurance qualité en jeux de hasard et pari/ingénieure assurance qualité en jeux de hasard et pari,ingénieure assurance qualité en jeux de hasard et pari|ingénieur assurance qualité en jeux de hasard et pari
http://data.europa.eu/esco/occupation/46db7e2e-d44d-412a-9a80-02d43111aca8,formateur en photographie/formatrice en photographie,formateur en photographie|formatrice en photographie
http://data.europa.eu/esco/occupation/461959ed-6a80-4c33-a75e-26aaeb52a5a7,technicien en systèmes de drainage/technicienne en systèmes de drainage,technicien en systèmes de drainage|technicienne en systèmes de drainage
http://data.europa.eu/esco/occupation/47dd863b-b124-4bb1-bb42-a9498492a8cb,ingénieur combustibles liquides/ingénieure combustibles liquides,ingénieure combustibles liquides|ingénieur combustibles liquides
http://data.europa.eu/esco/occupation/47ae3ed9-e03c-450e-9ea8-aab317545adc,pilote de salle de contrôle d’installation de traitement de gaz,
http://data.europa.eu/esco/occupation/4887c8a5-35d3-44c3-be69-346027e485f0,responsable des loisirs,directrice des services d’accueil et de divertissement|responsable des services d’accueil et de divertissement|directrice des loisirs|directeur des loisirs|directeur des services d’accueil et de divertissement
http://data.europa.eu/esco/occupation/463558cd-6e02-43a8-a675-d4e65af70431,conseiller en herboristerie/conseillère en herboristerie,intervenante en iridologie|intervenant en iridologie|conseillère en herboristerie|conseiller en herboristerie|herboriste|intervenant en phytothérapie|conseillère en naturopathie|intervenante en phytothérapie|conseiller en naturopathie
http://data.europa.eu/esco/occupation/49023c69-302f-4671-b26f-7229d1a53915,enseignant-chercheur en communication/enseignante-chercheuse en communication,enseignante-chercheuse en communication|enseignant-chercheur en communication
http://data.europa.eu/esco/occupation/489b9a38-89a2-425c-95b9-79cec66379e1,pédicure,
http://data.europa.eu/esco/occupation/4779055b-f769-4c6d-8e0e-088bb74cfce9,agent d'entretien en piscine/agente d'entretien en piscine,agente d'entretien en piscine|agent d'entretien en piscine
http://data.europa.eu/esco/occupation/479ede81-bd51-4f3b-9d30-4910699fd211,enseignant-chercheur en journalisme/enseignante-chercheuse en journalisme,enseignante-chercheuse en journalisme|enseignant-chercheur en journalisme
http://data.europa.eu/esco/occupation/4874fa37-0cd1-4a68-aed8-a838851f242d,linguiste informaticien/linguiste informaticienne,linguiste informaticienne|linguiste informaticien
http://data.europa.eu/esco/occupation/47e4135b-95d1-4462-920c-afcbd7c4d9be,technicien matériel de location/technicienne matériel de location,technicienne matériel de location|technicien matériel de location
http://data.europa.eu/esco/occupation/49607371-2712-4b0a-8d7c-1b4bc22d9581,responsable de la logistique distribution de bois et matériaux de construction,
http://data.europa.eu/esco/occupation/48cff102-9fe2-4e0f-8156-88fd8a686e6c,fileur sur métiers classiques/fileuse sur métiers classiques,fileuse sur métiers classiques|fileur sur métiers classiques
http://data.europa.eu/esco/occupation/476420bb-2577-4f79-ad32-186f19c4fd02,pilote d’hélicoptère,
http://data.europa.eu/esco/occupation/45f8504d-24ac-4bcd-8692-a93acc74204c,technicien/technicienne de laboratoire contrôle qualité - fabrication d’articles en cuir,technicienne de laboratoire contrôle qualité dans la fabrication d’articles en cuir|technicien de laboratoire contrôle qualité dans la fabrication d’articles en cuir
http://data.europa.eu/esco/occupation/46f9d58f-11bd-4d96-b000-ff4490d3009b,professeur d’arts industriels/professeure d’arts industriels,professeur d’arts industriels|professeure d’arts industriels
http://data.europa.eu/esco/occupation/47b747bb-5bbf-40d5-aa3e-8d4a79238502,gérant de magasin bijouterie-horlogerie/gérante de magasin bijouterie-horlogerie,responsable de magasin bijouterie-horlogerie|gérante de magasin bijouterie-horlogerie|gérant de magasin bijouterie-horlogerie
http://data.europa.eu/esco/occupation/463a687a-c7e9-469a-bb38-dcdfe1e7e35f,gérant de magasin d'équipement audio et vidéo/gérante de magasin d'équipement audio et vidéo,gérante de magasin d'équipement audio et vidéo|responsable de magasin d'équipement audio et vidéo|gérant de magasin d'équipement audio et vidéo|responsable de magasin d'équipement audiovisuel
http://data.europa.eu/esco/occupation/484ca14a-8e11-4ae1-ba9c-901cd86df56b,négociant grossiste en produits pharmaceutiques/négociante grossiste en produits pharmaceutiques,négociante grossiste en produits pharmaceutiques|négociant grossiste en produits pharmaceutiques
http://data.europa.eu/esco/occupation/4666cccf-cfbc-4296-95b5-67dad2f620d2,moniteur de bus-école/monitrice de bus-école,moniteur de bus-école|monitrice de bus-école|formatrice en conduite de bus|formateur en conduite de bus
http://data.europa.eu/esco/occupation/48c8eccb-4bd0-487e-a187-4953cbbe956e,animateur 2D et 3D/animatrice 2D et 3D,animateur 2D et 3D|animatrice 2D et 3D
http://data.europa.eu/esco/occupation/48b336d2-7ffb-49a3-a010-444b68ddd12d,boucher en boucherie halal/bouchère en boucherie halal,bouchère en boucherie halal|boucher en boucherie halal
http://data.europa.eu/esco/occupation/47e81c7f-2d04-4a60-a8ff-9913c36d8344,assistant marketing/assistante marketing,assistante marketing|chargée de projet marketing|chargé de projet marketing/chargée de projet marketing|chargé de projet marketing|assistant marketing
http://data.europa.eu/esco/occupation/49713da4-4e97-4f82-bd1c-16ce7f9179b7,maquilleur/maquilleuse,maquilleur|maquilleuse
http://data.europa.eu/esco/occupation/4588cd69-e6a5-4668-94c7-f02a3d86a649,formateur numérique/formatrice numérique,formatrice numérique|formateur numérique
http://data.europa.eu/esco/occupation/46354077-416f-4440-a0c3-dddee9031c05,professeur en génie électrique et énergétique de la voie professionnelle/professeure en génie électrique et énergétique de la voie professionnelle,professeur en génie électrique et énergétique (voie professionnelle)|professeure en génie électrique et énergétique (voie professionnelle)|professeure en génie électrique et énergétique de la voie professionnelle|professeur en génie électrique et énergétique de la voie professionnelle|professeur en génie électrique et énergétique (voie professionnelle)/professeure en génie électrique et énergétique (voie professionnelle)
http://data.europa.eu/esco/occupation/480d2853-db07-43d4-847f-7ffdd8d368f5,reporter-photographe,
http://data.europa.eu/esco/occupation/4a1125ee-5728-4b1f-b655-7b8eb2e27660,manager en restauration rapide/manageuse en restauration rapide,directrice en restauration rapide|manageuse en reastauration rapide|responsable de fast-food|responsable en restauration rapide|manager en restauration rapide|directeur en restauration rapide
http://data.europa.eu/esco/occupation/49f1e9aa-189b-4417-afaa-373cc4ffeea1,"étireur en verre plat, verre technique, fils et fibres/étireuse en verre plat, verre technique, fils et fibres","opérateur de puits d’étirage-formage du verre|étireuse en fils et fibres de verre|étireur en fils et fibres de verre|étireur en fils et fibres de verre/étireuse en fils et fibres de verre|étireuse en verre plat, verre technique, fils et fibres|opératrice de puits d’étirage-formage du verre|étireur en verre plat, verre technique, fils et fibres|opérateur de puits d’étirage-formage du verre/opératrice de puits d’étirage-formage du verre"
http://data.europa.eu/esco/occupation/49c3db8c-c586-42d1-9726-f65d8303c0b1,lexicographe,
http://data.europa.eu/esco/occupation/49e28648-4fa8-4b36-ac4d-781c108547bf,dispatcheur transport de marchandises/dispatcheuse transport de marchandises,dispatcheur transport de marchandises|dispatcheuse transport de marchandises
http://data.europa.eu/esco/occupation/49b21ca8-04be-4912-a2f7-0170550e18fa,opérateur en reliure/opératrice en reliure,opératrice en reliure|opérateur en reliure
http://data.europa.eu/esco/occupation/49e4e358-8ba3-4a05-8ef9-abb73156f5f7,chiropracteur/chiropractrice,chiropraticien|ostéopathe|thérapeute en chiropratique|kinésithérapeute chiropracteur|chiropraticienne|kinésithérapeute chiropracteur/kinésithérapeute chiropractrice|kinésithérapeute chiropractrice|chiropraticien/chiropraticienne|chiropracteur|chiropractrice
http://data.europa.eu/esco/occupation/4975c4cc-a89f-4ea8-82aa-501258dfb2f9,souscripteur IARD/souscriptrice IARD,souscripteur IARD|souscriptrice non vie|souscriptrice IARD|souscripteur non vie
http://data.europa.eu/esco/occupation/499f80e3-860c-48ef-8286-be929a93e254,sommelier/sommelière,sommelier|sommelière
http://data.europa.eu/esco/occupation/49ca9fe4-4513-4657-b27f-eaad11e6158a,directeur d'agence de loterie/directrice d'agence de loterie,directeur d'agence de loterie|directrice d'agence de loterie
http://data.europa.eu/esco/occupation/497a65bf-04e5-48ed-939e-2a68419f8144,œnologue,viticultrice|sommelier|sommelière|caviste|viticulteur
http://data.europa.eu/esco/occupation/4c86c7c1-0839-456e-856f-65396d1f39d7,bobineur-assembleur en filature textile/bobineuse-assembleuse en filature textile,bobineur-assembleur en filature textile|bobinier en filature textile|bobinière en filature textile|bobineuse-assembleuse en filature textile|bobinier en filature textile/bobinière en filature textile
http://data.europa.eu/esco/occupation/4bef1707-a251-427e-9d8b-96595ec38d45,directeur de collection/directrice de collection,éditeur|directrice de collection|éditrice|directeur de collection
http://data.europa.eu/esco/occupation/4ad4024e-d1d3-4dea-b6d1-2c7948111dce,technicien de véhicules/technicienne de véhicules,technicienne de véhicules|technicien de véhicules
http://data.europa.eu/esco/occupation/4b6b09e6-e1f6-46d8-b16a-d3522c367983,opérateur de rectifieuse cylindrique/opératrice de rectifieuse cylindrique,opérateur de rectifieuse cylindrique|opératrice de rectifieuse cylindrique
http://data.europa.eu/esco/occupation/4a30b421-2fda-42d6-b7e1-1c31753f061d,façonneur de tubes isolants/façonneuse de tubes isolants,façonneuse de tubes isolants|façonneur de tubes isolants
http://data.europa.eu/esco/occupation/4a5ceaae-0f05-4091-bdbf-59f250ce6374,conducteur de traitement thermique/conductrice de traitement thermique,conductrice de traitement thermique|agent de traitement thermique/agente de traitement thermique|agent de production de traitement thermique|agente de traitement thermique|conductrice de four de traitement thermique|agent de traitement thermique|conducteur de four de traitement thermique/conductrice de four de traitement thermique|conducteur de four de traitement thermique|agent de production de traitement thermique/agente de production de traitement thermique|agente de production de traitement thermique|conducteur de traitement thermique
http://data.europa.eu/esco/occupation/4a3f40a8-0587-494c-b8d3-7098b8c5992f,premier sergent,caporal/caporale|sergente|caporal-chef/caporale-chef|caporale|sergent|caporal|caporal-chef|caporale-chef
http://data.europa.eu/esco/occupation/4b05bef2-ded4-4b09-ab94-f4c6a555a775,travailleur social/travailleuse sociale,intervenant d'action sociale|travailleur social|intervenante d'action sociale|travailleuse sociale
http://data.europa.eu/esco/occupation/4ae470fc-bcf8-4704-abd5-e086ebb1552c,gestionnaire des adhésions,responsable des adhésions
http://data.europa.eu/esco/occupation/4be368e3-badb-4b9f-9d0a-4d0f7565540a,ingénieur sécurité incendie/ingénieure sécurité incendie,ingénieur sécurité incendie|ingénieure prévention incendie|ingénieur prévention incendie/ingénieure prévention incendie|ingénieure sécurité incendie|ingénieur conseil-préventionniste en sécurité incendie/ingénieure conseil-préventionniste en sécurité incendie|ingénieur conseil-préventionniste en sécurité incendie|ingénieur prévention incendie|ingénieure conseil-préventionniste en sécurité incendie
http://data.europa.eu/esco/occupation/4b709f9e-6112-4d58-81b0-2d6e6a69d61b,ingénieur en technologie alimentaire/ingénieure en technologie alimentaire,ingénieur en technologie alimentaire|technologiste alimentaire|ingénieure en technologie alimentaire|technologue alimentaire|technologiste des aliments|technologue en alimentation
http://data.europa.eu/esco/occupation/4b6a55a8-8ec9-4ae2-9f62-ebcea1fa93d0,conducteur de machines à papier ou carton/conductrice de machines à papier ou carton,conducteur machines de fabrication de papier carton/conductrice machines de fabrication de papier carton|conductrice de machines à papier ou carton|opérateur de production de papier carton/opératrice de production de papier carton|ouvrier de fabrication du papier carton|conducteur machines de fabrication de papier carton|conductrice machines de fabrication de papier carton|conducteur de machines à papier ou carton|opératrice de production de papier carton|opérateur de production de papier carton|ouvrière de fabrication du papier carton|ouvrier de fabrication du papier carton/ouvrière de fabrication du papier carton
http://data.europa.eu/esco/occupation/4a1d28b0-eca5-4c0a-a49d-ce974e7d04ce,opérateur de rectifieuse de surfaces planes/opératrice de rectifieuse de surfaces planes,finisseur industriel de surface|finisseur industriel de surface/finisseuse industrielle de surface|opératrice de traitement d’abrasion de surface|finisseuse industrielle de surface|opérateur de traitement d’abrasion de surface|opératrice de rectifieuse de surfaces planes|opérateur de rectifieuse de surfaces planes
http://data.europa.eu/esco/occupation/4a215d87-8363-4db2-a661-3c0d816b2a70,mineur de surface/mineuse de surface,mineuse|mineuse de surface|mineur/mineuse|mineur|mineur de surface
http://data.europa.eu/esco/occupation/4a29eab1-5f02-4723-a863-e2d5a0614dfa,responsable d'établissement de santé,directeur d'établissement de santé|directrice d'établissement de santé|directrice de clinique|directrice de centre hospitalier
http://data.europa.eu/esco/occupation/4ca8ba6c-dc55-40c0-ae6c-d55c94dd2e03,agent du renseignement/agente du renseignement,agent du renseignement|agente du renseignement
http://data.europa.eu/esco/occupation/4b214899-ed00-4156-b269-a23df0fb1093,directeur de la protection de l'environnement/directrice de la protection de l'environnement,responsable de la protection de l'environnement|directeur de la protection de l'environnement|responsable de la protection environnementale|directrice de la protection de l'environnement
http://data.europa.eu/esco/occupation/4b3201cb-ffc5-4f61-9fc3-5c0f0038fa5f,responsable de l’analyse commerciale des technologies de l’information et de la communication,responsable de l'analyse commerciale de la technologie de l'information et de la communication|responsable de l'analyse métier technologies de l'information et de la communication|responsable de l'analyse commerciale des TIC|responsable de l'analyse commerciale TIC
http://data.europa.eu/esco/occupation/4b8dced3-ac9e-445d-8787-e07daf52e295,technicien de laboratoire cuirs et peaux/technicienne de laboratoire cuirs et peaux,technicien de laboratoire cuirs et peaux|technicienne de laboratoire cuirs et peaux
http://data.europa.eu/esco/occupation/4b1b1c9c-579c-45c8-8a34-db39f544c031,marchand de meubles/marchande de meubles,vendeur en meubles|marchande de meubles|vendeur en luminaires|vendeur en articles de décoration|vendeuse en articles de décoration|marchand de meubles|vendeuse en meubles|vendeuse en luminaires
http://data.europa.eu/esco/occupation/4a39fddb-17e7-4431-be03-613edab8d1c8,contrôleur des impôts/contrôleuse des impôts,receveur des impôts|contrôleuse des impôts|inspecteur des impôts|inspectrice des impôts|inspectrice vérificatrice des impôts|inspecteur vérificateur des impôts|contrôleur des impôts|receveuse des impôts
http://data.europa.eu/esco/occupation/4b72d306-9781-434d-8522-1fcaf892cdce,transporteur non exploitant/transporteuse non exploitante de navire,transitaire|commissionnaire de transport|transporteur non exploitant de navire|transporteuse non exploitante de navire
http://data.europa.eu/esco/occupation/4be03a63-0423-4e50-acbf-aec405bb0741,agent du service de l’information aéronautique/agente du service de l’information aéronautique,agent du service de l'information aéronautique|agente du service de l'information aéronautique
http://data.europa.eu/esco/occupation/4bc4170d-f4df-44e4-a3be-394242ae3017,vendeur en valeurs mobilières/vendeuse en valeurs mobilières,vendeur en valeurs mobilières|vendeuse en valeurs mobilières
http://data.europa.eu/esco/occupation/4bdc4e52-1c9c-4d80-898a-18522d905fee,éducateur de la protection judiciaire de la jeunesse/éducatrice de la protection judiciaire de la jeunesse,éducateur de la protection judiciaire de la jeunesse|éducatrice de la protection judiciaire de la jeunesse
http://data.europa.eu/esco/occupation/4ac3c3a0-eb56-491f-8d21-1e5539a05b54,dresseur de chevaux/dresseuse de chevaux,dresseur de chevaux|dresseuse équestre|dresseuse de chevaux|dresseur équestre
http://data.europa.eu/esco/occupation/4b759f0e-8fec-4cf5-80d4-d112a9fd4e51,océanographe,
http://data.europa.eu/esco/occupation/4c313f2a-704e-4d3c-a7c2-98e1b93c9e94,responsable import-export mobilier de bureau,responsable import-export meubles de bureau
http://data.europa.eu/esco/occupation/4c715719-3c3f-4058-ba00-9b2ef34848e8,responsable de la communication financière,chargée de relations investisseurs|chargé de relations investisseurs|chargé de relations investisseurs/chargée de relations investisseurs
http://data.europa.eu/esco/occupation/4ae3ad16-2d33-406c-8497-c66f7d61b914,vendeur d’articles de seconde main/vendeuse d’articles de seconde main,brocanteuse|fripier|brocanteur|vendeur d'articles de seconde main|vendeur d'articles de deuxième main|vendeur en friperie|vendeuse d'articles de deuxième main|bouquiniste|vendeuse en friperie|fripière|vendeuse d'articles de seconde main
http://data.europa.eu/esco/occupation/4a5b3686-eea4-4ba0-b446-33f7b6a95aed,technicien en anatomopathologie/technicienne en anatomopathologie,technicien en anatomopathologie|technicienne en anatomopathologie
http://data.europa.eu/esco/occupation/4a13bafa-a2ac-4864-a278-176ea5969280,attaché technico-commercial en quincaillerie et fournitures pour plomberie et chauffage/attachée technico-commerciale en quincaillerie et fournitures pour plomberie et chauffage,attachée technico-commerciale en quincaillerie et fournitures pour plomberie et chauffage|attaché technico-commercial en quincaillerie et fournitures pour plomberie et chauffage
http://data.europa.eu/esco/occupation/4b536ea7-ebac-4f75-8356-94eb639f1ecc,superviseur de production en imprimerie/superviseuse de production en imprimerie,agent d'encadrement en industrie graphique|superviseuse de production en imprimerie|agente d'encadrement en industrie graphique|agent de maîtrise en industrie graphique|agente de maîtrise en industrie graphique|responsable d'atelier d'impression|superviseur de production en imprimerie
http://data.europa.eu/esco/occupation/4c6b3657-316e-43b5-872a-ea763411190d,délégué commercial en électricité/déléguée commerciale en électricité,déléguée commerciale en électricité|représentante en électricité|attaché commercial en électricité|attachée commerciale en électricité|délégué commercial en électricité|représentant en électricité
http://data.europa.eu/esco/occupation/4c40c1e8-0584-4a77-8ca3-ec82538f9488,conseiller en économie sociale et familiale/conseillère en économie sociale et familiale,conseiller en économie sociale et familiale|conseillère en économie sociale et familiale
http://data.europa.eu/esco/occupation/4be4ea31-1211-4f0c-82bb-f6fe10791f4d,directeur d'aérodrome/directrice d'aérodrome,directrice d'aérodrome|directrice d'exploitation aéroportuaire|directeur d'exploitation aéroportuaire|directeur d'aérodrome
http://data.europa.eu/esco/occupation/4a375b68-88a0-4e5f-99ce-9b01341dfb81,ingénieur matériaux/ingénieure matériaux,ingénieur en génie des matériaux|ingénieur en science des matériaux|ingénieure matériaux|ingénieur matériaux|ingénieure en science des matériaux|ingénieure en génie des matériaux|ingénieur en science des matériaux/ingénieure en science des matériaux|ingénieur en génie des matériaux/ingénieure en génie des matériaux
http://data.europa.eu/esco/occupation/4a246568-007e-46a8-a151-b98082ed6b50,afficheur semelle/afficheuse semelle,talonneur|afficheur semelle|talonneuse|afficheuse semelle|talonneur/talonneuse
http://data.europa.eu/esco/occupation/4c89c65c-4e35-44e3-8fa0-5d73e9e15325,assistant familial/assistante familiale,assistant familial|assistante familiale
http://data.europa.eu/esco/occupation/4c9ca706-3973-4926-854d-44011662ca83,technicien de maintenance sécurité alarme incendie/technicienne de maintenance sécurité alarme incendie,agente de maintenance en systèmes d'alarme et de sécurité|technicienne de maintenance sécurité alarme incendie|technicien de maintenance sécurité alarme incendie|installatrice systèmes sécurité alarme détection incendie|installateur systèmes sécurité alarme détection incendie|agent de maintenance en systèmes d'alarme et de sécurité
http://data.europa.eu/esco/occupation/4cdfac8c-b000-4279-985e-31bc1fbe2447,mineur de fond/mineuse de fond,mineuse|mineuse de fond|mineur de fond|mineur/mineuse|mineur
http://data.europa.eu/esco/occupation/4cf7be91-fed9-47a7-9ca9-e74c7eb6becb,technicien en impression 3D/technicienne en impression 3D,technicienne en impression 3D|technicien en impression 3D
http://data.europa.eu/esco/occupation/4ce42c3c-8a46-40b6-9274-1f5cee3c5cba,inspecteur vétérinaire,inspecteur vétérinaire|vétérinaire d'État|vétérinaire public|vétérinaire de l'État|vétérinaire gouvernemental
http://data.europa.eu/esco/occupation/4d27152a-a8ee-4f5a-9f93-a2fb4fb2b2e3,assistant pédagogique en école maternelle/assistante pédagogique en école maternelle,assistant maternel|agent spécialisé des écoles maternelles|assistante aux instituteurs de maternelles|assistante maternelle|assistant aux instituteurs de maternelles|agente spécialisée des écoles maternelles
http://data.europa.eu/esco/occupation/4d34a9ee-2653-4da0-bef7-f59294577224,ingénieur électronicien/ingénieure électronicienne,ingénieur électronicien|ingénieur en électronique|ingénieur en électronique/ingénieure en électronique|ingénieure électronicienne|ingénieure en électronique
http://data.europa.eu/esco/occupation/4cbe5a17-056c-489a-9f10-f9d816905000,steward urbain/hôtesse urbaine,steward urbain|hôtesse urbaine
http://data.europa.eu/esco/occupation/4d102082-8d43-4c59-81ab-08a7509f3c40,perchiste,perchwoman|perchman
http://data.europa.eu/esco/occupation/4d4b243f-6c3b-48c3-a564-2e7f2d592a3c,chef décorateur/décoratrice spectacle,cheffe décoratrice spectacle|chef décorateur spectacle|décoratrice|décorateur|chef décoratrice spectacle|décorateur/décoratrice
http://data.europa.eu/esco/occupation/4cc98057-8ed5-4b45-855b-7a67bc2e5bae,correspondant de presse/correspondante de presse,correspondant local  de presse/correspondante locale de presse|correspondant de presse|correspondante de presse|correspondant local de presse|correspondante locale de presse
http://data.europa.eu/esco/occupation/4d5bd738-9202-4fd7-bd8c-7dbe914048de,ingénieur agronome/ingénieure agronome,agronome|ingénieur agronome|ingénieure agronome
http://data.europa.eu/esco/occupation/503ea267-93e9-4b8c-ae5e-817fe7e4a245,balayeur/balayeuse,balayeur urbain/balayeuse urbaine|balayeuse|balayeur urbain|balayeur|balayeuse urbaine
http://data.europa.eu/esco/occupation/4ed22a87-8478-4731-be11-5942eacb2e16,conseiller en financements publics/conseillère en financements publics,conseillère en financements publics|consultant en financements publics|conseiller en financements publics|consultante en financements publics
http://data.europa.eu/esco/occupation/502fe307-ae65-46cb-a485-e559b9a35266,opérateur injection en caoutchouc et matières plastiques/opératrice injection en caoutchouc et matières plastiques,opérateur injection en caoutchouc et matières plastiques|opérateur de machine à mouler par injection|opérateur de machine à mouler par injection/opératrice de machine à mouler par injection|opératrice injection en caoutchouc et matières plastiques|opératrice de machine à mouler par injection
http://data.europa.eu/esco/occupation/4f5e4fb1-58bd-4abd-bb06-4af9203a1518,polisseur-limeur/polisseuse-limeuse,polisseuse-limeuse|polisseur-limeur
http://data.europa.eu/esco/occupation/4efdf62f-a1d9-450e-aebc-2d6a6110f05d,animateur socioculturel artistique/animatrice socioculturelle artistique,animatrice socioculturelle artistique|animateur socioculturel artistique
http://data.europa.eu/esco/occupation/4fe4b1f1-e84d-4056-b062-83d5a64fc571,responsable de récoltes aquacoles,
http://data.europa.eu/esco/occupation/4f1bb8b4-3fff-4e68-b427-8c892534a181,parqueteur/parqueteuse,parqueteuse|parqueteuse menuisière|ponceuse-vitrificatrice de parquets|parqueteur menuisier|ponceur-vitrificateur de parquets|parqueteur
http://data.europa.eu/esco/occupation/4f89b0d2-b666-4890-af01-25d1d60da1f3,politologue,politiste
http://data.europa.eu/esco/occupation/4ed9ce62-75d4-4b05-80d4-e86528fecdcd,recycleur/recycleuse,recycleur|recycleuse
http://data.europa.eu/esco/occupation/4e4a1aa1-ca53-406e-9ca6-889d4621a0ed,archiviste numérique spécialisé big data,archiviste digital|responsable des archives numériques
http://data.europa.eu/esco/occupation/4f08cd74-71c6-43aa-88d4-841e5bb677f7,assistant podologue/assistante podologue,assistant en podologie|assistante podologue|assistante en podologie|assistant en podologie/assistante en podologie|assistant podologue
http://data.europa.eu/esco/occupation/5001506f-dd7d-4801-92ac-6f7e93b45133,conducteur d’installations robotisées/conductrice d’installations robotisées,conductrice d'installation robotisée|conducteur d'installation robotisée
http://data.europa.eu/esco/occupation/50609eb5-9957-4cbf-9b91-6f46ce49cfad,contrôleur des transports terrestres/contrôleuse des transports terrestres,contrôleur des transports terrestres|contrôleuse des transports terrestres
http://data.europa.eu/esco/occupation/4fef1907-cf82-413b-841a-02ef57e299a6,technicien de laboratoire scientifique/technicienne de laboratoire scientifique,technicien de laboratoire scientifique|technicienne de laboratoire scientifique
http://data.europa.eu/esco/occupation/4e3fede9-5522-4624-91bc-b59c79fada02,ingénieur machines d’emballage/ingénieure machines d’emballage,ingénieure machines d’emballage|ingénieur mise en service et validation de machines d’emballage/ingénieure mise en service et validation de machines d’emballage|ingénieur mise en service et validation de machines d’emballage|ingénieur machines d’emballage|ingénieure mise en service et validation de machines d’emballage
http://data.europa.eu/esco/occupation/4d750b7f-f40d-447c-ba90-f5fb0ee9ef27,conseiller offre de services/conseillère offre de services,"technicienne information et orientation|technicienne information, conseil et orientation des assurés|technicienne d'accueil physique|technicien information et orientation|téléconseiller|conseiller offre de services|technicien information, conseil et orientation des assurés|téléconseillère|conseillère offre de services|conseillère cotisants|conseiller cotisants|technicien d'accueil physique"
http://data.europa.eu/esco/occupation/4f7e7482-39e7-4f3a-bf11-763620f4b8e0,opérateur de presse à gaufrer/opératrice de presse à gaufrer,opératrice de presse à gaufrer|opérateur de presse à gaufrer
http://data.europa.eu/esco/occupation/4fa660b3-ab97-4a99-ad73-ce3c2612f2c3,intervenant d’action sociale/intervenante d’action sociale,conseiller en économie sociale et familiale|conseillère en économie sociale et familiale|intervenant d'action sociale|intervenante d'action sociale
http://data.europa.eu/esco/occupation/4edbde9f-218e-49c7-812f-c45262fb4128,assistant de service social - logement/assistante de service social - logement,assistant de service social - logement|assistante de service social - logement
http://data.europa.eu/esco/occupation/4ea620f2-5c75-49ee-85a0-b2fb6bbf3624,responsable d'exploitation transport routier,
http://data.europa.eu/esco/occupation/4d6d9057-5167-4158-8bc1-cc2f89d73fd7,professeur d’esthétique en lycée professionnel/professeure d’esthétique en lycée professionnel,professeure d’esthétique en lycée professionnel|professeur d’esthétique en lycée professionnel
http://data.europa.eu/esco/occupation/4e0c14d6-b170-40f1-bcdc-703c0b92109b,barbier/barbière,barbière|barbier
http://data.europa.eu/esco/occupation/4ebf2dae-c326-4627-befe-fbc91410f432,directeur de la publicité/directrice de la publicité,cheffe de publicité|directrice de la publicité|directeur de publicité|directrice de publicité|directeur de la publicité|chef de publicité
http://data.europa.eu/esco/occupation/4daee8bd-8400-4da6-ba52-30d4c193d1a9,responsable zone avion,
http://data.europa.eu/esco/occupation/4f4d33a1-0b41-4dd9-8a42-aeba5a3974ab,"ingénieur spécialité capteurs, instrumentation et mesures/ingénieure spécialité capteurs, instrumentation et mesures","ingénieur spécialité capteurs, instrumentation et mesures|ingénieure spécialité capteurs, instrumentation et mesures"
http://data.europa.eu/esco/occupation/4dc6e03f-bfb0-4078-a453-01bd1cb735aa,vendeur en informatique/vendeuse en informatique,vendeur en informatique|vendeuse en informatique|vendeuse en matériel informatique|vendeur spécialisé en informatique|vendeur en matériel informatique|vendeuse spécialisée en informatique
http://data.europa.eu/esco/occupation/4eada7b3-5026-4030-936b-4a80aed37252,professeur de tourisme/professeure de tourisme,professeur de tourisme|professeure de tourisme
http://data.europa.eu/esco/occupation/500b7b14-507c-4c49-816d-c1d0b05b85e4,technicien podo-orthésiste prothésiste/technicienne podo-orthésiste prothésiste,technicienne podo-orthésiste prothésiste|technicien podo-orthésiste prothésiste
http://data.europa.eu/esco/occupation/4e8a5d3e-66de-4661-9927-ef3123cc79e9,enseignant-chercheur en architecture/enseignante-chercheuse en architecture,enseignante-chercheuse en architecture|enseignant-chercheur en architecture
http://data.europa.eu/esco/occupation/4e7a3641-7bd3-4290-9f0c-0e7ca776fb0e,responsable de comptoir en location de matériels de transport par eau,agente de comptoir en location de matériels de transport par eau|agent de comptoir en location de matériels de transport maritime et fluvial|agente de comptoir en location de matériels de transport maritime et fluvial|agent de comptoir en location de matériels de transport par eau|responsable de comptoir en location de matériels de transport maritime et fluvial
http://data.europa.eu/esco/occupation/4f49df98-98b8-4a9e-98ad-9c5557817eba,directeur du planning stratégique/directrice du planning stratégique,directrice du planning stratégique|directeur du planning stratégique|directrice de la planification stratégique|directeur de la planification stratégique
http://data.europa.eu/esco/occupation/4e4a291d-1d38-4c5a-812a-5827d0691b11,analyste budgétaire,
http://data.europa.eu/esco/occupation/4f2f2539-3e38-4393-9dac-a9a48af7cd32,directeur de casting/directrice de casting,directeur de casting|directrice de casting
http://data.europa.eu/esco/occupation/4f5bc9a5-e989-409b-bfb5-973b472163cd,psychologue scolaire,
http://data.europa.eu/esco/occupation/4dceca8d-9faf-487b-b342-c9d7dc209533,assistant animateur technicien - loisirs de pleine nature/assistante animatrice technicienne - loisirs de pleine nature,assistant animateur technicien - loisirs de pleine nature|assistante animatrice technicienne - loisirs de pleine nature
http://data.europa.eu/esco/occupation/4d7d2628-1405-4ff2-b5b5-bd0d57ed9bbd,assistant de vie auprès d’enfants handicapés/assistante de vie auprès d’enfants handicapés,assistant de vie auprès d'enfants handicapés|assistante de vie auprès d'enfants handicapés
http://data.europa.eu/esco/occupation/4efee3ed-de09-44c6-bd4a-d9eaafd04683,ingénieur de recherche métallurgie physique/ingénieure de recherche métallurgie physique,ingénieure de recherche métallurgie physique|ingénieur de recherche métallurgie physique
http://data.europa.eu/esco/occupation/4ed36f4c-9d5b-4a01-bf59-7f3c7844ce95,peintre scénique,peintre-scénographe
http://data.europa.eu/esco/occupation/501a3798-08bf-4475-88d2-0e8c9befb101,tonnelier/tonnelière,tonnelière|tonnelier
http://data.europa.eu/esco/occupation/50760da6-abc3-424c-b159-8ddf0818e016,expert en évaluation d'entreprises/experte en évaluation d'entreprises,expert en évaluation d'entreprises|évaluateur d'entreprises|experte en évaluation d'entreprises|évaluatrice d'entreprises|évaluateur d'entreprises/évaluatrice d'entreprises
http://data.europa.eu/esco/occupation/511c8e9f-b19e-4ae8-9959-c047e7410441,inspecteur infrastructures ferroviaires/inspectrice infrastructures ferroviaires,inspecteur infrastructures ferroviaires|inspectrice infrastructures ferroviaires
http://data.europa.eu/esco/occupation/50a66df6-c141-4b4a-937a-d3bc55737ae3,agent de recouvrement/agente de recouvrement,agent de recouvrement|agente de recouvrement
http://data.europa.eu/esco/occupation/511f366c-ba41-4826-9622-8cda6d6e3b91,employé au courrier/employée au courrier,employée au courrier|employé au courrier
http://data.europa.eu/esco/occupation/509f9452-ed18-4fbf-8a4c-d45de85aa2f7,applicateur de pesticides/applicatrice de pesticides,applicatrice de pesticides|applicateur de pesticides
http://data.europa.eu/esco/occupation/50af07f0-7a75-424e-a66d-5a9deea10f4c,testeur d’accessibilité/testeuse d’accessibilité,évaluateur d'accessibilité|testeur de la facilité d'accès|testeuse de la facilité d'accès|testeuse accessibilité|testeur accessibilité|testeur en accessibilité|testeuse d'accessibilité|testeur d'accessibilité|évaluatrice d'accessibilité|testeuse en accessibilité
http://data.europa.eu/esco/occupation/50b41847-6dad-4a2e-9427-a0374c2963fd,machiniste scène,machiniste théâtre|technicien plateau|technicienne plateau|machiniste spectacle|chef machiniste spectacle|cheffe machiniste spectacle
http://data.europa.eu/esco/occupation/50e00fda-ac7c-4bc5-9f19-69a33ff3d6e7,chargé de mission fiscalité/chargée de mission fiscalité,chargée de mission fiscalité|chargé de mission fiscalité
http://data.europa.eu/esco/occupation/50743f62-3d5b-4ef6-b706-00d2b1adfcc3,assistant de vie auprès de personnes âgées/assistante de vie auprès de personnes âgées,assistant de vie auprès de personnes âgées|auxiliaire de gériatrie|assistante de vie auprès de personnes âgées|aide aux personnes âgées|auxiliaire de gérontologie
http://data.europa.eu/esco/occupation/5157706c-3fce-420e-9e7f-863000af5397,patronnier d’articles en cuir/patronnière d’articles en cuir,patronnière en maroquinerie|patronnière d’articles en cuir|patronnier d’articles en cuir|patronnier en maroquinerie
http://data.europa.eu/esco/occupation/531e98aa-2a03-489d-b811-ebbb7389864a,assembleur d’articles en toile/assembleuse d’articles en toile,confectionneuse d’articles en toile|monteur d’articles en toile/monteuse d’articles en toile|confectionneur d’articles en toile|monteuse d’articles en toile|monteur d’articles en toile|assembleuse d’articles en toile|assembleur d’articles en toile|confectionneur d’articles en toile/confectionneuse d’articles en toile
http://data.europa.eu/esco/occupation/52ded7d7-11df-42e3-b90a-d7f4b70fb4b9,psychologue,
http://data.europa.eu/esco/occupation/53c0086b-9b54-4c29-8bba-69ce8256cb91,préparateur piquage en chaussures/préparatrice piquage en chaussures,préparateur piquage en chaussures|préparatrice piquage en chaussures
http://data.europa.eu/esco/occupation/53d55c80-6a82-4187-b59f-b737aa4cdaab,couseur-piqueur de cuirs à la machine/couseuse-piqueuse de cuirs à la machine,piqueur en chaussures/piqueuse en chaussures|piqueur en maroquinerie|piqueur en ganterie/piqueuse en ganterie|couseur-piqueur de cuirs à la machine|couseuse-piqueuse de cuirs à la machine|piqueur façon sellier|piqueuse en chaussures|piqueur en ganterie|piqueur en chaussures|piqueuse en maroquinerie|piqueuse façon sellier|piqueur en maroquinerie/piqueuse en maroquinerie|piqueur façon sellier/piqueuse façon sellier|piqueuse en ganterie
http://data.europa.eu/esco/occupation/53c7756d-4114-4c7f-90b0-26717f458ac5,technicien en systèmes pneumatiques/technicienne en systèmes pneumatiques,technicienne en systèmes pneumatiques|technicien en systèmes pneumatiques
http://data.europa.eu/esco/occupation/521bbfd5-c179-46e3-879b-e74bd6db367c,audioprothésiste,
http://data.europa.eu/esco/occupation/52b9e8dc-de6c-41dd-b29a-e1291c273f6f,producteur/productrice,productrice|producteur
http://data.europa.eu/esco/occupation/526ba8e1-fc71-4657-8d27-52f03e8ca81d,responsable d'accueil de loisirs,directeur adjoint d'accueil de loisirs|directrice d'accueil de loisirs|directeur d'accueil de loisirs|directrice adjointe d'accueil de loisirs
http://data.europa.eu/esco/occupation/51cd3a7a-eae6-4dc6-9f24-179d7ec6d230,analyste logistique,
http://data.europa.eu/esco/occupation/54ffd31f-ed90-4af4-b877-cd246351ad39,technicien de prépresse/technicienne de prépresse,technicienne de prépresse|technicien de prépresse
http://data.europa.eu/esco/occupation/53cdd34e-22f2-41bd-b3c7-de22bf9bbcae,directeur de l'hébergement/directrice de l'hébergement,responsable d’hôtel|directrice d'établissement hôtelier|responsable d’établissement d’hébergement|directeur d'établissement hôtelier|responsable de structure d’accueil
http://data.europa.eu/esco/occupation/544cd9cf-e2ee-4ac0-8a02-7147af6b97d7,responsable commercial/responsable commerciale,responsable commercial|chargé d'affaires en industrie|chargée d'affaires en industrie|responsable commerciale
http://data.europa.eu/esco/occupation/522c55ca-ee4a-407d-9fc6-f810c5266523,pilote de ligne aérienne,commandante de bord avion|commandant de bord avion
http://data.europa.eu/esco/occupation/52207284-2681-40d3-a317-ec81ca1b3e41,architecte paysagiste,ingénieur paysagiste/ingénieure paysagiste|ingénieure paysagiste|ingénieur paysagiste
http://data.europa.eu/esco/occupation/54cba39a-5bb8-4e4c-89cd-d6097d3c6c3a,assistant en publicité/assistante en publicité,assistant en publicité|assistante en publicité
http://data.europa.eu/esco/occupation/528e63a7-91be-4477-be2f-69ce82deb726,conducteur de fours de la métallurgie/conductrice de fours de la métallurgie,conducteur de fours de la métallurgie|conductrice de fours de la métallurgie
http://data.europa.eu/esco/occupation/517c01aa-e875-4690-bf38-17307a57eafe,couseur à la machine/couseuse à la machine,couseuse à la machine|couseur à la machine
http://data.europa.eu/esco/occupation/534d18fe-eae4-4a02-af4d-f78e92faa5d5,technicien en irrigation/technicienne en irrigation,technicienne en irrigation|technicien en irrigation
http://data.europa.eu/esco/occupation/52c25b47-c36e-49ff-92ce-8a8c5413fde6,opérateur sur machine CMS/opératrice sur machine CMS,conducteur de ligne CMS/conductrice de ligne CMS|opérateur sur machine Composants montés en surface|opérateur sur machine Composants montés en surface/opératrice sur machine Composants montés en surface|conductrice de ligne Composants montés en surface|opérateur sur machine CMS|conductrice de ligne CMS|conducteur de ligne Composants montés en surface|opératrice sur machine Composants montés en surface|conducteur de ligne Composants montés en surface/conductrice de ligne Composants montés en surface|opératrice sur machine CMS|conducteur de ligne CMS
http://data.europa.eu/esco/occupation/53d2052f-edc0-4f44-8be1-164526412bfe,ingénieur industriel/ingénieure industrielle,ingénieure industrielle|ingénieur systèmes industriels/ingénieure systèmes industriels|ingénieure systèmes industriels|ingénieure de fabrication industrielle|ingénieur systèmes industriels|ingénieur industriel|ingénieur de fabrication industrielle|ingénieur de fabrication industrielle/ingénieure de fabrication industrielle
http://data.europa.eu/esco/occupation/53be4843-8f31-4645-b25c-9a5bbb04f6b6,technicien en ingénierie des procédés/technicienne en ingénierie des procédés,technicien en ingénierie des procédés|technicienne en ingénierie des procédés
http://data.europa.eu/esco/occupation/52a769ab-c899-4e8c-b31d-e5c2a01f32e3,moniteur de survie/monitrice de survie,monitrice de survie|moniteur de survie
http://data.europa.eu/esco/occupation/52df9d56-efd4-48d0-ad93-59231943fc4c,animateur 3D/animatrice 3D,infographiste 3D|modélisateur 3D|animatrice en trois dimensions|animateur 3D|animatrice 3D|modélisatrice 3D|animateur en trois dimensions
http://data.europa.eu/esco/occupation/518348e6-0095-4f37-ad46-5ef1b8b5ee2f,responsable d’exploitation en industrie textile,
http://data.europa.eu/esco/occupation/51c7015c-dc81-4fcb-b15f-619a4656a9fe,technicien électromécanicien/technicienne électromécanicienne,technicienne électromécanicienne|technicien électromécanicien
http://data.europa.eu/esco/occupation/53ed8787-3423-4843-8c63-7be1877d29e2,maître d’hôtel/maîtresse d’hôtel,serveuse de cheffe|responsable des serveurs|maître d’hôtel|serveur en chef|maîtresse d’hôtel
http://data.europa.eu/esco/occupation/51ec004e-aec8-4f89-b114-952bcc56b0b0,blogueur vidéo/blogueuse vidéo,blogueur vidéo|vidéoblogueuse|blogueuse vidéo|vidéoblogueur|vidéoblogueur/vidéoblogueuse
http://data.europa.eu/esco/occupation/547b304b-9a72-4717-9b24-b7046df5f64e,vendeur spécialisé/vendeuse spécialisée,vendeuse spécialisée|vendeur spécialisé
http://data.europa.eu/esco/occupation/546ec458-e2a4-4cb1-ac17-553d314ac2e2,responsable d'usine d'épuration des eaux,responsable de station d'épuration des eaux
http://data.europa.eu/esco/occupation/52d303a7-630b-4e3f-9f62-becd9b2fcb46,responsable de la logistique distribution de minerais et métaux,
http://data.europa.eu/esco/occupation/54361270-bc5e-40fb-8f84-a0023a85cdf7,professeur des beaux-arts/professeure des beaux-arts,professeur des beaux-arts|professeure des beaux-arts
http://data.europa.eu/esco/occupation/523ab5a0-5e72-418d-9d61-a6126a446123,pilote de l’aviation commerciale,
http://data.europa.eu/esco/occupation/53e61b71-60a3-4873-bc14-d6e28693818c,"responsable distribution produits textiles, y compris semi-finis, et matières premières textiles",
http://data.europa.eu/esco/occupation/5318abf2-2e7b-4d09-ae57-6bd500689ebc,mouleur noyauteur/mouleuse noyauteuse,mouleuse noyauteuse|mouleur noyauteur
http://data.europa.eu/esco/occupation/53cdcc84-e5ee-488c-aa09-88084e06d6d7,pharmacien dans l’industrie/pharmacienne dans l’industrie,pharmacien industriel/pharmacienne industrielle|pharmacoéconomiste|pharmacienne dans l’industrie|galéniste|chargé de pharmacovigilance/chargée de pharmacovigilance|attaché de recherche clinique|responsable d’études cliniques|pharmacien industriel|chargé de pharmacovigilance|pharmacien dans l’industrie|attaché de recherche clinique/attachée de recherche clinique|attachée de recherche clinique|chargé d’affaires réglementaires/chargée d’affaires réglementaires|chargée de pharmacovigilance|chargé d’affaires réglementaires|chargée d’affaires réglementaires|pharmacienne industrielle
http://data.europa.eu/esco/occupation/528f90ed-e250-48bd-aacc-ffb7b1de5654,vendeur en tissus/vendeuse en tissus,vendeur en tissus|vendeuse en tissus
http://data.europa.eu/esco/occupation/53db8c0d-7aed-47aa-a339-eb9d485d25dc,chef d'établissement secondaire,principal de collège|directeur d'école secondaire|proviseur de lycée|principale de collège|proviseure de lycée|directrice d'école secondaire|cheffe d'établissement secondaire
http://data.europa.eu/esco/occupation/51ca3c6e-1c9b-49e4-aa09-9e77d1a59547,marchand de fruits et légumes/marchande de fruits et légumes,primeur|marchand de fruits et légumes|légumier|légumière|marchande de fruits et légumes|primeuriste
http://data.europa.eu/esco/occupation/52fcfdb9-9dcf-4591-aba5-45337f791a10,attaché technico-commercial en machines du secteur minier et de la construction/attachée technico-commerciale en machines du secteur minier et de la construction,attachée technico-commerciale en machines du secteur minier et de la construction|attaché technico-commercial en machines du secteur minier et de la construction
http://data.europa.eu/esco/occupation/52d5edc9-7902-4cd3-8b06-6bd77c98d440,testeur de systèmes informatiques/testeuse de systèmes informatiques,testeuse de systèmes TIC|testeuse de systèmes de technologies de l'information et de la communication|testeur en TIC|testeuse en TIC|testeur de systèmes informatiques|testeuse TIC|testeuse de systèmes informatiques|testeur de systèmes TIC|testeur de systèmes de technologies de l'information et de la communication|testeur TIC
http://data.europa.eu/esco/occupation/5520bfd0-49d3-47e5-abe0-d72354711bc0,nettoyeur de fèves de cacao/nettoyeuse de fèves de cacao,nettoyeuse-séparatrice de fèves de cacao|nettoyeur-séparateur de fèves de cacao|nettoyeur de fèves de cacao|nettoyeuse de fèves de cacao
http://data.europa.eu/esco/occupation/555ad9ba-72cf-4bc0-9ea6-c36041462be5,gestionnaire de réseau de transport de gaz,
http://data.europa.eu/esco/occupation/5589e8e0-48d9-4193-8c85-86ba9f17e0e9,couturier/couturière,couturier|couturière
http://data.europa.eu/esco/occupation/555235ce-8c45-409b-a6c9-83e69c2d2bce,ingénieur militaire/ingénieure militaire,ingénieur militaire|ingénieure militaire
http://data.europa.eu/esco/occupation/551a6797-3ca9-41fc-9dca-9a982a8fd8a6,ingénieur en robotique/ingénieure en robotique,ingénieure robotique|ingénieur en robotique|ingénieure en robotique|ingénieur robotique/ingénieure robotique
http://data.europa.eu/esco/occupation/55076d82-52a7-47eb-b882-f12322c42ecd,ingénieur en chimie textile/ingénieure en chimie textile,ingénieure en chimie textile|ingénieur en chimie textile
http://data.europa.eu/esco/occupation/55167849-82cf-484e-b818-fa702a4e69e9,hydrologue,ingénieure hydrologue|ingénieur hydrologue|ingénieur hydrologue/ingénieure hydrologue
http://data.europa.eu/esco/occupation/55af6be8-039a-419c-b278-55b3f7d9ef92,moniteur d’activités de plein air/monitrice d’activités de plein air,animatrice - activités de plein air|monitrice d'activités de plein air|animateur - activités de plein air|moniteur d'activités de plein air
http://data.europa.eu/esco/occupation/55a785db-0636-41b8-950f-0b65abe5e81b,enseignant-chercheur en pharmacie/enseignante-chercheuse en pharmacie,pharmacien enseignant-chercheur discipline pharmaceutique/pharmacienne enseignante-chercheuse  discipline pharmaceutique|pharmacien enseignant-chercheur discipline pharmaceutique|enseignante-chercheuse en pharmacie|pharmacienne enseignante-chercheuse discipline pharmaceutique|enseignant-chercheur en pharmacie
http://data.europa.eu/esco/occupation/5727b567-993d-4d41-a13d-81a6af1a9a8e,assistant de service social/assistante de service social,assistante sociale|assistant social/assistante sociale|assistant social|assistante de service social|conseiller social/conseillère sociale|assistant de service social|conseillère sociale|conseiller social
http://data.europa.eu/esco/occupation/572c9810-e1ee-4f7a-a71f-820f17c0c25b,tôlier/ tôlière,tôlière|tôlier
http://data.europa.eu/esco/occupation/56bff5e1-3c76-4f45-b50e-e3a59bf1053e,chargé de postproduction/chargée de postproduction,chargé de postproduction|chargée de postproduction
http://data.europa.eu/esco/occupation/572c51ef-531b-4331-8e66-b1641173e54e,conseiller dramaturgique/conseillère dramaturgique,conseillère dramaturgique|conseiller dramaturgique
http://data.europa.eu/esco/occupation/5734feab-60be-4f11-8e3f-e983ca6fb07a,responsable d’écurie,responsable des écuries|chef d'écurie
http://data.europa.eu/esco/occupation/5684182e-7b4c-4eea-97d9-4c2b88b9f906,matelot polyvalent navigation maritime/matelot polyvalente navigation maritime,matelot polyvalente navigation maritime|matelot polyvalent navigation maritime
http://data.europa.eu/esco/occupation/579254cf-6d69-4889-9000-9c79dc568644,ingénieur mécanicien/ingénieure mécanicienne,ingénieur en mécanique/ingénieure en mécanique|ingénieur en mécanique|ingénieure en mécanique|ingénieur mécanicien|ingénieure mécanicienne
http://data.europa.eu/esco/occupation/57a09d3f-e3d6-49ad-8c88-d879fc4d0870,conducteur livreur de béton prêt à l’emploi/conductrice livreuse de béton prêt à l’emploi,chauffeuse de camion toupie|conducteur livreur de béton prêt à l’emploi|chauffeur pompe à béton/chauffeuse pompe à béton|chauffeur pompe à béton|chauffeuse de camion malaxeur|chauffeur de camion toupie|chauffeur de camion malaxeur|chauffeur de camion malaxeur/chauffeuse de camion malaxeur|chauffeuse pompe à béton|chauffeur de camion toupie/chauffeuse de camion toupie|conductrice livreuse de béton prêt à l’emploi
http://data.europa.eu/esco/occupation/5793c124-c037-47b2-85b6-dd4a705968dc,agent des forces de l’ordre/agente des forces de l’ordre,commissaire|inspecteur|officière de police|agent des forces de l'ordre|gendarme|officière de gendarmerie|officier de gendarmerie|agente de police|policier|inspectrice|officier de police|agente des forces de l'ordre|policière|agent de police
http://data.europa.eu/esco/occupation/57b89801-0e43-4b19-bf29-ef9a51d65155,opérateur de four de recuit/opératrice de four de recuit,opérateur de four de recuit|recuiseuse|recuiseur de métaux/recuiseuse de métaux|recuiseur de métaux|recuiseuse de métaux|opératrice de four de recuit|recuiseur
http://data.europa.eu/esco/occupation/55d60ead-0343-4008-b9e4-fb4b5a179c83,instituteur d’école maternelle/institutrice d’école maternelle,institutrice d’école maternelle|maître d’école maternelle/maîtresse d’école maternelle|maîtresse d’école maternelle|instituteur d’école maternelle|maître d’école maternelle
http://data.europa.eu/esco/occupation/578470d7-1848-44cd-a769-96cdd64b2c37,employé de l’état civil/employée de l’état civil,cheffe de service état civil|chef de service état civil|employé de l'état civil|employée de l'état civil
http://data.europa.eu/esco/occupation/58db3ac6-5217-4d46-8a4c-126598be1d13,ingénieur en production d’électricité/ingénieure en production d’électricité,ingénieure en production d’électricité|ingénieur en production d’électricité
http://data.europa.eu/esco/occupation/58db35e3-fe1f-44d2-8a9e-ab652fc1cec2,négociant grossiste en viandes et produits à base de viande/négociante grossiste en viandes et produits à base de viande,négociante grossiste en viandes et produits à base de viande|négociant grossiste en viandes et produits à base de viande
http://data.europa.eu/esco/occupation/565987b2-b980-4881-891c-cc4d5ab61d07,graveur sur pierre/graveuse sur pierre,sculpteur sur pierre|sculptrice sur pierre|graveur sur pierre|graveuse sur pierre
http://data.europa.eu/esco/occupation/55f6380c-7511-4c33-8fc4-c74f10f524fa,assistant coiffeur/assistante coiffeuse,assistant coiffeur|assistante coiffeuse
http://data.europa.eu/esco/occupation/5791a961-4717-4230-a245-a4082a675f04,technicien en ingénierie de l’automation/technicienne en ingénierie de l’automation,technicienne en robotique|technicienne en ingénierie de l’automation|technicien en robotique|technicien en ingénierie de l’automation
http://data.europa.eu/esco/occupation/562dd713-5745-4457-929e-5b909da084ca,gestionnaire du transport par pipelines,
http://data.europa.eu/esco/occupation/57b459d4-655c-4053-b189-3c249ce33faf,responsable informatique du développement commercial,responsable du développement de l'activité technologies de l'information et de la communication|directeur du développement de l'activité informatique|directrice du développement de l'activité informatique|responsable du développement commercial informatique|responsable du développement de l'activité TIC|responsable du développement de l'activité informatique|responsable du développement commercial des technologies de l'information et de la communication
http://data.europa.eu/esco/occupation/580c98d4-fb97-4597-864c-54140f058f1b,auditeur qualité en centre d’appels/auditrice qualité en centre d’appels,auditrice qualité en centre d'appels|auditeur qualité en centre d'appels
http://data.europa.eu/esco/occupation/56fa783a-cca4-42ef-8862-1fb6e43f215c,coordonnateur d’opérations d’affrètement international/coordonnatrice d’opérations d’affrètement international,coordonnatrice d'opérations d'affrètement international|coordonnateur d'opérations d'affrètement international
http://data.europa.eu/esco/occupation/57a12047-4f1e-40ed-add5-9736923f231b,astronome,astrophysicien|astrophysicienne|astrophysicien/astrophysicienne
http://data.europa.eu/esco/occupation/57a73b7c-cf10-4852-b067-c25833fa149e,perfusionniste clinique,
http://data.europa.eu/esco/occupation/570d7e74-5c65-4a9a-95ba-f8c27025c5f4,professeur de physique/professeure de physique,professeur de physique-chimie/professeure de physique-chimie|professeur de physique-chimie|professeure de physique-chimie|professeur de physique|professeure de physique
http://data.europa.eu/esco/occupation/58c30193-d29f-4d22-8bf0-fd87346b91dd,ingénieur montage/ingénieure montage,ingénieure montage|ingénieur montage
http://data.europa.eu/esco/occupation/574f3232-1d07-4034-8cac-c57ddbfff192,chimiste analytique,ingénieur chimiste en développement analytique/ingénieure chimiste en développement analytique|ingénieure chimiste en développement analytique|ingénieur chimiste en développement analytique
http://data.europa.eu/esco/occupation/55d2eb3e-1e49-404a-b4bf-be4829694a59,juriste-linguiste,
http://data.europa.eu/esco/occupation/56a535ff-189b-45da-97d4-775f78744f83,vendeur en optique/vendeuse en optique,vendeur en optique|conseillère en optique|monteur-vendeur opticien|conseiller en optique|vendeuse en optique|monteuse-vendeuse opticienne|optométriste
http://data.europa.eu/esco/occupation/57af9090-55b4-4911-b2d0-86db01c00b02,développeur de logiciels pour systèmes informatiques intégrés/développeuse de logiciels pour systèmes informatiques intégrés,conceptrice de logiciels systèmes emboîtés|concepteur de logiciels pour systèmes imbriqués|concepteur de logiciels pour systèmes informatiques intégrés à l'équipement|conceptrice de logiciels pour systèmes imbriqués|concepteur de logiciels systèmes emboîtés|développeuse de logiciels pour systèmes informatiques intégrés|développeur de logiciels pour systèmes informatiques intégrés|conceptrice de logiciels pour systèmes informatiques intégrés à l'équipement|concepteur de logiciels pour systèmes incorporés|conceptrice de logiciels pour systèmes incorporé
http://data.europa.eu/esco/occupation/56afc09a-75a0-49c7-a5cb-256df45d8f2d,chargé d’études économiques/chargée d’études économiques,chargé d'études économiques|chargée d'études économiques
http://data.europa.eu/esco/occupation/57ac359a-ae52-4aea-bc9c-93af7efa502e,ingénieur canalisations/ingénieure canalisations,ingénieur canalisations|ingénieure canalisations|ingénieure travaux canalisations|ingénieur travaux canalisations/ingénieure travaux canalisations|ingénieur travaux canalisations
http://data.europa.eu/esco/occupation/55f001af-fa48-4c0c-a7e5-fc69babe3d45,botaniste,botaniste de la recherche scientifique|chercheur en botanique|chercheur en botanique/chercheuse en botanique|chercheuse en botanique
http://data.europa.eu/esco/occupation/574f46e2-e48d-4cde-a7b1-877004ea4c52,gérant de quincaillerie/gérante de quincaillerie,gérante de quincaillerie|gérant de quincaillerie|responsable de quincaillerie
http://data.europa.eu/esco/occupation/55b4faa3-286f-4fc8-ac67-8bbb97d08820,secrétaire d’administration scolaire et universitaire,
http://data.europa.eu/esco/occupation/56245067-16f0-43e7-84fa-4a1e794a6ac0,responsable de comptoir en location de matériel de bureau,agent de comptoir en location de matériel de bureau|agente de comptoir en location de matériel de bureau
http://data.europa.eu/esco/occupation/589efb6c-9080-40b2-ab6a-144955675967,bedeau/bedelle,bedeau|sacristaine|sacristain|sacristine|bedelle
http://data.europa.eu/esco/occupation/5779aa3b-b32f-42f7-9581-ef5ce2092621,gérant de boucherie/gérante de boucherie,gérante de boucherie|gérant de boucherie|responsable de boucherie
http://data.europa.eu/esco/occupation/57d1be2e-c476-43fb-b014-fa58602cac95,superviseur de démantèlement/superviseuse de démantèlement,responsable de désamiantage|chef d'équipe de démontage|superviseur de démanteleurs|superviseuse de démanteleurs|contremaître d'ouvriers de démantèlement|contremaîtresse d'ouvriers de démantèlement|cheffe d'équipe de démontage
http://data.europa.eu/esco/occupation/586fe133-1987-41f4-b89a-f39d4bc58e1e,responsable du commerce électronique,responsable de l'e-business|directrice e-business|directeur affaires électroniques|directrice du commerce en ligne|directeur du commerce en ligne|responsable des activités économiques en ligne|directrice affaires électroniques|responsable des affaires électroniques|directeur e-business
http://data.europa.eu/esco/occupation/591c5063-69ce-4551-ba60-e2304111130f,responsable communications de données aéronautiques,
http://data.europa.eu/esco/occupation/5945cba8-19a4-4632-8a8f-4186e2bad1a3,responsable de production aquacole,responsable de production piscicole
http://data.europa.eu/esco/occupation/58f3f9fc-c9f6-4e14-bedf-a71ace5f27c5,coach artistique,
http://data.europa.eu/esco/occupation/59207c91-eefa-4f26-baae-9ea215320ed0,opérateur monteur en milieu pyrotechnique/opératrice monteuse en milieu pyrotechnique,opérateur monteur en milieu pyrotechnique|opératrice monteuse en milieu pyrotechnique
http://data.europa.eu/esco/occupation/58ff0ec2-08ba-4b21-b765-babb6d76ca36,steward/hôtesse,hôtesse|hôtesse de l’air|steward|Hôtesse de train|membre de l’équipage|agent de bord|agente de bord
http://data.europa.eu/esco/occupation/594170bc-5663-40b0-97ef-c9f1ad51b2a0,responsable d'agence en assurances,responsable de bureau d'assurances|responsable de secteur en assurances|chargée d'agence en assurances|chargé d'agence en assurances
http://data.europa.eu/esco/occupation/59088d93-bd71-4fd7-a39e-8cc9dd37dfae,fabricant de copies de meubles anciens/fabricante de copies de meubles anciens,fabricante de copies de meubles anciens|fabricant de copies de meubles anciens
http://data.europa.eu/esco/occupation/591d1758-3036-407a-91f7-e0e1f5c9deea,professeur en électronique et automatique de la voie professionnelle/professeure en électronique et automatique de la voie professionnelle,professeur en électronique et automatique (voie professionnelle)/professeure en électronique et automatique (voie professionnelle)|professeur en électronique et automatique de la voie professionnelle|professeur en électronique et automatique (voie professionnelle)|professeure en électronique et automatique de la voie professionnelle|professeure en électronique et automatique (voie professionnelle)
http://data.europa.eu/esco/occupation/59883630-45f9-40e7-9732-9e5ff9758d2b,coordonnateur de programmes environnementaux/coordonnatrice de programmes environnementaux,coordinatrice environnementale|animateur environnement|coordinateur environnemental/coordinatrice environnementale|coordinateur environnemental|animateur environnement/animatrice environnement|animatrice environnement|chargé de projet en environnement/chargée de projet en environnement|chargée de projet en environnment|chargé de projet en environnement|coordonnateur de programmes environnementaux|coordonnatrice de programmes environnementaux
http://data.europa.eu/esco/occupation/5aeaea2f-6585-4d3d-8f3e-1fdd9903aa32,chef de station fruitière,cheffe de station fruitière
http://data.europa.eu/esco/occupation/5aff8b2a-298a-456d-957a-274c774e8523,mécanicien sur machines pour le moulage/mécanicienne sur machines pour le moulage,mécanicienne sur machines pour le moulage|mécanicien sur machines pour le moulage
http://data.europa.eu/esco/occupation/5c082067-ea18-4ccb-8c43-e70b18ad8120,opérateur sur machine à commande numérique par ordinateur/ opératrice sur machine à commande numérique par ordinateur,opérateur sur machine à commande numérique par ordinateur|opératrice sur machine à commande numérique par ordinateur
http://data.europa.eu/esco/occupation/5a16dff6-ca31-4a39-85dd-4b5aa0f45419,agent de manœuvre du réseau ferré/agente de manœuvre du réseau ferré,opérateur triage du réseau ferré/opératrice triage du réseau ferré|agente de manœuvre du réseau ferré|opérateur de manœuvre du réseau ferré/opératrice de manœuvre du réseau ferré|opérateur de manœuvre du réseau ferré|opérateur triage du réseau ferré|opératrice triage du réseau ferré|agent de manœuvre du réseau ferré|opératrice de manœuvre du réseau ferré
http://data.europa.eu/esco/occupation/5b3ef95b-7d99-4af9-b2d0-41c6bc33f58c,conducteur de broyeur en industrie chimique/conductrice de broyeur en industrie chimique,technicien de production en industrie chimique/technicienne de production en industrie chimique|technicienne de production en industrie chimique|technicien de production en industrie chimique|conductrice de broyeur en industrie chimique|conducteur de broyeur en industrie chimique
http://data.europa.eu/esco/occupation/59ee6b71-a48d-4940-bdf1-e806ca60245c,opérateur de remplissage de bouteilles de gaz/opératrice de remplissage de bouteilles de gaz,opératrice de remplissage de bouteilles de gaz|opérateur de remplissage de bouteilles de gaz
http://data.europa.eu/esco/occupation/5ab842f6-1f75-4d84-bf41-b8a9799347df,carrossier/carrossière,carrossier poids lourds|aide carrossière|carrossier-tôlier|carrossier-peintre|carrossier|carrossier-réparateur|tôlier-carrossier|tôlière-carrossière|carrossière-tôlière|aide carrossier|carrossière-peintre|carrossière poids lourds|carrossière en véhicules industriels|carrossière-réparatrice|carrossière|carrossier en véhicules industriels
http://data.europa.eu/esco/occupation/5a80044b-9b2f-40eb-a210-0c1c3c958e0e,instructeur de maîtres-nageurs sauveteurs/instructrice de maîtres-nageurs sauveteurs,instructrice de maîtres-nageurs sauveteurs|instructeur de maîtres-nageurs sauveteurs
http://data.europa.eu/esco/occupation/59cfa27b-874f-48b7-8880-b65420239559,pyrotechnicien/pyrotechnicienne,pyrotechnicienne|artificier spectacle|pyrotechnicien|artificière spectacle|artificier spectacles pyrotechniques|artificière spectacles pyrotechniques
http://data.europa.eu/esco/occupation/59c724f9-0cfe-4d51-8a7f-9ee182d9e2c2,professeur en langue des signes/professeure en langue des signes,professeur en langue des signes|professeure en langue des signes
http://data.europa.eu/esco/occupation/599c2ce9-0e1b-4f63-9d65-1f19b3847efb,technicien de forge/technicienne de forge,technicien de forge|technicienne de forge
http://data.europa.eu/esco/occupation/59bbece0-d1dc-4f4a-845e-1523f68afb2d,conducteur de machine de filature textile/conductrice de machine de filature textile,conductrice de machine de production et transformation des fils|conducteur de machine de filature textile|conductrice de machine de filature textile|opératrice de machine de production et transformation des fils|conducteur de machine de production et transformation des fils/conductrice de machine de production et transformation des fils|opérateur de machine de production et transformation des fils|conducteur de machine de production et transformation des fils|opérateur de machine de production et transformation des fils/opératrice de machine de production et transformation des fils
http://data.europa.eu/esco/occupation/5b942a51-c9a2-4dc7-82cc-57451426cf4d,imprimeur en industrie textile/imprimeuse en industrie textile,imprimeuse en industrie textile|imprimeur en industrie textile
http://data.europa.eu/esco/occupation/5a282a39-5346-454a-b1ef-c1217c50e156,chercheur en sciences de l’éducation/chercheuse en sciences de l’éducation,chercheur en sciences de l’éducation|chercheuse en sciences de l’éducation
http://data.europa.eu/esco/occupation/5a551d36-0e14-40ab-84a2-7aa9b37dc528,restaurateur de meubles/restauratrice de meubles,restauratrice de meubles|restaurateur de meubles
http://data.europa.eu/esco/occupation/59dae100-fdfe-44bd-8bd8-a0d3cd813ce4,technicien de production d’articles chaussants/technicienne de production d’articles chaussants,technicienne de production d’articles chaussants|technicien de production d’articles chaussants
http://data.europa.eu/esco/occupation/5a596834-bc8f-4273-8d09-006957b60347,scaphandrier/scaphandrière TP sur réseaux et ouvrages immergés,scaphandrier TP sur réseaux et ouvrages immergés|intervenant en milieu immergé|soudeuse-scaphandrière|intervenante en milieu immergé|soudeur-plongeur|soudeur-scaphandrier|soudeuse-plongeuse|scaphandrière TP sur réseaux et ouvrages immergés
http://data.europa.eu/esco/occupation/59cc9783-7289-4e1d-b80b-93c1776f49cc,constructeur de maisons individuelles/constructrice de maisons individuelles,pavillonneur|constructrice de maisons individuelles|pavillonneuse|constructeur de maisons individuelles
http://data.europa.eu/esco/occupation/5c1eba1e-7820-4287-9746-4c5906320100,assistant des ventes/assistante des ventes,assistante des ventes|assistant des ventes
http://data.europa.eu/esco/occupation/59bce29f-5c8b-47cf-bfd4-6ec003f5323a,répétiteur/répétitrice,répétitrice|préceptrice|précepteur|précepteur/préceptrice|répétiteur
http://data.europa.eu/esco/occupation/59a02420-91df-4e46-b37b-22e3fd8c11f0,enseignant-chercheur en physique/enseignante-chercheuse en physique,enseignant-chercheur en physique-chimie|enseignant-chercheur en physique-chimie/enseignante-chercheuse en physique-chimie|enseignant-chercheur en physique et nanosciences/enseignante-chercheuse en physique et nanosciences|enseignante-chercheuse en physique-chimie|enseignant-chercheur en physique|enseignant-chercheur en physique et nanosciences|enseignante-chercheuse en physique|enseignante-chercheuse en physique et nanosciences
http://data.europa.eu/esco/occupation/5c14982e-375d-47c5-9ea1-e9bcf3884643,superviseur de mine/superviseuse de mine,superviseur de mine|superviseuse de mine|contremaîtresse de mine|contremaître de mine
http://data.europa.eu/esco/occupation/5a8835bf-65c7-48e3-ab2f-7ad98b3fdb59,conseiller en droit de la propriété intellectuelle/conseillère en droit de la propriété intellectuelle,juriste des droits immatériels|courtière en informations|conseiller en brevets|conseiller en droit de la propriété intellectuelle|consultant en droit de la propriété intellectuelle|conseillère en droit de la propriété intellectuelle|conseillère en brevets|courtier en informations|consultante en droit de la propriété intellectuelle
http://data.europa.eu/esco/occupation/5beafebe-9211-4b3a-adf1-6161097a3975,physiothérapeute animalier/physiothérapeute animalière,kinésithérapeute animal|physiothérapeute animalière|physiothérapeute animalier
http://data.europa.eu/esco/occupation/5bca96fd-4203-400b-be58-9e9b50bc98da,député/députée,député|parlementaire|membre du parlement|députée
http://data.europa.eu/esco/occupation/5b9a678a-7c35-4c50-a804-754b82652ee6,guide accompagnateur/guide accompagnatrice,guide accompagnatrice|organisatrice du voyage|responsable de l’itinéraire|organisateur du voyage|guide accompagnateur|responsable du circuit touristique
http://data.europa.eu/esco/occupation/5baffa9d-1607-4665-be94-662bad26b9ff,superviseur de distillerie/superviseuse de distillerie,responsable de distillerie|superviseuse de distillerie|inspecteur de distillerie|contrôleur de distillerie|inspectrice de distillerie|contrôleuse de distillerie|superviseur de distillerie
http://data.europa.eu/esco/occupation/5b912733-abc8-43f7-825c-00ae21043685,responsable import-export de bois et matériaux de construction,
http://data.europa.eu/esco/occupation/5a91a8bc-eb18-4c7e-847d-96cbcce5a47a,rédacteur de discours/rédactrice de discours,rédacteur de discours|rédactrice de discours
http://data.europa.eu/esco/occupation/5a9acd29-666c-4ca1-b10e-e086584a526b,intervenant en services de soutien en santé mentale/intervenante en services de soutien en santé mentale,intervenante en services de soutien en santé mentale|intervenant en services de soutien en santé mentale
http://data.europa.eu/esco/occupation/5a940ae0-3fa4-40f9-8ca4-17bf792da243,toiletteur/toiletteuse,toiletteur animalier|toiletteuse animalière|toiletteur|professionnel de toilettage|toiletteuse|professionnel du toilettage des animaux
http://data.europa.eu/esco/occupation/59c22779-4d89-4bc9-ba8b-d64bea236723,fiscaliste,juriste en droit fiscal
http://data.europa.eu/esco/occupation/5ac377d2-e1d0-4911-a299-b4ef2782a0ba,secrétaire,assistante administrative|assistant administratif/assistante administrative|assistant administratif
http://data.europa.eu/esco/occupation/5a0ff408-e1df-424b-a2d6-4b475a516f2a,technicien montage de scène/technicienne montage de scène,technicien montage de scène|technicienne montage de scène
http://data.europa.eu/esco/occupation/5a58da2b-2fa0-40d4-a9f5-fead48e7de88,architecte naval/architecte navale,ingénieur architecture navale|architecte navale|architecte naval|ingénieure architecture navale|ingénieur architecture navale/ingénieure architecture navale
http://data.europa.eu/esco/occupation/5a2d0031-5dfd-46e8-8eb4-cf1d03876940,négociant grossiste en produits laitiers et huiles comestibles/négociante grossiste en produits laitiers et huiles comestibles,négociante grossiste en produits laitiers et huiles comestibles|négociant grossiste en produits laitiers et huiles comestibles
http://data.europa.eu/esco/occupation/5b6c0c64-1321-4fe7-a274-3287c13b489c,professeur d’éducation musicale/professeure d’éducation musicale,professeur de musique/professeure de musique|professeur d’éducation musicale|professeure d’éducation musicale|professeur de musique|professeure de musique
http://data.europa.eu/esco/occupation/5ac65daa-0896-4193-9f0e-8b00746b78a1,assistant de recherche/assistante de recherche,assistante de recherche|assistant de recherche
http://data.europa.eu/esco/occupation/599f34f0-bdf7-49e3-b5a9-f5d55f9e6873,monteur en industrie plastique et caoutchouc/monteuse en industrie plastique et caoutchouc,opérateur monteur en industrie plastique et caoutchouc/opératrice monteuse en industrie plastique et caoutchouc|monteur en industrie plastique et caoutchouc|opérateur monteur en industrie plastique et caoutchouc|opératrice monteuse en industrie plastique et caoutchouc|monteuse en industrie plastique et caoutchouc
http://data.europa.eu/esco/occupation/5bf823c5-d3fd-46f6-9577-9331de10759f,opérateur de coupeuse de caoutchouc/opératrice de coupeuse de caoutchouc,technicien de production en caoutchouc|opérateur de coupeuse de caoutchouc|coupeur de caoutchouc à la machine|technicien de production en caoutchouc/technicienne de production en caoutchouc|coupeuse de caoutchouc à la machine|opératrice de coupeuse de caoutchouc|technicienne de production en caoutchouc|coupeur de caoutchouc à la machine/coupeuse de caoutchouc à la machine
http://data.europa.eu/esco/occupation/5d46e448-b6bb-48e5-b245-5aad68e06085,opérateur de brûleurs oxycombustibles/opératrice de brûleurs oxycombustibles,opératrice de brûleurs oxycombustibles|opérateur de brûleurs oxycombustibles
http://data.europa.eu/esco/occupation/5c4ba833-da16-4bd0-a4b2-c08a2eaf5884,conducteur de four en industrie du verre et de la céramique/conductrice de four en industrie du verre et de la céramique,opérateur de four en industrie du verre et de la céramique|opératrice de four en industrie du verre et de la céramique|conductrice de four en industrie du verre et de la céramique|conducteur de four en industrie du verre et de la céramique|opérateur de four en industrie du verre et de la céramique/opératrice de four en industrie du verre et de la céramique
http://data.europa.eu/esco/occupation/5d0cc30d-068a-424c-8463-f42872a7149e,conseiller d’orientation/conseillère d’orientation,conseiller d'orientation professionnelle/conseillère d'orientation professionnelle|conseillère d'orientation scolaire et professionnelle|conseiller d'orientation professionnelle|conseillère d'orientation|conseillère d'orientation professionnelle|conseiller d'orientation scolaire et professionnelle|conseiller d'orientation|conseiller d'orientation scolaire et professionnelle/conseillère d'orientation scolaire et professionnelle
http://data.europa.eu/esco/occupation/5d009d45-3bb9-4e33-8760-294f59adec8c,électromécanicien/électromécanicienne,électromécanicienne|électromécanicien
http://data.europa.eu/esco/occupation/5c5b153e-4bf8-4f3d-973d-12fabf306d12,secrétaire général/secrétaire générale,secrétaire général|secrétaire générale
http://data.europa.eu/esco/occupation/5c9dea76-c7da-4e58-857c-fc3cbe7b960a,chef de centre de réparation automobile,chef de garage|cheffe de garage|cheffe d'atelier automobile|chef d'atelier automobile|cheffe de centre réparation automobile
http://data.europa.eu/esco/occupation/5cff1eee-9027-4064-8a26-35b1877e4eb3,directeur d'organisme d'habitations à loyer modéré/directrice d'organisme d'habitations à loyer modéré,directrice d'organisme d'habitations à loyer modéré|directrice de société de logements sociaux|directeur de société de logements sociaux|directeur d'organisme d'habitations à loyer modéré|directrice d'organisme de logement social|directrice d'organisme HLM|administrateur de société de logements sociaux|administratrice de société de logements sociaux|directeur d'organisme de logement social|directeur d'organisme HLM
http://data.europa.eu/esco/occupation/5d0e1510-7248-4eca-abe4-13de830d1614,responsable d’atelier de tissage,superviseur d’atelier tissage|superviseur d’atelier tissage/superviseuse d’atelier tissage|superviseuse d’atelier tissage
http://data.europa.eu/esco/occupation/5cc6d160-3864-43b0-b3eb-77d1208a51b4,responsable import-export de minerais et métaux,
http://data.europa.eu/esco/occupation/5f68c4c3-9d25-48e2-8efc-5471a80fb155,ouvrier en voiries/ouvrière en voiries,ouvrière de voirie|conductrice de répandeuses|régaleuse-répandeuse|ouvrier de voirie|paveuse|poseuse routière|ouvrier voiriste/ouvrière voiriste|ouvrier de voirie/ouvrière de voirie|poseur routier|paveur/paveuse|ouvrier routier|conducteur de répandeuses/conductrice de répandeuses|paveur|ouvrière routière|régaleur-répandeur/régaleuse-répandeuse|conducteur de répandeuses|ouvrière en voiries|ouvrier en voiries|ouvrier routier/ouvrière routière|ouvrier voiriste|poseur routier/poseuse routière|régaleur-répandeur|ouvrière voiriste
http://data.europa.eu/esco/occupation/5d9e63a2-8013-434e-9f92-3b3d54a0c320,opérateur de boulangerie/opératrice de boulangerie,boulanger|opératrice de boulangerie|second de boulangerie|opérateur de boulangerie|employé de boulangerie|employée de boulangerie|boulangère
http://data.europa.eu/esco/occupation/5d549551-d94a-4e98-8444-d6608d70c8d8,chef de chantier de forage,"chef d’exploitation de gisement|chef de chantier pétrole, gaz|maître sondeuse|maître sondeur|maître sondeur/maître sondeuse"
http://data.europa.eu/esco/occupation/5e5522c5-4b09-4586-a8f0-3b6d66d99969,conducteur de tambour-écorceur/conductrice de tambour-écorceur,conductrice de tambour-écorceur|écorceuse|écorceur|écorceur/écorceuse|conducteur de tambour-écorceur
http://data.europa.eu/esco/occupation/5ed024ab-3b6a-4e06-a7fe-8a29f8469a64,chaudronnier/chaudronnière,aide chaudronnier|chaudronnière|aide chaudronnière|chaudronnier
http://data.europa.eu/esco/occupation/60082a99-d8ef-4e84-9290-78902681b6ed,analyste de gestion,contrôleur de gestion|contrôleuse de gestion|contrôleur de gestion/contrôleuse de gestion
http://data.europa.eu/esco/occupation/5fd2980e-22c4-4ace-a394-190c76f4f539,responsable de la documentation informatique,responsable des documents sur les technologies de l'information et de la communication|responsable de la documentation TIC|responsable des documents informatiques|responsable de la documentation sur les technologies de l'information et de la communication|responsable des documents TIC
http://data.europa.eu/esco/occupation/5efb2c08-ba3a-4659-a2e4-1883f54e77b6,chargé/chargée d'enseignement général du second degré,professeur de collège et de lycée|professeure de collège et de lycée|enseignant/enseignante du second degré|enseignante du second degré|professeur/professeure de collège et de lycée|chargée d'enseignement général du second degré|chargé d'enseignement général du second degré|enseignant du second degré
http://data.europa.eu/esco/occupation/60528794-1a68-4440-a141-2df011be98be,gérant de magasin d'antiquités/gérante de magasin d'antiquités,gérante de magasin d'antiquités|antiquaire|gérant de magasin d'antiquités
http://data.europa.eu/esco/occupation/5f617498-da0d-454a-9658-5e02d28a4bd7,couleur en céramique/couleuse en céramique,couleuse en faïence et en porcelaine|couleur d’articles de poterie et de porcelaine/couleuse d’articles de poterie et de porcelaine|couleur-finisseur en céramique|couleur en faïence et en porcelaine|couleur en faïence et en porcelaine/couleuse en faïence et en porcelaine|couleuse d’articles de poterie et de porcelaine|couleuse en céramique|couleuse-finisseuse en céramique|couleur d’articles de poterie et de porcelaine|couleur en céramique|couleur-finisseur en céramique/couleuse-finisseuse en céramique
http://data.europa.eu/esco/occupation/6066ed14-ace3-4352-b656-2b621fd7bc88,directeur de salle de spectacles/directrice de salle de spectacles,directrice de salle de spectacles|directrice d'infrastructure culturelle|directeur de salle de spectacles
http://data.europa.eu/esco/occupation/5fd69ee2-2042-4280-85e1-8f1462886987,ingénieur aménagement et construction des mines/ingénieure aménagement et construction des mines,ingénieure aménagement et construction des mines|ingénieur aménagement et construction des mines
http://data.europa.eu/esco/occupation/5ee264b2-9bc5-40f6-9db3-c87143af6b2d,infirmier préleveur/infirmière préleveuse,infirmier prise de sang|infirmier préleveur|infirmière préleveuse|infirmière prise de sang
http://data.europa.eu/esco/occupation/6040c941-ab83-44b2-84e7-5cbfa1eafcdc,technicien en manipulation d’œuvres d’art/technicienne en manipulation d’œuvres d’art,technicien en manipulation d'œuvres d'art|technicienne en manipulation d'œuvres d'art
http://data.europa.eu/esco/occupation/5e175ee2-6b07-4f1d-8f5e-962c36ab7bb6,huissier audiencier/huissière audiencière,huissière audiencière|huissier audiencier
http://data.europa.eu/esco/occupation/5f16819d-50b9-475b-a2d8-607ee6d99a9d,agent de constatation des douanes et droits indirects/agente de constatation des douanes et droits indirects,préposé des douanes|préposée des douanes|inspectrice des douanes|contrôleur des douanes et droits indirects|agente de constatation des douanes et droits indirects|inspecteur des douanes|agent de constatation des douanes et droits indirects|contrôleuse des douanes et droits indirects
http://data.europa.eu/esco/occupation/5dbb9cf0-b226-402c-a295-2f42ef05ff8b,électricien d’équipements domestiques/électricienne d’équipements domestiques,électricienne d’équipements domestiques|électricien d’équipements domestiques
http://data.europa.eu/esco/occupation/5dd01019-3999-4d90-bc8a-7a04b0b208b0,coiffeur-maquilleur/coiffeuse-maquilleuse,coiffeur-maquilleur|coiffeuse-maquilleuse
http://data.europa.eu/esco/occupation/5f9e0588-e819-42f7-9975-f53198666c07,monteur techniverrier/monteuse techniverrière,vitrier|vitrière|poseuse de vitrage|monteuse techniverrière|poseur de vitrage|monteur techniverrier
http://data.europa.eu/esco/occupation/5e5b1b61-1351-4d3b-a293-deb3661715dd,contrôleur financier/contrôleuse financière,contrôleuse financière|contrôleur financier
http://data.europa.eu/esco/occupation/5e29c263-a3ca-4220-b67e-ee65205db294,fabricant de jouets/fabricante de jouets,fabricant de jouets|fabricante de jouets
http://data.europa.eu/esco/occupation/5e4d156a-1f05-4b2c-b0f0-5abb82d52ed6,gestionnaire de clientèle bancaire,chargé de relations clientèle bancaire|conseiller commercial professionnel secteur bancaire|conseillère commerciale professionnelle secteur bancaire|attaché de clientèle de banque|chargée de relations clientèle bancaire|attachée de clientèle de banque
http://data.europa.eu/esco/occupation/5d5fde2c-47ce-4dcd-99f0-ba651b7b908f,audiotypiste médical/audiotypiste médicale,audiotypiste médical|audiotypiste médicale
http://data.europa.eu/esco/occupation/5f84de7d-5008-45c4-a993-8066388e0756,trieur de feuilles de tabac/trieuse de feuilles de tabac,trieur de feuilles de tabac|ouvrier à la préparation du tabac|trieuse de feuilles de tabac|ouvrière à la préparation du tabac
http://data.europa.eu/esco/occupation/5ff100c2-00cd-4c64-82ae-8feab6712557,distributeur de prospectus/distributrice de prospectus,distributeur de prospectus|distributrice de prospectus|distributeur de flyers/distributrice de flyers|distributrice de flyers|distributeur de flyers
http://data.europa.eu/esco/occupation/5fdfa822-c1ba-477e-87cc-3d742e59310d,enseignant-chercheur en biologie/enseignante-chercheuse en biologie,enseignant-chercheur en biologie|enseignante-chercheuse en biologie
http://data.europa.eu/esco/occupation/5d601b40-7e0e-404e-bbff-bb98e147437c,chargé de mission affaires juridiques/chargée de mission affaires juridiques,chargé de mission affaires juridiques|chargée de mission affaires juridiques
http://data.europa.eu/esco/occupation/605e58d6-ad27-4828-b1f5-16707f327fa0,enseignant-chercheur en sciences de l’éducation/enseignante-chercheuse en sciences de l’éducation,enseignante-chercheuse en sciences de l’éducation|enseignant-chercheur en sciences de l’éducation
http://data.europa.eu/esco/occupation/5f770d3d-5c42-4c22-bc06-23bebd182a37,gérant d'animalerie/gérante d'animalerie,responsable de magasin d'animalerie|gérante de magasin d'animalerie|gérant de magasin d'animalerie
http://data.europa.eu/esco/occupation/5fe1b340-9b02-4c40-bbc9-ffd4d5fb5699,chargé de mission en développement culturel/chargée de mission en développement culturel,chargé de mission en développement culturel|chargée de mission en développement culturel
http://data.europa.eu/esco/occupation/608edf30-fe37-4ae5-bdd1-2d3a8fd347bd,ingénieur d’essais en vol/ingénieure d’essais en vol,ingénieure d’essais en vol|ingénieure d’essai en vol|ingénieur d’essai en vol/ingénieure d’essai en vol|ingénieur d’essai en vol|ingénieur d’essais en vol
http://data.europa.eu/esco/occupation/5ff7a990-a306-40c2-9224-b2bf7f15b2f9,producteur de musique/productrice de musique,productrice de musique|producteur de musique
http://data.europa.eu/esco/occupation/5efb4fff-8c5f-4697-9587-034d9f6af094,technologue en médecine nucléaire,
http://data.europa.eu/esco/occupation/5f50290d-f520-4a69-85c7-1390d2a4a8b6,testeur d’utilisabilité/testeuse d’utilisabilité,testeur utilisabilité|testeuse d'utilisabilité|testeur en utilisabilité|testeuse en utilisabilité|évaluatrice d'utilisabilité|testeuse de la facilité d'utilisation|évaluateur d'utilisabilité|testeur de la facilité d'utilisation|testeur d'utilisabilité|testeuse utilisabilité
http://data.europa.eu/esco/occupation/5df63943-f1bc-4438-90f1-92768a7a23c8,électricien d’équipements industriels/électricienne d’équipements industriels,électricienne d’équipements industriels|électricien d’équipements industriels
http://data.europa.eu/esco/occupation/601db24d-cc02-48f3-9939-8c8b41b34ef7,responsable de comptoir en location de matériel de transport aérien,agente de comptoir en location de matériel de transport aérien|agent de comptoir en location de matériel de transport aérien
http://data.europa.eu/esco/occupation/5f45a1ea-4d1b-43c3-b6a8-53b2276b3eb3,généalogiste,
http://data.europa.eu/esco/occupation/5fd099da-218a-460e-bd5b-b42f1b76c67c,pharmacien hospitalier/pharmacienne hospitalière,pharmacien chargé de la surveillance des produits sanguins labiles/pharmacienne chargée de la surveillance des produits sanguins labiles|pharmacien hygiéniste|pharmacien hygéniste/pharmacienne hygéniste|radiopharmacien/radiopharmacienne|pharmacien chargé de la surveillance des produits sanguins labiles|pharmacienne hospitalière|radiopharmacienne|radiopharmacien|pharmacienne hygiéniste|pharmacien hospitalier|pharmacienne chargée de la surveillance des produits sanguins labiles
http://data.europa.eu/esco/occupation/5d758e75-a116-485a-b800-5db08ffd3ba1,addictologue,spécialiste des troubles addictifs liés à l'alcool et aux drogues
http://data.europa.eu/esco/occupation/60b9b847-d964-4a8a-a756-904080b0f35f,emboutisseur/emboutisseuse,opérateur sur machine à emboutir|opératrice sur machine à emboutir|emboutisseur|emboutisseuse
http://data.europa.eu/esco/occupation/61053604-8091-4a8e-9c63-5151051722e3,consultant en santé publique/consultante en santé publique,consultant en santé publique|consultante en santé publique
http://data.europa.eu/esco/occupation/60f7eb23-a7ea-4cbe-98a5-1248291f62d5,bibliothécaire,médiathécaire-documentaliste
http://data.europa.eu/esco/occupation/610bee9f-d7f0-4b18-918e-f2a4a91f8912,débiteur de pierre/débitrice de pierre,tailleuse d’ardoise|tailleur d’ardoise/tailleuse d’ardoise|scieuse d'ardoise|scieur d'ardoise|foreur de carrière de pierre|tailleuse de granit|opérateur de foreuse pneumatique/opératrice de foreuse pneumatique|ouvrier carrier/ouvrière carrière|foreuse de carrière de pierre|scieuse de pierre|scieur de pierre|tailleur de granit|opérateur de foreuse pneumatique|débitrice de pierre|débiteur de pierre|tailleur d’ardoise|ouvrière carrière|scieur de pierre/scieuse de pierre|scieur d'ardoise/scieuse d'ardoise|opératrice de foreuse pneumatique|ouvrier carrier|tailleur de granit/tailleuse de granit|foreur de carrière de pierre/foreuse de carrière de pierre
http://data.europa.eu/esco/occupation/612430b3-dd43-4786-b823-0466c4953f66,agent de billetterie/agente de billetterie,agente de réservation|agent de réservation|billettiste|agente de billeterie|agent de billeterie
http://data.europa.eu/esco/occupation/615920c5-4f63-4eb3-8b60-afaaed3ab1ff,ingénieur maintenance/ingénieure maintenance,ingénieur maintenance et réparation des ouvrages d’art/ingénieure maintenance et réparation des ouvrages d’art|ingénieur maintenance aéronautique/ingénieure maintenance aéronautique|ingénieure de maintenance industrielle|ingénieure maintenance|ingénieure maintenance aéronautique|ingénieur maintenance aéronautique|ingénieur maintenance|ingénieur de maintenance industrielle/ingénieure de maintenance industrielle|ingénieur de maintenance industrielle|ingénieur maintenance et réparation des ouvrages d'art|ingénieure maintenance et réparation des ouvrages d’art
http://data.europa.eu/esco/occupation/60bc7374-9fa1-4bbd-b936-2676fca0bfb6,vendeur d’instruments financiers/vendeuse d’instruments financiers,vendeur d'instruments financiers|vendeuse d'instruments financiers
http://data.europa.eu/esco/occupation/6140be85-2d45-44b2-b0ba-412aadcead1e,généticien/généticienne,chercheur en génétique/chercheuse en génétique|chercheur en génétique|généticien|chercheuse en génétique|généticienne
http://data.europa.eu/esco/occupation/61704d4b-f54b-43e5-a7de-bfd7a76f2f0d,homéopathe,
http://data.europa.eu/esco/occupation/60d77070-2cf4-4883-b44d-91e8ce54db86,superviseur de techniciens en conservation de l’eau/superviseuse de techniciens en conservation de l’eau,superviseuse de techniciens en conservation de l'eau|superviseur de techniciens en conservation de l'eau
http://data.europa.eu/esco/occupation/65b88636-2ebb-4049-b509-2f6da5d6ea1c,conducteur de machine de fabrication d’articles de papeterie/conductrice de machine de fabrication d’articles de papeterie,opérateur de machine à fabriquer les enveloppes/opératrice de machine à fabriquer les enveloppes|conducteur de machine de façonnage du papier-carton/conductrice de machine de façonnage du papier-carton|conducteur de machine de fabrication d’articles de papeterie|opératrice de machine à fabriquer les enveloppes|opérateur de machine à fabriquer les enveloppes|conductrice de machine de fabrication d’articles de papeterie|conducteur de machine de façonnage du papier-carton|opérateur d’exécution de façonnage de papier-carton|opératrice d’exécution de façonnage de papier-carton|opérateur d’exécution de façonnage de papier-carton/opératrice d’exécution de façonnage de papier-carton|conductrice de machine de façonnage du papier-carton
http://data.europa.eu/esco/occupation/67f12d6c-295f-4315-8c5c-8e477c7f7019,extracteur de miel,opérateur d’extraction du miel|opératrice d’extraction du miel|technicienne en extraction de miel|extracteur à miel|technicien en extraction de miel
http://data.europa.eu/esco/occupation/66d22b81-1b5e-42a1-b904-ac67b4a896c6,opérateur de machines de traitement du minerai/opératrice de machines de traitement du minerai,préparateur de saumure/préparatrice de saumure|chargeur de four/chargeuse de four|opérateur d’installation de préparation du charbon|ouvrier au four de calcination|cribleur de gravier/cribleuse de gravier|opérateur d’installation de préparation du charbon/opératrice d’installation de préparation du charbon|cribleur de gravier|opératrice de malaxeur à béton|opérateur de malaxeur à béton/opératrice de malaxeur à béton|trieur de gravier/trieuse de gravier|opérateur de digesteur|opératrice de four à calciner|opérateur de four à calciner/opératrice de four à calciner|opératrice de mélangeur|chargeuse de four|ouvrière à la transformation du sel|opératrice de machines de traitement du minerai|opérateur de bétonnière/opératrice de bétonnière|ouvrier au séparateur de minerai/ouvrière au séparateur de minerai|chargeur de four|ouvrier à la transformation du sel|préparateur de saumure|ouvrier à la transformation du sel/ouvrière à la transformation du sel|ouvrier au séparateur de minerai|opérateur de machines de traitement du minerai|opératrice de séchoir à minerai|opérateur de mélangeur|ouvrière au four de calcination|opérateur de four à calciner|opératrice d’installation de préparation du charbon|opérateur de séchoir à minerai/opératrice de séchoir à minerai|opératrice de bétonnière|opérateur de malaxeur à béton|trieur de gravier|préparatrice de saumure|opérateur de digesteur/opératrice de digesteur|cribleuse de gravier|opérateur de mélangeur/opératrice de mélangeur|opérateur de séchoir à minerai|ouvrier au four de calcination/ouvrière au four de calcination|ouvrière au séparateur de minerai|opératrice de digesteur|trieuse de gravier|opérateur de bétonnière
http://data.europa.eu/esco/occupation/659b0ffd-337c-4a1f-82e3-2730812279de,investisseur en capital risque/investisseuse en capital risque,investisseuse en capital risque|investisseur en capital risque
http://data.europa.eu/esco/occupation/6725a5bb-b79d-4128-9494-089389ae2a48,préposé à la torréfaction des fèves de cacao/préposée à la torréfaction des fèves de cacao,torréfieuse de fèves de cacao|torréfieur de fèves de cacao|préposé à la torréfaction des fèves de cacao|préposée à la torréfaction des fèves de cacao|grilleur de fèves de cacao|grilleuse de fèves de cacao
http://data.europa.eu/esco/occupation/669353c2-3f5a-4bc4-939b-6afb6a0c7d13,grignoteur/grignoteuse,grignoteuse|grignoteur|opérateur sur grignoteuse|opératrice sur grignoteuse
http://data.europa.eu/esco/occupation/65bd2342-f7de-4932-9164-eb480e35a791,aide d'élevage,aide élevage|ouvrier d'élevage|assistante élevage|ouvrière d'élevage|assistant élevage
http://data.europa.eu/esco/occupation/6656337f-67eb-4f48-b1e4-ecccdfa44dd2,électricien automobile/électricienne automobile,électricien automobile|électricienne automobile
http://data.europa.eu/esco/occupation/66fb9704-0d56-4673-8e69-7823816b73e1,chargé d’études de marché/chargée d’études de marché,chargé d'études de marché|chargée d'études de marché
http://data.europa.eu/esco/occupation/666846b2-01ce-43f6-8cb7-f3be09fac4a2,médiateur/médiatrice,médiateur administratif/médiatrice administrative|médiateur|médiateur institutionnel|médiatrice administrative|médiateur institutionnel/médiatrice institutionnelle|médiateur administratif|médiatrice institutionnelle|médiatrice
http://data.europa.eu/esco/occupation/65fb0b53-b8c4-4839-b099-c80b6de5a158,coordinateur de programmes pour l’emploi/coordinatrice de programmes pour l’emploi,coordinateur de programme pour l'emploi|coordinatrice de programme pour l'emploi
http://data.europa.eu/esco/occupation/6837611a-7093-40fb-9e7f-74947bf6f54f,conducteur de four en industrie céramique/conductrice de four en industrie céramique,conductrice de four en industrie céramique|conducteur de four en industrie céramique
http://data.europa.eu/esco/occupation/67b31696-9722-4b41-84d4-b25657266d59,monteur en orfèvrerie/monteuse en orfèvrerie,monteur en orfèvrerie|monteur en bijouterie/monteuse en bijouterie|monteur bijoux fantaisie/monteuse bijoux fantaisie|monteur en bijouterie|monteuse en orfèvrerie|monteur bijoux fantaisie|monteuse en bijouterie|monteuse bijoux fantaisie
http://data.europa.eu/esco/occupation/6630d23f-4c8e-4855-abb0-8ca1e72c74ba,employé d'écurie/employée d'écurie,employé d'écurie|employée d'écurie|ouvrière d'écurie|ouvrier d'écurie
http://data.europa.eu/esco/occupation/68d973df-bf10-4bf7-9a1b-fbd9f604b9db,bioinformaticien/bioinformaticienne,"bioinformaticien en études, recherche et développement|bio-informaticien/bio-informaticienne|bio-informaticien|bio-informaticienne|bioinformaticienne en études, recherche et développement|bioinformaticienne|bioinformaticien|bioinformaticien en études, recherche et développement/bioinformaticienne en études, recherche et développement"
http://data.europa.eu/esco/occupation/684fd8d5-9b40-4b02-a680-438f0082d923,enseignant-chercheur/enseignante-chercheuse,maître de conférences/maîtresse de conférences|maître de conférences|professeur des universités/professeure des universités|professeure des universités|enseignant en université/enseignante en université|enseignante-chercheuse|enseignante en université|enseignant en université|enseignant-chercheur|professeur des universités|maîtresse de conférences
http://data.europa.eu/esco/occupation/680831bb-64fc-4fc8-ae58-c450327d9700,responsable maintenance de site de production,responsable d'atelier de production
http://data.europa.eu/esco/occupation/6729aa5a-285f-4baf-a466-c2ccd2f2d96f,sertisseur/sertisseuse,sertisseur|sertisseuse
http://data.europa.eu/esco/occupation/65a9366c-d4d3-484d-a577-c63d335987da,éducateur de chiens guides/éducatrice de chiens guides,éducateur de chiens d'aveugle|éleveur de chiens guides|éducatrice de chiens d'aveugle|éleveuse de chiens guides|moniteur de chiens guides|éducatrice de chiens guides|monitrice de chiens guides|éducateur de chiens guides
http://data.europa.eu/esco/occupation/66542dd6-05a6-4d9e-97ff-3f4858c31ff9,photographe,photographe aérienne|photographe filmeuse|photographe médical|photographe de plateau de tournage|photographe créatrice|photographe filmeur|photographe de sport|photographe animalier|photographe retoucheur|photographe illustratrice|photographe scientifique|photographe itinérante|photographe créateur|photographe de mode|photographe sociale|photographe industriel|photographe social|photographe itinérant|photographe de reportage|photographe retoucheuse|photographe en industrie graphique|photographe animalière|photographe généraliste|photographe culturelle|photographe illustrateur|photographe scolaire|photographe industrielle|photographe médicale|photographe publicitaire|photographe d'architecture|photographe de presse|photographe de portrait|photographe aérien|photographe culturel|photographe d'illustrations
http://data.europa.eu/esco/occupation/665266cb-50dd-44a5-a920-ab04c67e251a,laïc en mission ecclésiale/laïque en mission ecclésiale,laïque en mission ecclésiale|assistante pastorale|assistant pastoral|laïc en mission ecclésiale
http://data.europa.eu/esco/occupation/66ca3643-e6f3-4c75-9300-40d813185b3e,assistant chiropracteur/assistante chiropracteur,assistante chiropracteur|assistant chiropraticienne|assistante ostéopathe|assistant chiropracteur|assistant ostéopathe|assistante chiropraticienne
http://data.europa.eu/esco/occupation/66527cdc-b7a5-4996-9448-7e327b68d08d,enseignant-chercheur en histoire de l’art/enseignante-chercheuse en histoire de l’art,enseignante-chercheuse en histoire de l’art|enseignant-chercheur en histoire de l’art
http://data.europa.eu/esco/occupation/673f3266-ab1a-447d-9b28-fc5838dc07e3,inspecteur hygiène et sécurité au travail/inspectrice hygiène et sécurité au travail,inspecteur hygiène et sécurité au travail|inspectrice hygiène et sécurité au travail
http://data.europa.eu/esco/occupation/6724e558-2d75-4116-a473-91a4c14d4c69,administrateur d’organismes de pension/administratrice d’organismes de pension,gestionnaire liquidation retraite|liquidatrice retraite|administrateur d'organismes de pension|administratrice d'organismes de pension|liquidateur retraite|gestionnaire droits retraite|gestionnaire prestations retraite
http://data.europa.eu/esco/occupation/6648103b-6984-4880-b8c3-eacb9b0d2bc9,"négociant grossiste en meubles, tapis et appareils d’éclairage/négociante grossiste en meubles, tapis et appareils d’éclairage","négociant grossiste en meubles, tapis et appareils d’éclairage|négociante grossiste en meubles, tapis et appareils d’éclairage"
http://data.europa.eu/esco/occupation/6833077e-e521-4605-bc1a-893f4b3d811c,chargé de projets recherche et développement textile/chargée de projets recherche et développement textile,chargée de projets recherche et développement textile|chargé de projets recherche et développement textile
http://data.europa.eu/esco/occupation/66dc9349-6ca3-4ce4-9865-40686234d752,chef d’équipe de couvreurs,cheffe d'équipe de couvreurs|superviseuse de couvreurs tuiliers|superviseur de couvreurs tuiliers
http://data.europa.eu/esco/occupation/68bc2af1-96ea-4ec2-8b2f-5cde76472135,technicien en diététique/technicienne en diététique,technicienne en diététique|technicien en diététique
http://data.europa.eu/esco/occupation/68dd0dfc-c8b0-4fd0-9a6e-b0864925fa56,formateur de conducteurs ferroviaires/formatrice de conducteurs ferroviaires,formateur de conducteurs ferroviaires|formatrice de conducteurs ferroviaires
http://data.europa.eu/esco/occupation/664f7498-8e4b-48f8-9fe2-436a692f1204,gérant de magasin de revêtements sols et murs/gérante de magasin de revêtements sols et murs,gérante de magasin de revêtements sols et murs|gérant de magasin de revêtements sols et murs|responsable de magasin de revêtements sols et murs
http://data.europa.eu/esco/occupation/67d8c64f-e0d9-4e0b-be8b-510f9e20e698,animateur - activités de plein air/animatrice - activités de plein air,monitrice de canoë-kayak|animatrice - activités de plein air|moniteur d'escalade|moniteur de ski|moniteur de pilotage|monitrice de ski|moniteur de canoë-kayak|animateur - activités de plein air|monitrice de pilotage|monitrice d'escalade
http://data.europa.eu/esco/occupation/67aee472-533b-4569-a7a5-e7bc34b2cdce,responsable de la logistique distribution de montres et joaillerie,
http://data.europa.eu/esco/occupation/68ad860f-c5cd-420f-840f-993e3e813508,contrôleur qualité de biens de consommation/contrôleuse qualité de biens de consommation,contrôleur qualité de biens de consommation|contrôleuse qualité de biens de consommation
http://data.europa.eu/esco/occupation/6667bf29-a3e3-4513-a71b-82c67206045b,accueillant familial thérapeutique auprès d’enfants/accueillante familiale thérapeutique auprès d’enfants,accueillant familial thérapeutique auprès d'enfants|employée familiale auprès d'enfants|accueillant familial auprès d'enfants|accueillante familiale thérapeutique auprès d'enfants|accueillante familiale auprès d'enfants|employé familial auprès d'enfants|auxiliaire de vie sociale auprès d'enfants
http://data.europa.eu/esco/occupation/68450507-b4a0-40e0-895b-385fe705be10,standardiste aux urgences médicales,
http://data.europa.eu/esco/occupation/65beb253-61b0-4f8f-9c3c-49419913fd18,responsable import-export de produits laitiers et huiles alimentaires,
http://data.europa.eu/esco/occupation/6818c837-072a-4120-b913-bd360b7b14d0,ingénieur de fabrication/ingénieure de fabrication,ingénieur de fabrication|ingénieure de fabrication
http://data.europa.eu/esco/occupation/6662e56e-bc3d-4d9b-bed2-79d510d7c4ff,wedding planner,conseiller en organisation de mariages|conseillère en organisation de mariages|organisateur de mariages et de séminaires|organisatrice de mariages et de séminaires
http://data.europa.eu/esco/occupation/668943cc-c454-4a1b-a296-2fcb524a6222,technicien de levés hydrographiques/technicienne de levés hydrographiques,technicienne de levés océanographiques|technicien de levés océanographiques|technicien de levés hydrographiques|technicienne de levés hydrographiques
http://data.europa.eu/esco/occupation/691ec040-f5ad-47ef-8698-03212d66dbbf,charpentier en structures métalliques/charpentière en structures métalliques,charpentière en structures métalliques|charpentier en structures métalliques
http://data.europa.eu/esco/occupation/691d30cc-6b2c-4025-89b4-3e719fe664c7,responsable des expositions,
http://data.europa.eu/esco/occupation/699057b7-7aeb-4b5c-bb90-01d935ff32c1,conducteur d'engins forestiers/conductrice d'engins forestiers,conductrice d'engins sylvicoles|conducteur d'engins sylvicoles|chauffeur d'engins forestiers|chauffeuse d'engins forestiers|conductrice d'engins forestiers|conducteur d'engins forestiers
http://data.europa.eu/esco/occupation/68ffc53b-6067-4fe7-bd85-c96f4a6c1e45,spécialiste en biotechnologie alimentaire,expert en biotechnologie alimentaire|ingénieure en biotechnologie alimentaire|experte en biotechnologie alimentaire|ingénieur en biotechnologie alimentaire|biotechnologiste alimentaire
http://data.europa.eu/esco/occupation/69e6db0b-30b4-4e0e-b95b-173f8bc3da73,technicien environnement aéroportuaire/technicienne environnement aéroportuaire,technicien environnement aéroportuaire|technicienne environnement aéroportuaire
http://data.europa.eu/esco/occupation/691c86d9-d88f-440f-b885-7ed9726f782c,gérant de magasin de produits logiciels et multimédias/gérante de magasin de produits logiciels et multimédias,gérant de magasin de produits logiciels et multimédias|gérante de magasin de produits logiciels et multimédias|responsable de magasin de produits logiciels et multimédias
http://data.europa.eu/esco/occupation/69bcbb0a-8d80-4ecd-b0a4-9adea2a40de2,graphiste,graphiste concepteur/graphiste conceptrice|designeuse graphiste|graphiste conceptrice|graphiste illustrateur|graphiste concepteur|graphiste illustrateur/graphiste illustratrice|designer graphiste|designer graphiste/designeuse graphiste|graphiste illustratice
http://data.europa.eu/esco/occupation/68f4fdd9-182c-4c0d-a73d-f767b8a8355e,biologiste en aquaculture,
http://data.europa.eu/esco/occupation/69c24e54-567c-4415-b59b-cda97fdbc50c,sellier-garnisseur en construction ferroviaire/sellière-garnisseuse en construction ferroviaire,sellier-garnisseur en construction ferroviaire|sellière-garnisseuse en construction ferroviaire
http://data.europa.eu/esco/occupation/69e4e877-9d7a-4df0-973b-34defd318e26,agent de nettoyage avion/agente de nettoyage avion,agente de nettoyage avion|agent de nettoyage avion
http://data.europa.eu/esco/occupation/6b46ea2f-403a-473c-b2e5-9fcf0c2bd634,assistant ingénieur en zone de pêche/assistante ingénieure en zone de pêche,assistant ingénieur en aquaculture|assistante ingénieure en aquaculture
http://data.europa.eu/esco/occupation/6d421d34-baa1-44f9-9ea0-231d76e325fd,théologien/théologienne,théologienne|théologien
http://data.europa.eu/esco/occupation/6da80214-d360-49ec-b1e7-172ab0a0cb0c,conducteur de machine à tricoter/conductrice de machine à tricoter,conducteur de métier à tricoter/conductrice de métier à tricoter|conducteur de métier à tricoter|conducteur de machine à tricoter|conductrice de métier à tricoter|conductrice de machine à tricoter
http://data.europa.eu/esco/occupation/6d72138d-2ebb-4a89-b2b2-8c22365b89bf,braseur/braseuse,braseur|braseuse
http://data.europa.eu/esco/occupation/6cfba9ca-f9a0-4a50-a8d3-064d88c928b1,monteur d’échafaudage pour événements/monteuse d’échafaudage pour événements,monteur d’échafaudage pour événements|monteuse d’échafaudage pour événements|échafaudeur|échafaudeuse
http://data.europa.eu/esco/occupation/6d50f735-dca9-4a02-96dc-e4310ed98ae2,gouvernantes/intendants à domicile,employée de maison|employé de maison
http://data.europa.eu/esco/occupation/6a29d804-f775-446c-bec7-35fc4e28ac97,consultant en gestion d’entreprise/consultante en gestion d’entreprise,consultant en gestion d’entreprise|consultante en gestion d’entreprise
http://data.europa.eu/esco/occupation/6d03eaef-1ce5-4a1e-bb41-0908e1af1b65,analyste professionnel,responsable du recrutement et de la mobilité professionnelle
http://data.europa.eu/esco/occupation/6a0b0c4f-b57a-4978-a637-2c0adff65996,opérateur de moulin à huile/opératrice de moulin à huile,opératrice de moulin à huile|opérateur d’huilerie|technicien d’usine de trituration|opérateur d’usine de trituration|opérateur de moulin à huile|technicienne d’usine de trituration|opératrice d’huilerie|technicienne d’huilerie|technicien d’huilerie|opératrice d’usine de trituration
http://data.europa.eu/esco/occupation/6d1e2801-3ab0-4d74-ac27-918339e8db64,superviseur sécurité chantier/superviseuse sécurité chantier,superviseur sécurité chantier|coordonnateur de sécurité chantier/coordonnatrice de sécurité chantier|coordonnateur de sécurité chantier|coordonnatrice de sécurité chantier|superviseuse sécurité chantier
http://data.europa.eu/esco/occupation/6ce3c372-408b-4c46-86d8-ad6b9255d686,chef de produit tourisme,responsable de l’offre touristique|responsable touristique|directrice des produits touristiques|directrice de l’offre touristique|directeur de l’offre touristique|directeur des produits touristiques
http://data.europa.eu/esco/occupation/6c3fd65e-2d24-47d8-bc22-9e93512bdcc2,directeur général/directrice générale,dirigeant de grande entreprise|administratrice déléguée|dirigeante de grande entreprise|directeur général|directrice générale|administrateur délégué
http://data.europa.eu/esco/occupation/6afe39e2-2674-45db-b05c-a6cab02fe25b,formateur de la formation continue/formatrice de la formation continue,formatrice de la formation continue|formateur de la formation continue
http://data.europa.eu/esco/occupation/6c2b32b4-2f62-4288-a359-3406022c3610,"négociant grossiste en sucre, chocolat et confiserie/négociante grossiste en sucre, chocolat et confiserie","négociant grossiste en sucre, chocolat et confiserie|négociante grossiste en sucre, chocolat et confiserie"
http://data.europa.eu/esco/occupation/6d823dbb-4008-4fb7-b98d-f9d934478647,opérateur de centrale solaire/opératrice de centrale solaire,opératrice de centrale solaire|opérateur de centrale solaire
http://data.europa.eu/esco/occupation/6cee3765-2b3b-48b0-af2b-1eb512d071fd,maire/mairesse,bourgmestre|mayeur|maïeur|mairesse|maire|maïeure|mayeure
http://data.europa.eu/esco/occupation/6a6e174e-cffa-49a9-9f2f-aa39c81cdee5,guichetier en bureau de poste/guichetière en bureau de poste,guichetier en bureau de poste|guichetière en bureau de poste
http://data.europa.eu/esco/occupation/6ce86c90-36cc-43ef-a1e0-885d8151f976,lieutenant mécanicien/lieutenante mécanicienne,lieutenant mécanicien|lieutenante mécanicienne
http://data.europa.eu/esco/occupation/6b0ad7c0-a37f-45c6-a486-ee943a11429e,astrologue,
http://data.europa.eu/esco/occupation/6a3d3d28-0ab6-49b0-9a32-697e5e104bf1,pédologue,ingénieur pédologue|ingénieur pédologue/ingénieure pédologue|ingénieure pédologue
http://data.europa.eu/esco/occupation/6aa78e46-ce22-421f-8a75-e915ac63c9d0,superviseur de centre d’appels/superviseuse de centre d’appels,superviseuse de centre d'appels|superviseur de centre d'appels
http://data.europa.eu/esco/occupation/6a67114c-60a3-4cec-af26-c7df6fe6e9b5,superviseur de peintres en bâtiment/superviseuse de peintres en bâtiment,superviseur de peintres en bâtiment|superviseuse de peintres en bâtiment
http://data.europa.eu/esco/occupation/6aef7360-8c4a-4e1a-a402-b1e207101dc8,responsable de camping,gestionnaire du camping|directeur du camping|responsable du site de camping|directrice du camping|responsable du campement
http://data.europa.eu/esco/occupation/6c39cf1c-7332-41c1-86c3-6ed3daf3c479,préparateur de poisson/préparatrice de poisson,poissonnière industrielle|pareuse de poissons|pareuse de poisson|pareur de poissons|préparatrice de poisson|préparateur de poisson|pareur de poisson|poissonnier industriel
http://data.europa.eu/esco/occupation/6a167ceb-f847-4ef0-af47-89454c53770b,aide médico-psychologique,intervenante en accompagnement médicosocial|intervenant en accompagnement médicosocial/intervenante en accompagnement médicosocial|intervenant en accompagnement médicosocial
http://data.europa.eu/esco/occupation/6c7d333a-b2a9-4325-b25b-566d1ecc956d,inspecteur en foresterie/inspectrice du travail en foresterie,inspectrice du travail en foresterie|inspecteur du travail en foresterie
http://data.europa.eu/esco/occupation/6db9eeae-aef5-4f56-913d-4650e4c720c6,chef d'établissement pénitentiaire,directrice des services pénitentiaires|chef de centre de détention pénitentiare|cheffe de centre de détention pénitentiaire|directeur des services pénitentiaires|cheffe d'établissement pénitentiaire
http://data.europa.eu/esco/occupation/6a7212c9-40da-4346-a190-3896bdd9a925,agent de probation/agente de probation,agente de probation|agent de probation
http://data.europa.eu/esco/occupation/6a2270bc-3f69-4cfd-b99b-fdc2c70d1779,hôte de croisière/hôtesse de croisière,hôtesse|membre d'équipage de cabine|steward de croisière|PNC|personnel navigant commercial|steward|hôte de croisière|hôtesse de croisière
http://data.europa.eu/esco/occupation/6c999fc7-c6b7-4ef3-a4b9-af124a1783a2,employé de bureau/employée de bureau,
http://data.europa.eu/esco/occupation/6b5e5aa6-9bf7-47e6-90d2-4d2187d47d11,chargé de mission dans le domaine de l’immigration/chargée de mission dans le domaine de l’immigration,chargée de mission dans le domaine de l'immigration|chargé de mission dans le domaine de l'immigration
http://data.europa.eu/esco/occupation/6d765c21-267d-4d3d-a989-9b7596670477,coloriste textile,coloriste sur textiles|coloriste en impression textile|coloriste en teinture textile
http://data.europa.eu/esco/occupation/6ba25e0f-7fb8-4879-a1f9-d4f8945966be,directeur de la photographie/directrice de la photographie,directrice de la photographie|directeur de la photographie
http://data.europa.eu/esco/occupation/6cd08cbe-7611-4d70-8886-6c59c0385442,chercheur en communication/chercheuse en communication,chercheuse en communication|chercheur en communication
http://data.europa.eu/esco/occupation/6cc19251-763b-4de1-b4f7-526c9ff732d2,responsable des relations publiques,chargé des relations publiques|chargée des relations publiques
http://data.europa.eu/esco/occupation/6d16c41d-81a7-44a9-836d-7aed46ccb955,peintre sur verre,
http://data.europa.eu/esco/occupation/6a6ce738-b049-4521-b402-8e1f346c7eca,maraudeur/maraudeuse,maraudeur|maraudeuse
http://data.europa.eu/esco/occupation/6a163fef-dee8-4583-82b0-13b76d8a27b2,vendeur automobile/vendeuse automobile,vendeur de véhicules d'occasion|vendeuse de véhicules d'occasion|vendeur de voitures|vendeuse de voitures|vendeur de véhicules neufs|vendeuse automobile|vendeuse de véhicules neufs|vendeur automobile
http://data.europa.eu/esco/occupation/6ccb925a-264a-4e00-aa3a-503e53c5db2b,finisseur de courroies trapézoïdales/finisseuse de courroies trapézoïdales,opératrice de fabrication et de finition caoutchouc|opérateur de fabrication et de finition caoutchouc/opératrice de fabrication et de finition caoutchouc|finisseuse de courroies trapézoïdales|opérateur de fabrication et de finition caoutchouc|finisseur de courroies trapézoïdales
http://data.europa.eu/esco/occupation/6b304370-0112-4881-a1bd-27d8df645d00,formateur en sécurité intérieure/formatrice en sécurité intérieure,formateur en sécurité intérieure|formatrice en sécurité intérieure
http://data.europa.eu/esco/occupation/6e11692c-fc72-4ef4-8bcf-6bd19a6b0ea3,opérateur d'appareil de carbonatation/opératrice d'appareil de carbonatation,opératrice d'appareil de carbonatation|ouvrier à la carbonatation|opérateur d'appareil de carbonatation|ouvrière à la carbonatation
http://data.europa.eu/esco/occupation/6e298596-882b-4687-a0cf-3eb37f8fd328,coordonnateur - activités de plein air/coordonnatrice - activités de plein air,coordonnatrice - activités de plein air|coordonnateur - activités de plein air
http://data.europa.eu/esco/occupation/6e18b923-7c5f-42d7-8ff0-de8d8ba30dbf,thermoformeur/thermoformeuse,formeur en thermoplastiques|formeur en thermoplastiques/formeuse en thermoplastiques|thermoformeuse|thermoformeur|régleuse de machines de thermoformage|régleur de machines de thermoformage/régleuse de machines de thermoformage|régleur de machines de thermoformage|formeuse en thermoplastiques
http://data.europa.eu/esco/occupation/6dbca2aa-f83b-4567-a4e7-b9a21fb948bf,opérateur de laminoir/opératrice de laminoir,opérateur de laminoir|pilote d’exploitation de laminoir|conducteur de laminoirs en métallurgie/conductrice de laminoirs en métallurgie|conductrice de laminoirs en métallurgie|conducteur de laminoirs en métallurgie|opératrice de laminoir|technicien sur laminoir|technicienne sur laminoir|technicien sur laminoir/technicienne sur laminoir
http://data.europa.eu/esco/occupation/6e591f17-65c1-4a24-af2a-ca7862d4625e,attaché technico-commercial en équipements électroniques et de télécommunications/attachée technico-commerciale en équipements électroniques et de télécommunications,attaché technico-commercial en équipements électroniques et de télécommunications|attachée technico-commerciale en équipements électroniques et de télécommunications
http://data.europa.eu/esco/occupation/6e1b1bd7-9eec-4f10-bce7-94a27d9023e8,responsable des admissions,
http://data.europa.eu/esco/occupation/6e36bf67-9df2-4d68-8f78-fca1d34acc0b,inspecteur des services de protection judiciaire de la jeunesse/inspectrice des services de protection judiciaire de la jeunesse,surveillante de la protection judiciaire de la jeunesse|éducateur en PJJ|inspectrice des services de protection judiciaire de la jeunesse|surveillante en IPPJ|surveillant de la protection judiciaire de la jeunesse|éducatrice en PJJ|inspecteur des services de protection judiciaire de la jeunesse|éducateur de la protection judiciaire de la jeunesse|surveillant en IPPJ|éducateur en institution publique de protection de la jeunesse|éducatrice en institution publique de protection de la jeunesse|éducatrice de la protection judiciaire de la jeunesse|éducatrice en IPPJ|éducateur en IPPJ
http://data.europa.eu/esco/occupation/6e0e068b-cd5c-4400-8899-54056087fa14,opticien/opticienne,opticien|opticienne-lunetière|opticienne|opticien-optométriste|monteuse-vendeuse lunetière|monteur-vendeur lunetier|monteur-vendeur opticien|opticien-lunetier|opticienne-optométriste|monteuse-vendeuse opticienne
http://data.europa.eu/esco/occupation/6e102a30-2c0a-4a31-aee3-ae7b1fac5466,piqueur en chaussures/piqueuse en chaussures,cordonnier industriel|couseur de part en part ou blacke en chaussures|couseuse de trépointes|couseur petit point en chaussures|piqueuse en chaussures|couseuse de part en part ou blacke en chaussures|cordonnier industriel/cordonnière industrielle|couseuse petit point en chaussures|couseur de trépointes|piqueur en chaussures|cordonnière industrielle|couseur de part en part ou blacke en chaussures/couseuse de part en part ou blacke en chaussures|couseur de trépointes/couseuse de trépointes|couseur petit point en chaussures/couseuse petit point en chaussures
http://data.europa.eu/esco/occupation/6df6c5cb-c1a2-42c8-acd0-1ee5563c36c1,biochimiste,
http://data.europa.eu/esco/occupation/7180a7be-68cd-4636-8c12-706722ad8862,développeur de photographies/développeuse de photographies,développeuse de photographies|technicien de laboratoire photographique|opérateur de laboratoire photographique|opératrice de laboratoire photographique|opérateur de laboratoire photographique/opératrice de laboratoire photographique|technicien de laboratoire photographique/technicienne de laboratoire photographique|développeur de photographies|technicienne de laboratoire photographique
http://data.europa.eu/esco/occupation/6f9398cc-c4cc-415e-a757-fd855f55fda2,opérateur en fabrication de produits non tissés/opératrice en fabrication de produits non tissés,conductrice de machines de produits nontissés|conductrice de ligne de produits nontissés|conducteur de ligne de produits nontissés|conducteur de machines de produits nontissés|conducteur de ligne de produits nontissés/conductrice de ligne de produits nontissés|opérateur en fabrication de produits nontissés|conducteur de machines de produits nontissés/conductrice de machines de produits nontissés|opératrice en fabrication de produits nontissés
http://data.europa.eu/esco/occupation/706e8b26-befb-429b-b71d-f72fad1bae12,opérateur de blanchiment épluchage concassage/opératrice de blanchiment épluchage concassage,préposée au blanchiment  épluchage  concassage|technicienne de blanchiment  épluchage  concassage|opérateur de blanchiment  épluchage  concassage|opératrice d’ébouillantage|préposé au blanchiment  épluchage  concassage|opératrice de blanchiment  épluchage  concassage|opérateur d’ébouillantage|technicien de blanchiment  épluchage  concassage
http://data.europa.eu/esco/occupation/7109cdfd-1618-43b6-8317-8dc90fa583e6,opérateur de production de granulés de bois/opératrice de production de granulés de bois,opératrice production pellets|opérateur production pellets/opératrice production pellets|opérateur production pellets|opérateur de production de granulés de bois
http://data.europa.eu/esco/occupation/7005c266-d1a9-42ac-8c36-b42d5d755463,agent de stérilisation/agente de stérilisation,agente de stérilisation|agent de stérilisation
http://data.europa.eu/esco/occupation/71a98a24-e02b-4ba6-b4df-6556d7ae98cc,conducteur de machines de fabrication d’articles de papeterie/conductrice de machines de fabrication d’articles de papeterie,conductrice de machines de fabrication d’articles de papeterie|conducteur de machines de fabrication d’articles de papeterie
http://data.europa.eu/esco/occupation/709170ae-2b9a-4e7a-8201-260da7211898,opérateur de mise en conserve du poisson/opératrice de mise en conserve du poisson,technicienne de mise en conserve du poisson|opératrice de mise en conserve du poisson|ouvrier de mise en conserve du poisson|spécialiste en mise en conserve du poisson|opérateur de mise en conserve du poisson|technicien de mise en conserve du poisson|ouvrière de mise en conserve du poisson
http://data.europa.eu/esco/occupation/7153a12d-85e0-4123-87e9-46bb1a2dc929,agent d’escale/agente d’escale,agent d’escale|agente d’escale
http://data.europa.eu/esco/occupation/6f7c1e84-8162-4c20-a575-b57ff624eef5,chauffeur de taxi/chauffeuse de taxi,conducteur de taxi/conductrice de taxi|conducteur de taxi|conductrice de taxi|chauffeuse de taxi|chauffeur de taxi
http://data.europa.eu/esco/occupation/71898b81-fc2f-4a97-826d-f45e49a8160a,assistant réalisateur de films cinématographiques et vidéos/assistante réalisatrice de films cinématographiques et vidéos,assistant réalisateur de films cinématographiques et vidéos|assistante réalisatrice de vidéo-clip|deuxième assistant réalisateur cinéma|deuxième assistante réalisatrice cinéma|assistant réalisateur de vidéo-clip|assistante réalisatrice de films cinématographiques et vidéos
http://data.europa.eu/esco/occupation/6e92d4b5-3167-4166-802f-da7753951a31,consultant en recherche informatique/consultante en recherche informatique,consultante en recherche dans la technologie de l'information et de la communication|consultante recherche informatique|conseillère en recherche dans les TIC|consultant recherche informatique|consultant en recherche dans la technologie de l'information et de la communication|consultante en recherche dans les TIC|consultante en recherche dans la TIC|consultante en recherche informatique|consultant en recherche dans les TIC|consultant en recherche dans la TIC|consultant en recherche informatique|conseiller en recherche dans les TIC
http://data.europa.eu/esco/occupation/6f8f1da1-9160-4b9f-ba30-e3396d3b2f92,maquettiste de modèles réduits,
http://data.europa.eu/esco/occupation/6f74ebc4-ab7e-42a8-ad94-921f3d0ef0c6,opérateur de réseau d’assainissement/opératrice de réseau d’assainissement,égoutière|égoutier|opératrice de réseau d’assainissement|opérateur de réseau d’assainissement
http://data.europa.eu/esco/occupation/6e6e44ba-d9f0-403b-93d4-a8d4bd67787a,veilleur de nuit/veilleuse de nuit,veilleuse de nuit|réceptionniste de nuit|concierge de nuit|veilleur de nuit
http://data.europa.eu/esco/occupation/6fefa90d-9a71-49c6-be92-52397e9795e6,coteur/coteuse,coteur|coteuse
http://data.europa.eu/esco/occupation/715b902f-b1b6-4366-afc6-ddb8ab715229,inspecteur du travail en agriculture/inspectrice du travail en agriculture,contrôleur du travail en agriculture|inspectrice du travail en agriculture|inspecteur du travail en agriculture|contrôleuse du travail en agriculture
http://data.europa.eu/esco/occupation/6e873bb0-ff0d-4800-a898-362b9a2e1c47,"responsable import-export produits textiles, produits textiles semi-finis et matières premières textiles",
http://data.europa.eu/esco/occupation/6fe645b0-463a-445d-ab8f-c0a5132beb68,opérateur de conservation des fruits et légumes/opératrice de conservation des fruits et légumes,opérateur de conservation des fruits et légumes|technicienne de conservation des fruits et légumes|opératrice de conservation des fruits et légumes|préposé à la conservation des fruits et légumes|technicien de conservation des fruits et légumes|opératrice à la préservation des fruits et légumes|préposée à la conservation des fruits et légumes|opérateur à la préservation des fruits et légumes
http://data.europa.eu/esco/occupation/7086d0ca-1e77-4690-89c9-7ed1a0478fa3,analyste qualité des données,analyste qualité de données|analystes qualité de données|analyste qualitatif|analyste de la qualité des données
http://data.europa.eu/esco/occupation/6e6839b6-099c-4802-906e-7f2c8203ee69,coordonnateur du bureau préposé/coordonnatrice du bureau préposée,responsable administratif|responsable syndical|responsable administrative|responsable syndicale|cheffe de service
http://data.europa.eu/esco/occupation/6e5ceba0-df96-465f-adb4-2e06ae715d43,programmeur en informatique industrielle/programmeuse en informatique industrielle,programmeur en informatique industrielle|programmeuse en informatique industrielle
http://data.europa.eu/esco/occupation/6e785f05-969e-4940-aedb-d0f896bb0230,régulateur de vols/régulatrice de vols,régulatrice de vols|régulateur de vols
http://data.europa.eu/esco/occupation/701f9161-72e4-4ff3-a9e8-8e6352664ef0,pédicure pour bovins,pédicure pour bovins|podologue bovin|pareur professionnel|pareur bovin|pédicure bovin|pédicure bovine|pareuse bovine|pareuse professionnelle|podologue bovine|pédicure pour bétail
http://data.europa.eu/esco/occupation/6e8917c8-d883-4475-954c-ec241215ca18,gérant de magasin de photographie/gérante de magasin de photographie,gérante de magasin de photographies|responsable de magasin de photographies|gérant de magasin de photographies
http://data.europa.eu/esco/occupation/718bba63-75b7-4b3a-9912-e201b729fe4c,monteur de batteries/monteuse de batteries,monteur-sertisseur de batteries|monteur-sertisseur de batteries/monteuse-sertisseuse de batteries|monteur de batteries|monteuse-sertisseuse de batteries|monteuse de batteries
http://data.europa.eu/esco/occupation/6ebe4e2e-7deb-4923-8b47-ca6fc03fa13a,superviseur en production de papier-carton/superviseuse en production de papier-carton,superviseur en production de papier-carton|cheffe d’équipe de production de papier-carton|animatrice d'équipe de fabrication de papier/carton|superviseuse en production de papier-carton|chef d’équipe de production de papier-carton|animateur d’équipe de fabrication de papier-carton|cheffe d’atelier en production de papier-carton|chef d’atelier en production de papier-carton
http://data.europa.eu/esco/occupation/71e4891f-48a6-435f-8897-208969fb4e44,chef de chantier dragage,cheffe de chantier dragage
http://data.europa.eu/esco/occupation/7052fd94-f563-46a9-8e2d-cba6c20f3e71,monteur de lignes aériennes/monteuse de lignes aériennes,monteur de lignes aériennes|monteuse de lignes aériennes
http://data.europa.eu/esco/occupation/6fc8f605-98b9-4218-b5e2-91c4c9c55c4d,ingénieur d’études/ingénieure d’études,ingénieur d’études et de recherche/ingénieure d’études et de recherche|ingénieure d’études|ingénieure d’études et développement|ingénieur d’études et développement/ingénieure d’études et développement|ingénieur d’études et développement|ingénieur d’études|ingénieur d’études et de recherche|ingénieure d’études et de recherche
http://data.europa.eu/esco/occupation/71c3a49a-e55e-42ce-bd3f-31f37d3cfab6,agent de sécurité magasin/agente de sécurité magasin,agente de sécurité magasin|agente de prévention et de sécurité privée|surveillante de magasin|agent de prévention et de sécurité privée|inspectrice vol|agente de prévention et de surveillance|agent de sécurité magasin|vigile|inspecteur vol|inspecteur / inspectrice de magasin|agent de prévention et de surveillance|surveillant de magasin
http://data.europa.eu/esco/occupation/6fcf4638-e7c7-4978-9302-9a7b63a3d57c,responsable du marketing,responsable marketing
http://data.europa.eu/esco/occupation/6e6b62d7-4c9c-482a-9d59-7e20de0d8527,négociant grossiste en machines pour l’industrie textile/négociante grossiste en machines pour l’industrie textile,négociant grossiste en machines pour l'industrie textile|négociante grossiste en machines pour l'industrie textile
http://data.europa.eu/esco/occupation/70b5896f-988e-4084-9c19-2c82bd5cc9a5,journaliste sportif/journaliste sportive,journaliste sportive|journaliste sportif
http://data.europa.eu/esco/occupation/6fed206a-ac4d-492b-a81a-5a3a0f2b67bc,opérateur de prise de vues/opératrice de prise de vues,ingénieur de la vision|opératrice vidéo|cadreur|cadreuse|opératrice de prise de vues|opératrice image|ingénieure de la vision|opérateur de prise de vues|caméraman|opérateur image|opérateur vidéo|camérawoman
http://data.europa.eu/esco/occupation/70182f44-e444-4bf3-940f-0c054c1d5917,ingénieur matériaux souples/ingénieure matériaux souples,ingénieur matériaux souples|ingénieure matériaux souples
http://data.europa.eu/esco/occupation/6fc25650-e69b-43c7-b4d5-3ca95acd7696,"négociant grossiste en café, thé, cacao et épices/négociante grossiste en café, thé, cacao et épices","négociant grossiste en café, thé, cacao et épices|négociante grossiste en café, thé, cacao et épices"
http://data.europa.eu/esco/occupation/71bac871-7594-4d86-a19f-592079bd8154,vendeur en matériaux de construction/vendeuse en matériaux de construction,vendeuse en matériaux de construction|vendeur en matériaux de construction|vendeuse en bricolage|vendeur en bicolage
http://data.europa.eu/esco/occupation/6eaf90cb-144d-486c-86e7-3d2bf4242525,poseur de panneaux de signalisation/poseuse de panneaux de signalisation,poseuse de panneaux de signalisation|poseur de panneaux de signalisation
http://data.europa.eu/esco/occupation/6eb85dd0-1188-4081-bf54-1345fb5de3ca,technicien biogaz/technicienne biogaz,technicienne biogaz|technicien biogaz
http://data.europa.eu/esco/occupation/7235d075-ecf6-42ba-8a60-d7e79bbce152,opérateur de presse à fruits/opératrice de presse à fruits,technicienne de presse à fruits|préposée à la presse à fruits|opérateur de presse à fruits|préposé à la presse à fruits|opératrice de presse à fruits|technicien de presse à fruits|responsable de presse à fruits
http://data.europa.eu/esco/occupation/7284ccbf-e2fd-4e2f-8bbf-bc54eab610d5,agent des services de fiducie personnelle/agente des services de fiducie personnelle,agente des services de fiducie personnelle|agent des services de fiducie personnelle
http://data.europa.eu/esco/occupation/7226c10f-701b-4711-8843-140aace12c6f,conseiller municipal/conseillère municipale,conseillère municipale|conseillère communale|conseiller municipal|conseiller communal
http://data.europa.eu/esco/occupation/725090a7-9943-4dae-8079-a6999d21ddba,responsable de la relation clientèle,responsable de la gestion clientèle|responsable service relation clientèle
http://data.europa.eu/esco/occupation/7259dc48-004a-4ceb-aa4e-5bbd548c2397,chauffagiste,chauffagiste
http://data.europa.eu/esco/occupation/72381086-cb6e-455e-a40b-ccb26550aab6,conducteur d’installations de production d’énergie/conductrice d’installations de production d’énergie,conductrice d'installations de production d'énergie|conducteur d'installations de production d'énergie
http://data.europa.eu/esco/occupation/72413d91-f212-4ad6-bf95-8b78a37c041a,épileur/épileuse,épileuse|épileur
http://data.europa.eu/esco/occupation/71f09c8b-a172-408c-b9e7-32e580e39ff6,médecin généraliste,
http://data.europa.eu/esco/occupation/72628f3a-fd49-499a-9741-870b0a1fcef2,mathématicien/mathématicienne,ingénieure calcul|ingénieur en mathématiques et modélisation/ingénieure en mathématiques et modélisation|mathématicienne|mathématicien|ingénieur calcul/ingénieure calcul|ingénieur calcul|ingénieure en mathématiques appliquées|ingénieur en mathématiques appliquées/ingénieure en mathématiques appliquées|ingénieur en mathématiques et modélisation|ingénieur mathématicien|ingénieure mathématicienne|ingénieur en mathématiques appliquées|ingénieur mathématicien/ingénieure mathématicienne|ingénieure en mathématiques et modélisation
http://data.europa.eu/esco/occupation/72149e37-f4f4-4570-8c17-27444160aa16,vendeur en chaussures/vendeuse en chaussures,vendeuse-chausseuse|vendeur en chaussures|vendeuse en chaussures|vendeur-chausseur
http://data.europa.eu/esco/occupation/7556c748-15b4-4e44-97d9-00d885d4cd7d,conservateur/conservatrice,conservateur de musée|conservateur|conservateur de musée/conservatrice de musée|conservatrice|conservatrice de musée
http://data.europa.eu/esco/occupation/733d65ac-250b-45d7-ba3c-cc5f48e9e11d,opérateur sur machine de marquage laser/opératrice sur machine de marquage laser,opérateur sur machine de marquage laser|opératrice sur machine de marquage laser
http://data.europa.eu/esco/occupation/73270b73-8c71-445f-a8d3-4647b1ae38d0,conducteur de machine de transformation du papier-carton/conductrice de machine de transformation du papier-carton,conducteur de ligne de transformation papier-carton/conductrice de ligne de transformation papier-carton|conducteur de machine de transformation du papier-carton|opérateur de fabrication d’emballages papier/opératrice de fabrication d’emballages papier|conductrice de machine de transformation du papier-carton|conductrice de ligne de transformation papier-carton|opérateur de fabrication d’emballages papier|opératrice de fabrication d’emballages papier|conducteur de ligne de transformation papier-carton
http://data.europa.eu/esco/occupation/737c1795-844b-43ad-95b2-1bf0e8c14ddf,conducteur de production d’énergie sur chaudière industrielle/conductrice de production d’énergie sur chaudière industrielle,conducteur de production d’énergie sur chaudière industrielle|conductrice de production d’énergie sur chaudière industrielle
http://data.europa.eu/esco/occupation/754ce08f-b4d9-4b9c-b9d2-06f15258a3ce,directeur d'agence bancaire/directrice d'agence bancaire,directrice d'agence bancaire|directeur d'agence bancaire|responsable de bureau de banque
http://data.europa.eu/esco/occupation/7309ab2d-e2ba-4ccb-b658-6b0a8bd8c4eb,opérateur de touraillage du malt/opératrice de touraillage du malt,opératrice de touraillage du malt|opératrice de touraille|employé responsable de la touraille|opérateur de touraille|opérateur de touraillage du malt|responsable de la touraille|employée responsable de la touraille
http://data.europa.eu/esco/occupation/731ecac4-06e8-4ec2-a559-101fecbd9183,valet de chambre/femme de chambre,responsable des chambres|valet de chambre|femme de chambre
http://data.europa.eu/esco/occupation/72add02e-ae39-4dfb-8047-ced4c1a347f5,iconographe,
http://data.europa.eu/esco/occupation/728b9e5b-3da4-4dbd-ac36-614ebdb6c8c0,opérateur de désencrage par flottation/opératrice de désencrage par flottation,conducteur désencrage en industrie papetière|conducteur désencrage en industrie papetière/conductrice désencrage en industrie papetière|conductrice désencrage en industrie papetière|opératrice de désencrage par flottation|opérateur de désencrage par flottation
http://data.europa.eu/esco/occupation/757da94f-d1f3-48ad-ac61-74e22bc18cca,graphologue,
http://data.europa.eu/esco/occupation/72f4abfe-5337-49be-b9b8-32096fc2ca1f,technicien en instruments/technicienne en instruments,technicien en instruments|technicienne en instruments|assistante technique en instruments|assistant technique en instruments
http://data.europa.eu/esco/occupation/745c8bb3-b50b-4380-9377-1b68a6576986,contrôleur de procédés textiles/contrôleuse de procédés textiles,contrôleur de procédés textiles|contrôleuse de procédés textiles
http://data.europa.eu/esco/occupation/753939ad-b03e-47cd-913b-56f30b5ae8fc,vérificateur de la conformité de l’assemblage de produits/vérificatrice de la conformité de l’assemblage de produits,vérificateur de la conformité de l'assemblage de produits|vérificatrice de la conformité de l'assemblage de produits
http://data.europa.eu/esco/occupation/73d3bee2-7c5e-4de2-8dd9-67241615dfd3,conducteur-assembleur en caoutchouc industriel/conductrice-assembleuse en caoutchouc industriel,assembleur d’articles en caoutchouc/assembleuse d’articles en caoutchouc|assembleur d’articles en caoutchouc|monteur en industrie plastique et caoutchouc|conducteur-assembleur en caoutchouc industriel|conductrice-assembleuse en caoutchouc industriel|monteuse en industrie plastique et caoutchouc|monteur en industrie plastique et caoutchouc/monteuse en industrie plastique et caoutchouc
http://data.europa.eu/esco/occupation/73ceb2f9-18e3-4cfe-9c06-e9fb31ece440,directeur de recherche-développement en industrie/directrice de recherche-développement en industrie,directrice R&D|responsable recherche-développement en industrie|directrice de recherche-développement en industrie|directrice de la recherche et du développement|directeur R&D|directeur de recherche-développement en industrie|directeur de la recherche et du développement
http://data.europa.eu/esco/occupation/74d47633-8e9e-4e08-9cba-d2292c211218,conseiller à la sécurité pour le transport de marchandises dangereuses/conseillère à la sécurité pour le transport de marchandises dangereuses,conseiller à la sécurité pour le transport de marchandises dangereuses|conseillère à la sécurité pour le transport de marchandises dangereuses
http://data.europa.eu/esco/occupation/72d03aad-2003-404e-ae71-a37206e3566b,artisan/artisane sur cuir,artisan gainier|artisan sur cuir|artisane sellière|artisan cordonnier|artisane maroquinière|artisan sellier|artisan maroquinier|artisane gainière|artisane sur cuir|artisane cordonnière|artisane gantière|artisan gantier
http://data.europa.eu/esco/occupation/73e776fb-4d99-4031-bad4-7716f121155d,décorateur d’intérieur/décoratrice d’intérieur,designeuse d'environnement|architecte décoratrice|décorateur d'intérieur|architecte d'intérieur|concepteur aménageur d'espaces intérieurs|conceptrice aménageuse d'espaces intérieurs|architecte décorateur|décoratrice d'intérieur|designer d'environnement
http://data.europa.eu/esco/occupation/72bcb223-da77-4ed5-a03a-796fd5ece728,intervenant en arts visuels/intervenante en arts visuels,intervenante en arts visuels|animateur en arts visuels|animateur en arts visuels/animatrice en arts visuels|animatrice en arts visuels|intervenant en arts visuels
http://data.europa.eu/esco/occupation/73c3f018-71ce-4dc1-abdd-14cea7873717,sénateur/sénatrice,sénateur|sénatrice
http://data.europa.eu/esco/occupation/7569f423-2c37-49aa-947e-41acb66ec909,ingénieur de production dans l’industrie pétrolière et gazière/ingénieure de production dans l’industrie pétrolière et gazière,ingénieur de production dans l’industrie pétrolière et gazière|ingénieur pétrolier/ingénieure pétrolière|ingénieur pétrolier|ingénieure pétrolière|ingénieure de production dans l’industrie pétrolière et gazière
http://data.europa.eu/esco/occupation/72913ee1-1696-4d74-b26f-681d17887c58,chargé hygiène sécurité environnement/chargée hygiène sécurité environnement,chargé hygiène sécurité environnement|responsable hygiène sécurité environnement|chef du service hygiène sécurité|chargée hygiène sécurité environnement
http://data.europa.eu/esco/occupation/73bcde7c-bc34-485d-a7af-7b94fc43f61b,lapidaire pierres fines et précieuses,gemmologue tailleuse|tailleur de diamant|tailleuse de diamant|lapidaire diamant|gemmologue tailleur
http://data.europa.eu/esco/occupation/754c349d-67d5-48e5-81c1-e84d2fab59d0,conseiller en aromathérapie/conseillère en aromathérapie,conseiller en aromathérapie|conseillère en aromathérapie
http://data.europa.eu/esco/occupation/73bdadf0-2175-4097-8f4d-b6dabeb0a030,responsable distribution fruits et légumes,
http://data.europa.eu/esco/occupation/7324e9f5-0f94-497e-af2f-42142e939a94,brodeur/brodeuse,brodeuse|brodeur
http://data.europa.eu/esco/occupation/73d77554-2016-46fa-ac3d-44a02e8d1a89,ouvrier de construction d’égouts/ouvrière de construction d’égouts,égoutière|égoutier|ouvrier de construction d’égouts|ouvrière de construction d’égouts|poseuse d’égouts|poseur d’égouts
http://data.europa.eu/esco/occupation/73d3ce3c-296c-4f85-9381-2eed6f3ae5fa,responsable d'exploitation transport fluvial,
http://data.europa.eu/esco/occupation/74cbe6fb-336f-4f3f-8c8f-7645b279a231,majordome,
http://data.europa.eu/esco/occupation/73856e9e-eca2-44c2-bb3c-aaedf4b25979,chef de produit en assurances,chargé de produits en assurances|cheffe de produit en assurances|chargée de produits en assurances
http://data.europa.eu/esco/occupation/74332fd0-4a50-464e-9116-98fa9b8127ac,monteur-électricien réseaux distribution électrique/monteuse-électricienne réseaux distribution électrique,monteuse-électricienne réseaux distribution électrique|monteur-électricien réseaux distribution électrique
http://data.europa.eu/esco/occupation/738257d3-7e56-4745-9b2e-014e60d41d48,assistant social en milieu hospitalier/assistante sociale en milieu hospitalier,assistant social en milieu hospitalier|assistante sociale en milieu hospitalier
http://data.europa.eu/esco/occupation/731f38f1-b08f-4dd5-a25e-f8627c038273,responsable des tests d’intégration,testeuse d'intégration|responsable intégration|testeur d'intégration
http://data.europa.eu/esco/occupation/755c5c5f-2ee3-4487-94db-30ec2ba2e883,technicien entretien infrastructure ferroviaire/technicienne entretien infrastructure ferroviaire,technicienne entretien infrastructure ferroviaire|agent d’entretien de la voie ferrée|agente d’entretien de la voie ferrée|technicien entretien infrastructure ferroviaire
http://data.europa.eu/esco/occupation/73357956-f607-4baa-9ce6-03beb9b39da2,responsable de l’administration des ventes,responsable de la gestion des ventes|responsable de la gestion administrative des ventes
http://data.europa.eu/esco/occupation/72d1e9ca-294c-4349-90ed-f99541d447d0,responsable distribution marchandises spécialisées,
http://data.europa.eu/esco/occupation/734bb387-ea3a-4c62-abc1-05f894d51921,professeur en techniques de laboratoire d’analyses médicales/professeure en techniques de laboratoire d’analyses médicales,professeur en techniques de laboratoire d’analyses médicales
http://data.europa.eu/esco/occupation/72d4b5a3-5458-41e5-8b4e-cb4fb3fd0fbc,"spécialiste en import-export de sucre, chocolat et confiserie",
http://data.europa.eu/esco/occupation/7443811e-6760-44a2-af95-1b9c791733a8,laqueur au pistolet/laqueuse au pistolet,pistoleuse industrielle|pistoleteuse industrielle|conducteur de ligne de laquage|peintre industrielle au pistolet|laqueuse au pistolet|retoucheur sur tôles laquées en construction automobile|pistoleur industriel|conductrice de ligne de laquage|peintre industriel au pistolet|laqueur au pistolet|retoucheuse sur tôles laquées en construction automobile|pistoleteur industriel|peintre thermo-laqueuse|peintre thermo-laqueur|laqueuse industrielle|laqueur industriel
http://data.europa.eu/esco/occupation/7642cbcc-9839-47fb-b2cf-d4bb831d6c93,technicien audiovisuel/technicienne audiovisuel,technicien audiovisuel|technicienne audiovisuel
http://data.europa.eu/esco/occupation/75c5bab4-2546-4ba3-996d-42a9a1bab55d,technicien électronique de maintenance ferroviaire/technicienne électronique de maintenance ferroviaire,technicienne électronique de maintenance ferroviaire|technicien électronique de maintenance ferroviaire
http://data.europa.eu/esco/occupation/7591db5b-ee01-4b6b-b626-ddaf892458d4,intervenant psychosocial/intervenante psychosociale,intervenante en situation de crise|intervenant psychosocial|intervenant en situation de crise|intervenant en situation de crise/intervenante en situation de crise|intervenante psychosociale
http://data.europa.eu/esco/occupation/7664f3e6-b469-4e1a-b52c-8a7ac866eb5a,opérateur de métier à toiles métalliques/opératrice de métier à toiles métalliques,ouvrier à la machine à fabriquer les toiles métalliques/ouvrière à la machine à fabriquer les toiles métalliques|opérateur de métier à toiles métalliques|ouvrière à la machine à fabriquer les toiles métalliques|ouvrier à la machine à fabriquer les toiles métalliques|opératrice de métier à toiles métalliques
http://data.europa.eu/esco/occupation/75f4c7aa-019f-4545-9ce1-2d163fe78580,ouvrier de maintenance tuyauterie/ouvrière de maintenance tuyauterie,ouvrière de maintenance tuyauterie|ouvrier de maintenance tuyauterie
http://data.europa.eu/esco/occupation/760ad7dd-f29d-4e4d-be1f-15100550ab80,patronnier CAO/patronnière CAO,patronnier CAO|patronnière CAO
http://data.europa.eu/esco/occupation/75fb7771-0403-4116-9c01-9c5717bec600,gérant de magasin de meubles/gérante de magasin de meubles,gérante de magasin de meubles|gérant de magasin de meubles|responsable de magasin de meubles
http://data.europa.eu/esco/occupation/763f82c2-81e3-48d2-9cdf-f532b5016a1f,conseiller en amincissement/conseillère en amincissement,conseillère en amincissement|conseillère en perte de poids|diététicien|conseiller en perte de poids|diététicienne|conseiller en amincissement
http://data.europa.eu/esco/occupation/7639a601-6db0-41ed-9fb0-813d9b8beb05,technicien en imagerie médicale et radiologie thérapeutique/technicienne en imagerie médicale et radiologie thérapeutique,manipulatrice en électroradiologie médicale|technicien en imagerie médicale et radiologie thérapeutique|technicien en imagerie médicale|technicienne en imagerie médicale|manipulateur en électroradiologie médicale|technicienne en imagerie médicale et radiologie thérapeutique
http://data.europa.eu/esco/occupation/75b63949-1b93-4bf2-a777-ccf978dc3e8a,électricien photovoltaïque/électricienne photovoltaïque,électricienne photovoltaïque|électricien photovoltaïque
http://data.europa.eu/esco/occupation/782ced63-e234-42a4-a7bd-a2d9a12ee61a,conducteur d’enrobage en industrie pharmaceutique/conductrice d’enrobage en industrie pharmaceutique,conducteur d’enrobage en industrie pharmaceutique|conductrice d’enrobage en industrie pharmaceutique
http://data.europa.eu/esco/occupation/7819669b-30c2-42e6-a1c4-0bcd6f0379ff,chargé de mission aux relations internationales/chargée de mission aux relations internationales,chargé des relations internationales|chargée des relations internationales|chargé des relations internationales/chargée des relations internationales|chargée de mission aux relations internationales|chargé de mission aux relations internationales
http://data.europa.eu/esco/occupation/788a9895-a39a-4a83-be90-e006e2f8dce5,responsable conduites de transport,responsable canalisations de transport
http://data.europa.eu/esco/occupation/76884a72-d8b8-4819-bd40-71d6420a9a42,coordonnateur de jury de cour/coordonnatrice de jury de cour,coordonnateur de jury de cour|coordonnatrice de jury de cour
http://data.europa.eu/esco/occupation/772e57c5-fb25-4b0c-8cc8-f8944a9edfbc,applicateur-stratifieur/applicatrice-stratifieuse,opérateur de machine à pulvériser la fibre de verre/opératrice de machine à pulvériser la fibre de verre|mouleur-stratifieur|mouleuse-stratifieuse|opérateur de machine à pulvériser la fibre de verre|applicateur-stratifieur|applicatrice-stratifieuse|opératrice de machine à pulvériser la fibre de verre|mouleur-stratifieur/mouleuse-stratifieuse
http://data.europa.eu/esco/occupation/773cf1de-50a4-42e7-bab1-e68dcbae3f54,ouvrier forestier/ouvrière forestière,ouvrier sylvicole|ouvrière forestière|agent technique forestier|agente technique forestière|ouvrière d'entretien et de reboisement des forêts|ouvrière sylvicole|ouvrier d'entretien et de reboisement des forêts|ouvrier forestier
http://data.europa.eu/esco/occupation/7720f392-6ea0-4455-a805-7b7eef38a709,vérificateur de titres de transport/vérificatrice de titres de transport,vérificatrice de titres de transport|vérificateur de titres de transport
http://data.europa.eu/esco/occupation/76deb33d-f9bc-4ca2-a5cc-49c8f5a17f38,artiste de variétés,artiste fantaisiste
http://data.europa.eu/esco/occupation/7833d5cd-873d-4fdd-b2f8-9762d68494a7,technicien en robotique/technicienne en robotique,technicienne en robotique|technicien en robotique
http://data.europa.eu/esco/occupation/779d13be-60b4-48f3-a339-fe483be96c7f,chef de service juridique,directrice juridique|cheffe de service juridique|responsable juridique|directeur juridique|directeur juridique/directrice juridique
http://data.europa.eu/esco/occupation/76a950cb-3def-47f4-895d-555ad138657e,éducateur Montessori/éducatrice Montessori,éducatrice Montessori|éducateur Montessori
http://data.europa.eu/esco/occupation/7754d570-9519-48c2-b1c9-8e165f8bca0f,responsable de la sécurité informatique,responsable de la sécurité de la technologie de l'information et de la communication|responsable de la sécurité TIC|responsable de la sécurité des technologies de l'information et de la communication|responsable de la sécurité des TIC
http://data.europa.eu/esco/occupation/77a25ee0-94ad-443e-91ea-3e6d3506181b,opérateur sur machine à fileter par roulage/opératrice sur machine à fileter par roulage,opérateur sur machine à fileter par roulage|opératrice sur machine à fileter par roulage
http://data.europa.eu/esco/occupation/77de6c7d-27bf-4bc2-8c80-5d6f6d9811f4,technicien en reprographie/technicienne en reprographie,technicienne en reprographie|technicien en reprographie
http://data.europa.eu/esco/occupation/77a05858-f682-4648-baa5-9b86deeffbc1,opérateur de machine de fabrication de mobilier en bois/opératrice de machine de fabrication de mobilier en bois,opérateur de machine de fabrication de mobilier en bois|opératrice de machine de fabrication de mobilier en bois
http://data.europa.eu/esco/occupation/774ad663-2124-4ac2-a287-5fb2e478906e,technicien en industrie nucléaire/technicienne en industrie nucléaire,technicien en industrie nucléaire|opérateur de conduite en centrale nucléaire|opératrice de conduite en centrale nucléaire|technicienne en industrie nucléaire
http://data.europa.eu/esco/occupation/7843a4c6-a9f6-4095-94b9-45b384d4bd57,agent d’enquêtes/agente d’enquêtes,agente d'enquêtes|agent d'enquêtes
http://data.europa.eu/esco/occupation/76a1a76c-b014-4600-8901-56cb936de7ed,responsable de l’audit informatique,auditrice des TIC|responsable audits informatiques|responsable audits en technologies de l'information et de la communication|responsable-auditeur des technologies de l'information et de la communication|responsable-auditrice des technologies de l'information et de la communication|responsable-auditeur informatique|responsable-auditeur des TIC|responsable-auditrice informatique
http://data.europa.eu/esco/occupation/771955d9-e988-47f3-b60f-207adb2cd571,directeur d'équipement de loisirs/directrice d'équipement de loisirs,exploitante d'équipement de loisirs|gérante d'équipement de loisirs|directeur d'équipement de loisirs|directrice d'équipement de loisirs|gérant d'équipement de loisirs|exploitant d'équipement de loisirs
http://data.europa.eu/esco/occupation/7696b15a-c52e-4ac5-b38d-9eeb010c5fa3,officier d'artillerie,officière d'artillerie|officier d'artillerie
http://data.europa.eu/esco/occupation/771244bf-b204-4e7f-8b25-ee523ae7b791,orthoptiste,orthoptiste rééducatrice en basse vision|orthoptiste rééducateur en basse vision|orthoptiste rééducateur en basse vision/orthoptiste rééducatrice en basse vision
http://data.europa.eu/esco/occupation/769159bd-2929-4d40-8aeb-a99a387a0829,monteur-assembleur secteur motocycles/monteuse-assembleuse secteur motocycles,monteuse-assembleuse secteur motocycles|monteur-assembleur secteur motocycles
http://data.europa.eu/esco/occupation/789517fb-95ee-43d1-9530-c2860be1a439,intervenant en prévention des risques professionnels/intervenante en prévention des risques professionnels,intervenant en prévention des risques professionnels|intervenante en prévention des risques professionnels
http://data.europa.eu/esco/occupation/76bded28-876a-40b2-9efb-3123c8f14cf6,technicien de fabrication de matériel dentaire/technicienne de fabrication de matériel dentaire,prothésiste en orthodontie|technicien de fabrication de matériel dentaire|prothésiste dentaire|technicienne de fabrication de matériel dentaire
http://data.europa.eu/esco/occupation/771a47c9-9cf4-4368-9752-2a1ea5a783d7,détective privé/détective privée,détective privé|détective privée
http://data.europa.eu/esco/occupation/76ef0a87-6afe-4560-b5d0-9a086abe45c5,hacker éthique,pirates éthiques|spécialiste du piratage éthique|pirate autorisé|hacker éthique|hacker professionnel|chapeau blanc|white hat|chapeau bleu
http://data.europa.eu/esco/occupation/778c1d37-69f2-4184-ac98-03b7dbfba332,ingénieur en photonique/ingénieure en photonique,ingénieur en photonique|ingénieure en photonique
http://data.europa.eu/esco/occupation/77bfd6e7-5598-4818-84cb-31e2651eb046,créateur de mode/créatrice de mode,concepteur maquettiste en accessoires de mode/conceptrice maquettiste en accessoires de mode|dessinateur de mode|dessinateur de mode/dessinatrice de mode|dessinatrice de mode|conceptrice maquettiste en accessoires de mode|créatrice de mode|concepteur maquettiste en accessoires de mode|créateur de mode
http://data.europa.eu/esco/occupation/773e5ea3-235b-4e72-afc5-290dd841eed8,conseiller en architecture d’intérieur/conseillère en architecture d’intérieur,conseillère en architecture d'intérieur|conseiller en architecture d'intérieur
http://data.europa.eu/esco/occupation/7706342e-c07b-41d3-bc2e-e5c6e96f016f,créateur de montures de bijoux/créatrice de montures de bijoux,créateur de montures de bijoux|créatrice de montures de bijoux
http://data.europa.eu/esco/occupation/76abbb82-c103-4d7a-a4c0-14dba4d6199a,ingénieur de mise en service/ingénieure de mise en service,ingénieure mise en route|ingénieur de mise en route/ingénieure de mise en route|ingénieur de mise en service|ingénieur mise en route|ingénieure de mise en route|ingénieure mise en service|ingénieure de mise en service|ingénieur mise en route/ingénieure mise en route|ingénieur de mise en route|ingénieur mise en service|ingénieur mise en service/ingénieure mise en service
http://data.europa.eu/esco/occupation/784c98c2-96bd-4610-8da3-87d80f136285,chef magasinier cuirs finis/chef magasinière cuirs finis,chef magasinier cuirs finis|chef magasinière cuirs finis|cheffe magasinière cuirs finis
http://data.europa.eu/esco/occupation/789a1a35-8e03-42da-857f-4216c4d2ac68,négociant grossiste en déchets et débris/négociante grossiste en déchets et débris,négociante grossiste en déchets et débris|négociant grossiste en déchets et débris
http://data.europa.eu/esco/occupation/776837b1-6f6b-4014-8330-d56918303e93,moniteur de surf des neiges/monitrice de surf des neiges,monitrice de surf des neiges|moniteur de surf des neiges
http://data.europa.eu/esco/occupation/78625dd8-257b-483b-bca0-172dd9b02754,monteur-assembleur secteur pièces automobiles/monteuse-assembleuse secteur pièces automobiles,monteur-assembleur secteur pièces automobiles|monteuse-assembleuse secteur pièces automobiles
http://data.europa.eu/esco/occupation/78216000-edc1-474b-9569-28ed6a657da2,maquettiste,metteur en page maquettiste|metteur en page|metteuse en page maquettiste|metteuse en page|metteur en page/metteuse en page|metteur en page maquettiste/metteuse en page maquettiste
http://data.europa.eu/esco/occupation/789d9781-8724-4367-936a-3a4cb7c54315,dansethérapeute,
http://data.europa.eu/esco/occupation/77abfaec-a250-4765-95fa-6091e8da1bba,ingénieur électromécanicien/ingénieure électromécanicienne,ingénieure en électromécanique|ingénieur en électromécanique|ingénieure électromécanicienne|ingénieur électromécanicien|ingénieur en électromécanique/ingénieure en électromécanique
http://data.europa.eu/esco/occupation/78db356f-a96a-4456-ab29-2de62e52f830,agent comptable/agente comptable,agent de gestion comptable|agent comptable|comptable public|agent de gestion comptable/agente de gestion comptable|comptable public/comptable publique|comptable publique|agente de gestion comptable|agente comptable
http://data.europa.eu/esco/occupation/773753ad-c4f7-4052-b3b4-440435199d6b,vendeur en parfumerie/vendeuse en parfumerie,vendeur en parfumerie|conseiller en parfumerie|conseiller  en parfumerie et cosmétique|conseillère en parfumerie|conseillère  en parfumerie et cosmétique|vendeuse en parfumerie
http://data.europa.eu/esco/occupation/78ddc0cc-166e-437e-9c41-48aa0a6c6f93,préparateur d'arômes alimentaires/préparatrice d'arômes alimentaires,préparateur d'arômes alimentaires|préparatrice d'arômes alimentaires|préparatrice de mélange en industrie alimentaire|ouvrier au mélangeur à épices|préparateur de mélange en industrie alimentaire|ouvrière au mélangeur à épices|préparatrice d'épices|préparateur d'épices
http://data.europa.eu/esco/occupation/79f435d0-9bc6-4d25-a26a-acbe16569ebb,"ingénieur en chauffage, ventilation, conditionnement d’air et réfrigération/ingénieure en chauffage, ventilation, conditionnement d’air et réfrigération","ingénieure en chauffage, ventilation, conditionnement d’air et réfrigération|ingénieur en chauffage, ventilation, conditionnement d’air et réfrigération"
http://data.europa.eu/esco/occupation/79c2e54e-26e8-4cdc-a7f1-908e000bfb83,assistant pédagogique en enseignement secondaire/assistante pédagogique en enseignement secondaire,assistante|assistante pédagogique en enseignement secondaire|assistant|assistant pédagogique en enseignement secondaire|lecteur|lectrice
http://data.europa.eu/esco/occupation/78eacaf8-06d6-4b78-920f-edece2e41464,accompagnateur de bus scolaire/accompagnatrice de bus scolaire,accompagnateur de bus scolaire|accompagnatrice de bus scolaire
http://data.europa.eu/esco/occupation/79874366-6ec2-4601-aceb-9dbb8e68d015,gérant de magasin de fruits et légumes/gérante de magasin de fruits et légumes,responsable de magasin de fruits et légumes|gérante de magasin de fruits et légumes|gérant de magasin de fruits et légumes
http://data.europa.eu/esco/occupation/790c8dca-f624-4bdc-ac16-27bc13ead188,designer sonore,designeuse sonore|sound designer
http://data.europa.eu/esco/occupation/78f474ae-c154-4206-ad0f-d8a00e9c541e,accueillant familial thérapeutique auprès d’adultes/accueillante familiale thérapeutique auprès d’adultes,accueillant familial thérapeutique auprès d'adultes|accueillante familiale thérapeutique auprès d'adultes|accueillant familial auprès d'adultes|accueillante familiale auprès d'adultes
http://data.europa.eu/esco/occupation/78ed3811-f421-45e5-9574-31364c76af67,professeur de danse/professeure de danse,professeure de danse|professeur de danse
http://data.europa.eu/esco/occupation/79082f76-4b11-4594-8437-2db567331f41,applicateurs de marquage routier/applicatrice de marquage routier,applicatrice de marquage routier|applicateur de marquage routier
http://data.europa.eu/esco/occupation/7aedaa07-3884-4c5b-88f9-80997b2aa54b,soudeur/soudeuse,soudeur|soudeuse
http://data.europa.eu/esco/occupation/7beefadd-ea05-4f59-bc4b-01075f27b937,infographiste vidéo,infographiste effets spéciaux
http://data.europa.eu/esco/occupation/7b89d3e0-c6fb-4c95-bf0d-3b4acf05f9d6,rédacteur juridique/rédactrice juridique,rédactrice législative|rédacteur juridique|rédacteur législatif|rédactrice juridique|rédacteur législatif/rédactrice législative
http://data.europa.eu/esco/occupation/7a0afb5e-f118-449a-82bd-d8b9230fd49f,conducteur de tunnelier/conductrice de tunnelier,conducteur de tunnelier|opératrice tunnelier|opérateur tunnelier/opératrice tunnelier|conductrice de tunnelier|opérateur tunnelier
http://data.europa.eu/esco/occupation/7b629a14-09d0-417e-8181-7683923b4e5e,coordinateurs de programmes sportifs/coordinatrices de programmes sportifs,directrice des sports et des loisirs|directeur des sports et des loisirs|directeur des sports|directrice des sports|directeur des sports et des loisirs/directrice des sports et des loisirs
http://data.europa.eu/esco/occupation/7d599049-d15a-4fda-afe9-b334b0614ec7,technicien aéronautique de révision de moteurs à turbine à gaz/technicienne aéronautique de révision de moteurs à turbine à gaz,technicien aéronautique de révision de moteurs à turbine à gaz|technicienne aéronautique de révision de moteurs à turbine à gaz
http://data.europa.eu/esco/occupation/7cd070f5-b5dd-4228-bdcf-0419dbacfcf4,fouleur/fouleuse,opératrice en alimentation|technicien des produits alimentaires|opérateur en alimentation|fouleuse|technicienne en agroalimentaire|technicienne des produits alimentaires|fouleur|technicien en agroalimentaire
http://data.europa.eu/esco/occupation/7c64479f-7a76-49e9-ac42-bd925f2bf99d,opérateur de salle de contrôle d’exploitation minière/opératrice de salle de contrôle d’exploitation minière,opératrice de salle de contrôle d’exploitation minière|opérateur de salle de contrôle d’exploitation minière
http://data.europa.eu/esco/occupation/7b1b5da8-573a-49bb-a38e-68725a949f4f,responsable de la technologie,directrice de la technologie|responsable des technologies|directrice des technologies|directeur de la technologie|directeur des technologies
http://data.europa.eu/esco/occupation/7b99007f-c6bf-4703-85d3-f168bc6a9f28,ingénieur planification minière/ingénieure planification minière,ingénieure planification minière|ingénieur planification minière
http://data.europa.eu/esco/occupation/7c6fc2f0-6e16-4429-8190-f6faac0c3853,gantier/gantière,gantière|gantier
http://data.europa.eu/esco/occupation/7cb71c5f-c310-481c-b46b-d0044328758c,laveur de véhicules/laveuse de véhicules,laveur de véhicules|laveuse de véhicules
http://data.europa.eu/esco/occupation/7d4266b3-2108-4330-b27b-430a96012c21,opérateur de machine à coudre/opératrice de machine à coudre,agente technique en couture-confection|confectionneur textile/confectionneuse textile|agent technique en couture-confection|couturier industriel|confectionneuse textile|piqueur en confection|mécanicienne en confection|opérateur de machine à coudre|mécanicien en confection|opératrice de machine à coudre|opérateur en confection|piqueuse en confection|mécanicienne confection-couturière|mécanicien en confection/mécanicienne en confection|opérateur en confection/opératrice en confection|couturière industrielle|mécanicien confection-couturier|mécanicien en confection-couturier/mécanicienne en confection-couturière|piqueur en confection/piqueuse en confection|couturier industriel/couturière industrielle|opératrice en confection|agent technique en couture-confection/agente technique en couture-confection|confectionneur textile
http://data.europa.eu/esco/occupation/7a3996d8-b90d-4b81-bd5e-e37f005b2683,responsable de la sécurité des données dans les jeux de hasard,responsable de la conformité et de la sécurité des informations dans les jeux de hasard
http://data.europa.eu/esco/occupation/7bcafcd7-3f35-4a72-849c-c92b334927fd,expert risques en assurances/experte risques en assurances,expert risques en assurances|experte risques en assurances
http://data.europa.eu/esco/occupation/7b74626d-b487-48a1-9e80-47faf9928210,préparateur en pharmacie/préparatrice en pharmacie,préparatrice en pharmacie|préparateur en pharmacie|préparatrice en pharmacie d'officine|aide-préparateur en pharmacie|préparateur en pharmacie d'officine|aide-préparatrice en pharmacie
http://data.europa.eu/esco/occupation/7d7ea936-a1c6-499d-9aa7-054e943b019b,directeur d'agence d'interprétation/directrice d'agence d'interprétation,directrice d'agence d'interprètes|directeur d'agence d'interprètes|directeur d'agence d'interprétation|directrice d'agence d'interprétation
http://data.europa.eu/esco/occupation/7d27600b-5cff-4ebc-b259-cc2d47572035,chef d’atelier - métiers de la scène,cheffe d'atelier - métiers de la scène
http://data.europa.eu/esco/occupation/7a6ca615-a2bc-499d-8288-d186ce2594ea,analyste de risques financiers,contrôleur des risques/contrôleuse des risques|contrôleur des risques|contrôleuse des risques|analyste de crédit
http://data.europa.eu/esco/occupation/7c132147-428b-4ea3-87e1-70f7abb691ce,pharmacien/pharmacienne,pharmacien|pharmacienne|pharmacien en officine/pharmacienne en officine|pharmacienne en officine|pharmacien en officine
http://data.europa.eu/esco/occupation/7a18e959-44fe-49ae-9757-124f46a7487c,accessoiriste,
http://data.europa.eu/esco/occupation/7afeee90-5672-470d-b061-24ffaafb2fc9,chef de quart en raffinerie,cheffe de quart en raffinerie
http://data.europa.eu/esco/occupation/79f8f68c-5509-4119-9373-8bef1c364d31,agent de voyage/agente de voyage,voyagiste|agent de voyages|agente de voyages
http://data.europa.eu/esco/occupation/7bc02fa7-7aaa-41a6-be5b-ab7a7b6684d3,chargé d’affaires ingénierie gaz/chargée d’affaires ingénierie gaz,ingénieur gaz|ingénieur exploitation gaz/ingénieure exploitation gaz|chargé d’affaires ingénierie gaz|ingénieure gaz|chargée d’affaires ingénierie gaz|ingénieur exploitation gaz|ingénieure exploitation gaz|ingénieur gaz/ingénieure gaz
http://data.europa.eu/esco/occupation/7af81505-6681-49b5-b65e-401884a71f1f,technicien de la qualité de l’eau/technicienne de la qualité de l’eau,technicienne de la qualité de l’eau|technicien de mesure de la qualité de l’eau|technicien de la qualité de l’eau|technicienne de mesure de la qualité de l’eau
http://data.europa.eu/esco/occupation/7b8b6118-6876-4a71-81a6-4b5fa9bfa221,technicien intervention matériel assistance respiratoire/technicienne intervention matériel assistance respiratoire,technicien intervention matériel assistance respiratoire|technicienne intervention matériel assistance respiratoire
http://data.europa.eu/esco/occupation/79fed799-ab3a-43d9-bd91-414c2c3b2f57,ingénieur outillage/ingénieure outillage,ingénieur étude et conception d’outillage/ingénieure étude et conception d’outillage|ingénieur étude et conception d’outillage|ingénieur outillage|ingénieure outillage|ingénieur outillages/ingénieure outillages|ingénieure outillages|ingénieur outillages|ingénieure étude et conception d’outillage
http://data.europa.eu/esco/occupation/7a523273-9fff-4f11-beb6-110eeaec1436,rudologue,responsable prévention des déchets|ingénieur en gestion des déchets/ingénieure en gestion des déchets|ingénieur rudologue|ingénieur rudologue/ingénieure rudologue|ingénieure rudologue|ingénieur en gestion des déchets|ingénieure en gestion des déchets
http://data.europa.eu/esco/occupation/7c2fbf7d-b934-4f62-8167-0ed90fb2a16f,ingénieur matériel roulant/ingénieure matériel roulant,ingénieure matériels roulants|ingénieure matériel roulant|ingénieur matériel roulant|ingénieur matériels roulants/ingénieure matériels roulants|ingénieur matériels roulants
http://data.europa.eu/esco/occupation/7d9242d3-2a55-45e3-9d67-be76f879de0b,opérateur sur tour à métaux/opératrice sur tour à métaux,opératrice sur tour à métaux|opérateur sur tour à métaux
http://data.europa.eu/esco/occupation/7bf11599-d0bb-4789-9886-55c87f5da449,technicien qualité en maroquinerie/technicienne qualité en maroquinerie,technicien qualité en maroquinerie|technicienne qualité en maroquinerie
http://data.europa.eu/esco/occupation/7cdeb653-8f3d-4921-832b-b95f9d700a86,conducteur/conductrice de systèmes de transmission d’électricité,conductrice de systèmes de transmission d'électricité|conducteur de systèmes de transmission d'électricité
http://data.europa.eu/esco/occupation/7c320679-131d-4828-87ed-94886614b7ed,opérateur de pompe/opératrice de pompe,opératrice de pompe|opérateur de pompe
http://data.europa.eu/esco/occupation/7d092380-1c2e-48fe-81de-0d191b4e96d6,technicien en imagerie médicale diagnostique/technicienne en imagerie médicale diagnostique,technicien en imagerie médicale diagnostique|technicienne en imagerie médicale diagnostique
http://data.europa.eu/esco/occupation/7c205166-d862-45fc-90e5-58a3aa3721dd,chef de chantier travaux publics et voirie,cheffe de chantier travaux publics et voirie|responsable de chantier voirie
http://data.europa.eu/esco/occupation/7d8b3c73-20f8-467e-91e4-00378673a2cd,inspecteur en sécurité des aliments/inspectrice en sécurité des aliments,inspecteur en sécurité des aliments|inspectrice en sécurité des aliments|inspectrice en sécurité des denrées alimentaires|inspectrice en hygiène et sécurité|inspecteur en sécurité des denrées alimentaires|inspectrice en sécurité sanitaire des aliments|inspecteur en hygiène et sécurité|inspecteur en sécurité sanitaire des aliments
http://data.europa.eu/esco/occupation/7a031723-2b2c-4fdd-8ed5-30d67088b8b8,directeur des licences/directrices des licences,directrice des lciences|directeur des licences
http://data.europa.eu/esco/occupation/7c5e4ca1-e8be-4297-9014-509d5ba57210,animateur en parc zoologique/animatrice en parc zoologique,animateur en parc zoologique|animatrice en parc zoologique
http://data.europa.eu/esco/occupation/7ceb2340-339c-4367-bc4e-e08f57c992f6,soigneur en refuge/soigneuse en refuge,agente anmialière en refuge|soigneur en refuge|agent animalier en refuge|soigneuse en refuge|soigneur animalier en refuge|soigneuse animalière en refuge
http://data.europa.eu/esco/occupation/7dbb116c-a4e7-41e8-9f28-c8a738d93e28,technicien de filtration des boissons/technicienne de filtration des boissons,technicienne de filtration des liquides|technicienne de filtration des boissons|opérateur de filtration des liquides|opérateur de filtration des boissons|technicien de filtration des boissons|technicien de filtration des liquides|opératrice de filtration des boissons|opératrice de filtration des liquides
http://data.europa.eu/esco/occupation/7d9e2a65-758c-4cbd-b66d-3a595d3d63b1,spécialiste du détecteur de mensonges,
http://data.europa.eu/esco/occupation/7dc05fcc-b079-45ed-b5d4-74c75f99976c,compositeur/compositrice,compositrice|auteur-compositeur|compositeur|auteur-compositeur/auteure-compositrice|auteure-compositrice
http://data.europa.eu/esco/occupation/7dec82e0-3bfc-4c48-812d-c2095bfe05bb,directeur de grand magasin/directrice de grand magasin,directeur de grand magasin|directrice de grand magasin
http://data.europa.eu/esco/occupation/7e08d38d-30c9-4a6f-b88e-b28e87c0b259,opérateur de machine à percer le bois/opératrice de machine à percer le bois,opératrice de machine à percer le bois|opérateur de machine à percer le bois
http://data.europa.eu/esco/occupation/7d99ed04-fda7-4f35-9f02-0db18078159c,agent de finition cuirs et peaux/agente de finition cuirs et peaux,apprêteur en pelleterie|apprêteuse en pelleterie|agent de finition cuirs et peaux|apprêteur en pelleterie/apprêteuse en pelleterie|agente de finition cuirs et peaux
http://data.europa.eu/esco/occupation/7d9c060a-f280-441d-baf9-7d4a6b520a2a,"responsable import-export d’ordinateurs, équipements informatiques périphériques et logiciels",
http://data.europa.eu/esco/occupation/7db415ec-0437-4a5e-95ea-622ea9f13dd0,superviseur en production métallique/superviseuse en production métallique,superviseuse en production métallique|superviseur en production métallique
http://data.europa.eu/esco/occupation/7daa8fed-9a78-4fe2-afc2-153fc423040b,comportementaliste animalier/comportementaliste animalière,comportementaliste animalière|comportementaliste des animaux|comportementaliste animalier|comportementaliste spécialisé dans les animaux|vétérinaire comportementaliste
http://data.europa.eu/esco/occupation/7dea476a-dffe-4919-9ee2-fb222e283f41,enseignant-chercheur en psychologie/enseignante-chercheuse en psychologie,enseignant-chercheur en psychologie sociale et du travail/enseignante-chercheuse en psychologie sociale et du travail|enseignant-chercheur en psychologie|enseignant-chercheur en psychologie clinique/enseignante-chercheuse en psychologie clinique|enseignant-chercheur en psychologie clinique|enseignante-chercheuse en psychologie sociale et du travail|enseignante-chercheuse en psychologie clinique|enseignant-chercheur en psychologie sociale|enseignant-chercheur en psychologie sociale/enseignante-chercheuse en psychologie sociale|enseignante-chercheuse en psychologie sociale|enseignant-chercheur en psychologie sociale et du travail|enseignante-chercheuse en psychologie
http://data.europa.eu/esco/occupation/802a0e5d-5625-4166-a1f0-d13e2586df55,graveur/graveuse,graveuse|graveur
http://data.europa.eu/esco/occupation/7f35043b-ebb5-40bf-9974-46a29915f6bf,opérateur sur machine à brocher/opératrice sur machine à brocher,opérateur sur machine à brocher|opératrice sur machine à brocher
http://data.europa.eu/esco/occupation/7f346896-a4fb-47a1-9572-13398bc297a6,ouvreur de salle de spectacles/ouvreuse de salle de spectacles,ouvreuse de salle de spectacles|hôte d'attractions|hôtesse d'attractions|hôte d'attractions/hôtesse d'attractions|ouvreur de salle de spectacles
http://data.europa.eu/esco/occupation/804f1ae2-429c-48a9-9858-d5d42df144eb,préposé au séchoir/préposée au séchoir,opératrice de déshydrateur|préposée au séchoir|préposé au déshydrateur|opérateur de déshydrateur|préposée au déshydrateur|préposé au séchoir|opératrice de séchoir|opérateur de séchoir
http://data.europa.eu/esco/occupation/812276dd-95ea-428b-b05e-a61c4089063c,moniteur de ski/monitrice de ski,moniteur de ski|monitrice de ski
http://data.europa.eu/esco/occupation/8050a89e-563b-4073-943b-84b0c4286c1f,sexeur de volailles/sexeuse de volailles,sexeur de volailles|sexeuse de volailles|trieuse de volailles|trieur de volailles
http://data.europa.eu/esco/occupation/7f0d69cf-8b02-4a84-865a-37585dea9b43,directeur de programmes/directrice de programmes,directeur de programmes|directrice de programmes
http://data.europa.eu/esco/occupation/7ef064b1-aab8-4818-a468-8f17acbfd995,technicien en hydroélectricité/technicienne en hydroélectricité,technicienne en énergie marémotrice|technicien en énergie houlomotrice|technicienne en hydroélectricité|technicien en énergie marémotrice|technicienne en centrale hydroélectrique|technicienne en énergie houlomotrice|technicien en hydroélectricité|technicien en centrale hydroélectrique
http://data.europa.eu/esco/occupation/808becc8-5a4e-4e71-a043-c2ea32b56ae3,manutentionnaire,opératrice logistique en entrepôt|opérateur logistique en entrepôt|opérateur logistique en entrepôt/opératrice logistique en entrepôt|magasinière|magasinier
http://data.europa.eu/esco/occupation/7eadbe33-d62e-4a82-8e3a-e89df5aefb2c,assembleur d’ouvrages en bois et matériaux associés/assembleuse d’ouvrages en bois et matériaux associés,monteuse d’ouvrages en bois et matériaux associés|monteur d’ouvrages en bois et matériaux associés|agente de montage d’ouvrages en bois|agent de montage d’ouvrages en bois|assembleuse d’ouvrages en bois et matériaux associés|assembleuse d’articles en bois|assembleur d’articles en bois|monteur d’ouvrages en bois et matériaux associés/monteuse d’ouvrages en bois et matériaux associés|assembleur d’articles en bois/assembleuse d’articles en bois|agent de montage d’ouvrages en bois/agente de montage d’ouvrages en bois|assembleur d’ouvrages en bois et matériaux associés
http://data.europa.eu/esco/occupation/7e33b166-4a6d-40f3-8048-83b3a9d3ef49,opérateur de transformation des viandes/opératrice de transformation des viandes,opératrice en première transformation des viandes|opérateur en deuxième transformation des viandes|opératrice en deuxième transformation des viandes|opérateur en première transformation des viandes|opératrice de transformation des viandes|opérateur de transformation des viandes
http://data.europa.eu/esco/occupation/80a648c5-ecb7-40e6-a4d4-7680291ffa74,testeur de moteurs de matériel roulant/testeuse de moteurs de matériel roulant,testeuse de moteurs de matériel roulant|testeur de moteurs de matériel roulant
http://data.europa.eu/esco/occupation/7fbe45c6-1914-43ba-9cfb-e0a4e051da92,opérateur en rotogravure/opératrice en rotogravure,opérateur en gravure|opératrice en gravure
http://data.europa.eu/esco/occupation/7ed2e153-8da8-4c0d-b4c5-3402c623f34b,facteur/factrice,factrice|facteur
http://data.europa.eu/esco/occupation/8021f3a2-e3de-43c0-b366-075da74dc5b7,orthophoniste,logopède|logopédiste
http://data.europa.eu/esco/occupation/8022c821-1ed0-414e-b440-63cc88943a89,négociant grossiste en articles d’horlogerie et de bijouterie/négociante grossiste en articles d’horlogerie et de bijouterie,négociante grossiste en articles d'horlogerie et de bijouterie|négociant grossiste en articles d'horlogerie et de bijouterie
http://data.europa.eu/esco/occupation/7f800e7d-9d86-406a-9116-b5eca7526869,technicien d’exploitation eau potable/technicienne d’exploitation eau potable,technicien d'exploitation eau potable|technicienne d'exploitation eau potable
http://data.europa.eu/esco/occupation/802d3a2f-b966-42e3-94df-683adfcff20c,technicien de production de juvéniles/technicienne de production de juvéniles,technicienne de production de juvéniles|technicien de production de juvéniles
http://data.europa.eu/esco/occupation/80d880ec-3bae-45a2-a2d3-41345ee0b319,chargé de mission patrimoine naturel/chargée de mission patrimoine naturel,chargé de mission patrimoine naturel|chargée de mission patrimoine naturel
http://data.europa.eu/esco/occupation/7f7d2bfe-f038-436f-95ff-29bc90726430,agent de piste/agente de piste,signaleur au sol|signaleuse au sol|placeuse|placeur
http://data.europa.eu/esco/occupation/81309031-dad2-4a7a-bde6-7f6e518f89ff,assistant de vie en structure d’hébergement/assistante de vie en structure d’hébergement,assistante de vie en structure d'hébergement|assistant de vie en structure d'hébergement
http://data.europa.eu/esco/occupation/7f2761eb-4edc-48ad-9fbf-eed0a0db9a21,physicien/physicienne,physicienne|chercheuse en physique|chercheur en physique/chercheuse en physique|physicien|chercheur en physique
http://data.europa.eu/esco/occupation/80a2aba7-ef7d-46ef-a8ec-15ff6131c0f1,intervenant en médecine chinoise/intervenante en médecine chinoise,thérapeute de médecine traditionnelle chinoise|praticienne de médecine traditionnelle chinoise|intervenant en médecine chinoise|praticienne en médecine traditionnelle chinoise|praticien en médecine traditionnelle chinoise/praticienne en médecine traditionnelle chinoise|praticien de médecine traditionnelle chinoise/praticienne de médecine traditionnelle chinoise|intervenante en médecine chinoise|praticien en médecine traditionnelle chinoise|thérapeute en médecine traditionnelle chinoise|praticien de médecine traditionnelle chinoise
http://data.europa.eu/esco/occupation/807a1ac3-4f56-41f3-a68c-d653d558eb0a,copilote,
http://data.europa.eu/esco/occupation/811595cc-3100-4ca0-b860-3a77349342ae,ingénieur en mécanique des fluides/ingénieure en mécanique des fluides,ingénieure en mécanique des fluides|ingénieur en mécanique des fluides
http://data.europa.eu/esco/occupation/7e17f4ea-9565-41e0-b408-b52b5c9492a3,portier physionomiste/portière physionomiste,portière physionomiste|videur|portier|sorteuse|portière|sorteur|portier physionomiste|videuse|physionomiste
http://data.europa.eu/esco/occupation/80c72c55-556a-41b1-87ef-a29c3d2afa6e,professeur de sciences économiques et sociales/professeure de sciences économiques et sociales,professeur de sciences économiques et sociales|professeure de sciences économiques et sociales
http://data.europa.eu/esco/occupation/7ff7ab7d-12a6-4d87-ac91-8a8f3540b1c0,responsable de la logistique distribution de cuirs et peaux,
http://data.europa.eu/esco/occupation/7e46c066-2b98-4eaf-bed6-9848c79902e0,monteur d’opérations immobilières/monteuse d’opérations immobilières,promoteur-constructeur|conductrice d'opérations immobilières|directeur de la promotion immobilière|promotrice-constructrice|monteuse d'opérations immobilières|directrice de la promotion immobilière|conducteur d'opérations immobilières|responsable foncière|monteur d'opérations immobilières|responsable foncier
http://data.europa.eu/esco/occupation/80ec8f3e-2cda-4ea6-a382-ece99589ccdd,professeur d’enseignements artistiques/professeure d’enseignements artistiques,professeur d’arts plastiques|professeure d’arts plastiques|professeure d’arts appliqués|professeur d’arts appliqués|professeur d’enseignements artistiques|professeure d’enseignements artistiques|professeur d’arts plastiques/professeure d’arts plastiques|professeur d’arts appliqués/professeure d’arts appliqués
http://data.europa.eu/esco/occupation/7f0fe7d3-54c6-41e9-88ba-9d4f0f1a46b4,ingénieur microsystèmes/ingénieure microsystèmes,ingénieure microsystèmes|ingénieur microsystèmes
http://data.europa.eu/esco/occupation/7f0b46be-8b7a-4675-987d-89a8a7193730,gérant de magasin de musique et vidéos/gérante de magasin de musique et vidéos,gérante de magasin de musique et vidéos|gérant de magasin de musique et vidéos|responsable de magasin de musique et vidéos
http://data.europa.eu/esco/occupation/80fe3002-3ae4-4d3b-8969-0f2ce1049d7d,vendeur en bijouterie/vendeuse en bijouterie,vendeuse en horlogerie|vendeuse en joaillerie|vendeur en joaillerie|vendeur en horlogerie|vendeur en bijouterie|vendeuse en bijouterie
http://data.europa.eu/esco/occupation/80db1e93-6dad-49aa-b465-d64a4a73141b,responsable des achats de matières premières cuirs,
http://data.europa.eu/esco/occupation/7fddf2b5-1ba7-4327-86f9-e5da8ddb28a6,négociant grossiste en machines et équipements de bureau/négociante grossiste en machines et équipements de bureau,négociant grossiste en machines et équipements de bureau|négociante grossiste en machines et équipements de bureau
http://data.europa.eu/esco/occupation/8099a96a-753b-49fc-a36a-d70b8aa9fdcf,spécialiste en import-export d’animaux vivants,
http://data.europa.eu/esco/occupation/810e5e67-acd5-499a-b307-cf5bea330859,responsable des connaissances et de l'information informatique,directrice des connaissances et de l'information Technologies de l'information et de la communication|responsable des connaissances et de l'information Technologies de l'information et de la communication|responsable des connaissances et de l'information TIC|directeur des connaissances et de l'information Technologies de l'information et de la communication|directrice des connaissances et de l'information TIC|directeur des connaissances et de l'information TIC
http://data.europa.eu/esco/occupation/808b5940-8092-4f08-bc37-9b60ee5761d8,essayeur/essayeuse,essayeur|essayeuse
http://data.europa.eu/esco/occupation/812c217d-32b7-4f6a-9faf-993d3577ac7f,ingénieur de la connaissance/ingénieure de la connaissance,ingénieur de la connaissance|cogniticien|ingénieur du savoir|ingénieure de la connaissance|ingénieur connaissance|ingénieur cogniticien
http://data.europa.eu/esco/occupation/81f6a814-1f4e-47d4-9c75-47977c7267ee,conducteur de train/conductrice de train,conductrice de train|conducteur de train
http://data.europa.eu/esco/occupation/8188136d-df82-4910-91e1-b185ec17c3c9,opérateur de réception du lait/opératrice de réception du lait,technicien de réception du lait|opératrice de transformation du lait|technicienne de réception du lait|opérateur de transformation du lait|opérateur de réception du lait|opératrice de réception du lait
http://data.europa.eu/esco/occupation/81a1e1f5-cce3-444d-bfc3-9771236d57cd,technicien de maintenance aéronautique/technicienne de maintenance aéronautique,technicien d'entretien d'avion en ligne|technicienne d'entretien d'avion en ligne|technicien de maintenance aéronautique|technicienne de maintenance aéronautique
http://data.europa.eu/esco/occupation/81f8d141-3f67-4fb0-a349-db0147ef7b3a,professeur d’enseignement professionnel/professeure d’enseignement professionnel,professeur d’enseignement professionnel|professeure d’enseignement professionnel
http://data.europa.eu/esco/occupation/81cc1583-3614-4207-8e54-00b8cd4ddf09,directeur d'usine de produits chimiques/directrice d'usine de produits chimiques,directeur d'usine de produits chimiques|directrice d'usine de produits chimiques|directrice de site chimique|directeur de site chimique
http://data.europa.eu/esco/occupation/81f8ea60-41d4-434a-b0fc-f870e83e7e27,opérateur de production chimiste - fabrication d’engrais/opératrice de production chimiste - fabrication d’engrais,opératrice de production en chimie - fabrication d’engrais|opérateur de production en chimie - fabrication d’engrais|opératrice de production chimiste - fabrication d’engrais|opérateur de production en chimie - fabrication d’engrais/opératrice de production en chimie - fabrication d’engrais|opérateur de production chimiste - fabrication d’engrais
http://data.europa.eu/esco/occupation/81480b40-a318-47f3-9b2c-56b69ed67d95,administrateur de réseau informatique/administratrice de réseau informatique,administratrice de réseau|administratrice réseau|directrice des réseaux|responsable des réseaux|responsable de réseau|directeur des réseaux|administrateur réseau|administrateur de réseau
http://data.europa.eu/esco/occupation/814205e9-8bd1-4653-bdbc-fd2f9e9a8225,gérant de magasin de cuisines et salles de bains/gérante de magasin de cuisines et salles de bains,gérant de magasin de cuisines et salles de bains|responsable de magasin de cuisines et salles de bains|gérante de magasin de cuisines et salles de bains
http://data.europa.eu/esco/occupation/82025c02-9082-416c-998b-f51eb0359ee6,réceptionniste d’établissement hôtelier,employé de l'accueil|personne à l’accueil|concierge|employée de l’accueil
http://data.europa.eu/esco/occupation/837502a6-57d9-4df4-903a-8a67dd53927f,matelot garde moteur,
http://data.europa.eu/esco/occupation/83e45d86-1bce-45c5-ba8b-097738f9f28b,présentateur de journal/présentatrice de journal,journaliste présentateur/journaliste présentatrice|présentateur de journal|journaliste présentatrice|présentatrice de journal|journaliste présentateur
http://data.europa.eu/esco/occupation/82f90e87-de92-4678-adae-61d3e5f7e1e4,directeur des systèmes d'information /directrice des systèmes d'information,directrice des SI|directeur principal technologies de l'information|directeur des SI|directeur des systèmes d'information|directrice principale technologies de l'information|directrice informatique|DSI|directeur informatique|directrice des systèmes d'information
http://data.europa.eu/esco/occupation/83de6811-975d-4f7c-b81e-604c0c17e800,opérateur de production de poisson/opératrice de production de poisson,opératrice de production de poisson|technicien de production de poisson|ouvrier en production de poisson|préparatrice de poisson|ouvrière en production de poisson|préparateur de poisson|opérateur de production de poisson
http://data.europa.eu/esco/occupation/84dfc210-db07-4a83-87fe-d6131907ea83,ouvrier boucher/ouvrière bouchère,Tripier|désosseur pareur|opérateur d’abattage|désosseuse pareuse|opératrice d’abattage|ouvrier boucher|ouvrière bouchère|tripière
http://data.europa.eu/esco/occupation/835d118e-11db-4b11-b055-d78bfe426cac,affûteur d’outils/affûteuse d’outils,affûteuse d'outils|affûteur d’outils|rémouleuse|rémouleur
http://data.europa.eu/esco/occupation/83588a0e-b63d-4483-a884-06f1e3a1a4be,directeur d'agence de traduction/directrice d'agence de traduction,directrice d'agence de traduction|directeur d'agence de traduction|directrice de bureau de traduction|directeur de bureau de traduction
http://data.europa.eu/esco/occupation/823db06f-25e1-4658-b063-d6ef956b41f5,responsable logistique et distribution,
http://data.europa.eu/esco/occupation/84d45916-eef7-4c58-a73c-3639c9965014,agent de fabrication de mobilier plastique/agente de fabrication de mobilier plastique,agente de fabrication de mobilier plastique|agent de fabrication de mobilier plastique
http://data.europa.eu/esco/occupation/82fe0140-7069-47f9-a7d4-d63a611cb5bd,agent électoral/agente électorale,agente électorale|agent électoral
http://data.europa.eu/esco/occupation/822bbc2d-bc6a-4fb5-afb8-89170120c6d8,technicien de maintenance aéroportuaire/technicienne de maintenance aéroportuaire,technicien de maintenance aéroportuaire|technicienne de maintenance aéroportuaire
http://data.europa.eu/esco/occupation/84fabf82-4abf-4f41-99aa-55718a2e500b,aide-comptable fiscaliste,
http://data.europa.eu/esco/occupation/839d738b-8b54-4408-868a-6d8af102d2de,monteur-assembleur secteur matériel roulant ferroviaire/monteuse-assembleuse secteur matériel roulant ferroviaire,monteur-assembleur secteur matériel roulant ferroviaire|monteuse-assembleuse secteur matériel roulant ferroviaire
http://data.europa.eu/esco/occupation/8529edc5-96ad-4cde-b34a-f86ad3753e4d,ingénieur technico-commercial/ingénieure technico-commerciale,ingénieur des ventes|ingénieure des ventes|ingénieure d'affaires|ingénieur des ventes/ingénieure des ventes|ingénieur technico-commercial|ingénieure technico-commerciale|ingénieur d'affaires|ingénieur d'affaires/ingénieure d'affaires
http://data.europa.eu/esco/occupation/84cdc2ef-ee7c-42b1-be19-5e1c6b537f8f,gardien d’animaux de compagnie/gardienne d’animaux de compagnie,gardien d'animaux familiers|gardien pour animaux de compagnie|gardienne pour animal de compagnie|gardien d'animaux de compagnie|gardienne pour animaux de compagnie|gardienne d'animaux familiers|gardien pour animal de compagnie|gardienne d'animaux de compagnie
http://data.europa.eu/esco/occupation/849a656c-8559-4471-91ed-442c42b0b641,technicien modéliste CAO-DAO/technicienne modéliste CAO-DAO,technicien modéliste CAO-DAO|technicienne modéliste CAO-DAO
http://data.europa.eu/esco/occupation/8467dda9-34c6-4c6f-aa37-e7bddffac007,professionnel de la santé des animaux aquatiques/professionnelle de la santé des animaux aquatiques,professionnel de la santé des animaux aquatiques|professionnelle de la santé des animaux aquatiques
http://data.europa.eu/esco/occupation/825ab049-2f0c-4acf-b402-9c6bb51acca2,directeur d'équipement sportif/directrice d'équipement sportif,exploitant d'équipement sportif|directrice de centre sportif|gérant d'équipement sportif|exploitante d'équipement sportif|directeur de centre sportif|directrice d'équipement sportif|directeur d'équipement sportif|gérante d'équipement sportif
http://data.europa.eu/esco/occupation/84f20f5d-149a-4512-b319-18a81d3d6026,cascadeur/cascadeuse,cascadeuse|cascadeur
http://data.europa.eu/esco/occupation/84931290-ad27-45ad-b611-9556c5facbdb,assistant en organisation d’évènements/assistante en organisation d’évènements,assistant en organisation d'évènements|assistante en organisation d'évènements
http://data.europa.eu/esco/occupation/842d4d83-7e18-493a-a4a6-3f2a36504b18,agent de sécurité chargé du contrôle de l’accès/agente de sécurité chargée du contrôle de l’accès,garde|gardienne|agent de sécurité chargé du contrôle de l'accès|gardien|agente de sécurité chargée du contrôle de l'accès
http://data.europa.eu/esco/occupation/82e37849-30ec-4461-a40e-263d4c984f88,paléontologue,
http://data.europa.eu/esco/occupation/82d75f3b-644a-4582-ad6b-a2a1833e44cb,spécialiste des essais non destructifs,
http://data.europa.eu/esco/occupation/82cbe20d-967c-4161-9ecd-eafc724d171c,assistant ergothérapeute/assistante ergothérapeute,assistant en ergothérapie|assistant en ergothérapie/assistante en ergothérapie|assistante en ergothérapie|assistante ergothérapeute|assistant ergothérapeute
http://data.europa.eu/esco/occupation/83b30677-6468-4a04-b20c-15daf6bc8fb5,"spécialiste en import-export d’ordinateurs, d’équipements informatiques périphériques et de logiciels",
http://data.europa.eu/esco/occupation/836f0a96-7546-4003-9fc8-714fc79199d4,ingénieur contrat/ingénieure contrat,ingénieure de contrats industriels|ingénieur de contrats industriels|ingénieur de contrats industriels/ingénieure de contrats industriels|ingénieure contrat|ingénieur contrat
http://data.europa.eu/esco/occupation/84871c2a-abd1-45eb-b03a-65e51a26fd84,analyste coûts,analyste des coûts
http://data.europa.eu/esco/occupation/834aab9b-2246-4c3e-ab4a-cf3de1267e1a,moniteur automobile/monitrice automobile,monitrice automobile|moniteur de conduite automobile|monitrice de conduite automobile|moniteur automobile
http://data.europa.eu/esco/occupation/8249697a-3dc8-417d-9acf-3a7e0864069a,superviseur de carreleurs spécialisés en terrazzo/superviseuse de carreleurs spécialisés en terrazzo,superviseuse de carreleurs spécialisés en terrazzo|superviseur de carreleurs spécialisés en terrazzo
http://data.europa.eu/esco/occupation/84e4c780-ee17-44dd-af6f-d1c06a3e353d,"responsable import-export de machines pour l'extraction, la construction et le génie civil",
http://data.europa.eu/esco/occupation/83191970-020d-4350-b2e0-be971533d286,superviseur de production en électronique/superviseuse de production en électronique,superviseuse de production en électronique|superviseur de production en électronique
http://data.europa.eu/esco/occupation/82dea303-26e1-4bbc-a07c-cff3cac6b50e,coiffeur styliste/coiffeuse styliste,styliste capillaire|coiffeur styliste|coiffeuse styliste
http://data.europa.eu/esco/occupation/82ea66b0-0f9c-44ed-94bc-0c5b829531b3,facteur de guitares/factrice de guitares,luthier de guitares|luthière de guitares|luthier|factrice de guitares|facteur de guitares|luthière
http://data.europa.eu/esco/occupation/8269720b-49c7-4185-ad7e-05d8d31ac041,marchand de jouets/marchande de jouets,vendeur en jouets|marchande de jouets|vendeuse en produits ludiques|vendeur en produits ludiques|marchand de jouets|vendeuse en jouets|vendeuse en jeux|vendeur en jeux
http://data.europa.eu/esco/occupation/8289625a-c1c1-4a49-8ddd-37be4c3cd3fc,formateur en institut de formation d’aide-soignant ou d’auxiliaire de puériculture/formatrice en institut de formation d’aide-soignant ou d’auxiliaire de puériculture,formateur en IFAS|formateur en IFAP/formatrice en IFAP|formateur en institut de formation d’aide-soignant ou d’auxiliaire de puériculture|formatrice en IFAS|formatrice en institut de formation d’auxiliaire de puériculture|formatrice en IFAP|formateur en IFAS/formatrice en IFAS|formateur en institut de formation d’aide-soignant|formatrice en institut de formation d’aide-soignant ou d’auxiliaire de puériculture|formatrice en institut de formation d’aide-soignant|formateur en institut de formation d’auxiliaire de puériculture/formatrice en institut de formation d’auxiliaire de puériculture|formateur en institut de formation d’auxiliaire de puériculture|formateur en institut de formation d’aide-soignant/formatrice en institut de formation d’aide-soignant|formateur en IFAP
http://data.europa.eu/esco/occupation/84219dd7-eb68-426e-9ec3-431eceb61c96,inspecteur de moteurs de matériel roulant/inspectrice de moteurs de matériel roulant,inspecteur de moteurs de matériel roulant|inspectrice de moteurs de matériel roulant
http://data.europa.eu/esco/occupation/84cb6e91-ce11-409e-9306-23c9698631af,technicien pédologue/technicienne pédologue,technicien pédologue|technicienne pédologue
http://data.europa.eu/esco/occupation/83dc2d94-9e30-493a-bd93-6346e05fe146,chargé d’information de planning familial/chargée d’information de planning familial,conseiller  en planification familiale/conseillère en planification familiale|conseiller en planification familiale|conseillère en planification familiale|chargée d'information de planning familial|chargé d'information de planning familial
http://data.europa.eu/esco/occupation/865adac9-9bb7-4680-a13d-62b2942974ac,conducteur opérateur de scierie/conductrice opératrice de scierie,ouvrier de scierie/ouvrière de scierie|conductrice opératrice de scierie|ouvrière de scierie|ouvrier de scierie|conducteur opérateur de scierie
http://data.europa.eu/esco/occupation/862ed9e5-96ec-410d-a0fd-5206a05a7954,ébarbeur-ébavureur industriel/ébarbeuse-ébavureuse industrielle,ébavureur en construction mécanique/ébavureuse en construction mécanique|ébavureur industriel/ébavureuse industrielle|ébavureur-meuleur industriel|ébavureur en construction mécanique|ébarbeuse-ébavureuse industrielle|ébarbeur-ébavureur industriel|ébavureur industriel|ébavureuse-meuleuse industrielle|ébavureur-meuleur industriel/ébavureuse-meuleuse industrielle|ébavureuse industrielle|ébavureuse en construction mécanique
http://data.europa.eu/esco/occupation/85acc7e9-1fac-4e91-962b-8b8031f39487,ingénieur textile/ingénieure textile,ingénieur textile|ingénieure textile
http://data.europa.eu/esco/occupation/8606c0fd-c7cb-404d-887f-3a30ef7a81b4,analyste sensoriel/analyste sensorielle,évaluateur testeur sensoriel/évaluatrice testeuse sensorielle|expert en olfactométrie|nez|technicien d’analyse sensorielle/technicienne d’analyse sensorielle|évaluateur testeur sensoriel|évaluatrice testeuse sensorielle|expert en olfactométrie/experte en olfactométrie|analyste sensorielle|analyste sensoriel|technicienne d’analyse sensorielle|experte en olfactométrie|technicien d’analyse sensorielle
http://data.europa.eu/esco/occupation/869e3a85-6e4c-4e3c-b14f-a8399c1abd2d,opérateur de lignes d’assemblage automatisées/opératrice de lignes d’assemblage automatisées,opératrice de lignes d'assemblage automatisées|opérateur de lignes d'assemblage automatisées
http://data.europa.eu/esco/occupation/866c7813-2c03-47d7-9bdc-192cfbace57c,développeur d’interface utilisateur/développeuse d’interface utilisatrice,développeuse d'interface utilisatrices|conceptrice d'interface|concepteur d'interfaces utilisateurs|développeur IU|designer d'interface|développeuse IU|développeuse d'interface utilisatrice|développeur d'interface|conceptrice d'interface utilisatrices|développeuse d'interface|conceptrice d'interfaces utilisatrices|concepteur d'interface|développeur d'interface utilisateurs|concepteur d'interface utilisateurs|développeur d'interface utilisateur
http://data.europa.eu/esco/occupation/857ed740-f4ae-43d0-8295-d6181f1d7eed,entrepreneur de pompes funèbres/entrepreneuse de pompes funèbres,directeur d'entreprise funéraire|directeur d'entreprise de pompes funèbres|responsable d'entreprise de pompes funèbres|entrepreneure de pompes funèbres|entrepreneuse de pompes funèbres|directrice d'entreprise funéraire|directrice d'entreprise de pompes funèbres|responsable d'entreprise funéraire|entrepreneur de pompes funèbres
http://data.europa.eu/esco/occupation/85fdd1cb-98d3-4c40-a868-1078ce770440,contrôleur qualité des textiles/contrôleuse qualité des textiles,contrôleuse qualité des textiles|contrôleur qualité des textiles
http://data.europa.eu/esco/occupation/853698f5-0f1e-42ae-9301-e5411a26dae2,instructeur dans l'armée/instructrice dans l'armée,instructrice dans l'armée|instructeur dans l'armée
http://data.europa.eu/esco/occupation/85482504-c83d-4038-80d9-265198d18b48,aide-soignant à domicile/aide-soignante à domicile,aide-soignante|aide-soignant|aide-soignante à domicile|aide-soignant à domicile
http://data.europa.eu/esco/occupation/86da9311-1f7a-40bb-af65-ed2a7178fcae,opérateur de machine pour produits en béton/opératrice de machine pour produits en béton,opératrice de machine pour produits en béton|opérateur de machine pour produits en béton
http://data.europa.eu/esco/occupation/884beda8-d242-4fc3-a097-dc11098a7c3d,teinturier en industrie textile/teinturière en industrie textile,teinturier en industrie textile|teinturière en industrie textile
http://data.europa.eu/esco/occupation/87cb6ef5-fa94-4af4-9511-6fe64c463835,opérateur de fabrication de produits laitiers/opératrice de fabrication de produits laitiers,opérateur de fabrication de produits laitiers|responsable de la fabrication des produits laitiers|opératrice de fabrication de produits laitiers|technicien de fabrication de produits laitiers|technicienne de fabrication de produits laitiers
http://data.europa.eu/esco/occupation/8801ef16-92a4-4889-8f80-9b78206c7ec0,spécialiste des droits de l’homme,
http://data.europa.eu/esco/occupation/88b21b2f-350c-4f41-9680-a53f8ea708ed,conducteur de machine de moulage par enroulement filamentaire/conductrice de machine de moulage par enroulement filamentaire,conductrice de machine de moulage par enroulement filamentaire|technicien enroulement filamentaire|conducteur de machine de moulage par enroulement filamentaire|technicienne enroulement filamentaire|technicien enroulement filamentaire/technicienne enroulement filamentaire
http://data.europa.eu/esco/occupation/87775d69-ae88-449e-ad71-6f9875711816,technicien en chimie/technicienne en chimie,technicien en chimie|technicienne en chimie|technicien de laboratoire nucléaire|technicienne de laboratoire nucléaire
http://data.europa.eu/esco/occupation/86c892cf-09a3-44c8-b9d1-814d93dbcbb4,spécialiste des opérations militaires,
http://data.europa.eu/esco/occupation/898f99f7-8c0a-4212-9e58-9ab00379e5ae,tourneur ajusteur/tourneuse ajusteuse,tourneuse ajusteuse|tourneur ajusteur
http://data.europa.eu/esco/occupation/88589d68-b870-440e-8444-32e9935cbbbc,mécanicien de marine/mécanicienne de marine,mécanicien de marine|mécanicienne de marine
http://data.europa.eu/esco/occupation/880a6cd1-2356-4994-8983-ac364763beaf,voiturier/voiturière,voiturier|voiturière
http://data.europa.eu/esco/occupation/8870032b-9be3-4fd4-b9fb-1d8d9de33c5f,conducteur désencrage en industrie papetière/conductrice désencrage en industrie papetière,conducteur désencrage en industrie papetière|conductrice désencrage en industrie papetière|opérateur de désencrage par lavage|opératrice de désencrage par lavage
http://data.europa.eu/esco/occupation/86c49d9c-b37d-4a14-8e9d-d0357005a48d,homme de surface/femme de surface,femme de surface - forage de puits de pétrole et de gaz|manœuvre de gisement pétrolifère|manœuvre de champs de pétrole|homme de surface - installation de forage en mer/femme de surface - installation de forage en mer|femme de surface - installation de forage en mer|homme de surface - installation de forage en mer|homme de surface|homme de surface - forage de puits de pétrole et de gaz/femme de surface - forage de puits de pétrole et de gaz|femme de surface|homme de surface – forage de puits de pétrole et de gaz
http://data.europa.eu/esco/occupation/8908d5aa-ac58-465e-9b75-7e02ed4af3a9,coordinateur du trafic par voie navigable/coordinatrice du trafic par voie navigable,coordinateur du trafic par voie navigable|coordinatrice du trafic par voie navigable
http://data.europa.eu/esco/occupation/8918dda6-d99b-4572-a8ba-2a786bf5e4e9,fabricant de poupées/fabricante de poupées,fabricant de poupées|fabricante de poupées
http://data.europa.eu/esco/occupation/88a34087-311e-497e-ad81-a6843b9b461e,monteur de moteurs marins/monteuse de moteurs marins,monteuse-assembleuse moteurs marins|monteuse de moteurs de navire|monteur-assembleur moteurs marins/monteuse-assembleuse moteurs marins|monteuse de moteurs marins|monteur de moteurs marins|monteur de moteurs de navire/monteuse de moteurs de navire|monteur de moteurs de navire|monteur-assembleur moteurs marins
http://data.europa.eu/esco/occupation/86a0c9ab-c3fa-41a3-ad3e-d0083036b3d6,minéralogiste,minéralogiste de la recherche scientifique
http://data.europa.eu/esco/occupation/88721b6c-d2ce-41c6-8878-73c0d3aacf39,pompier/pompière,pompière|soldat du feu|pompier volontaire|sapeur-pompier|pompière volontaire|sapeuse-pompière|soldate du feu|pompier
http://data.europa.eu/esco/occupation/86e8e172-234d-4e85-b9ae-6a4aecc2c321,guide de montagne,
http://data.europa.eu/esco/occupation/89860c2a-d217-432a-8636-84aa17f09c15,ingénieur forages gaziers/ingénieure forages gaziers,ingénieur foreur/ingénieure foreuse|ingénieur foreur|ingénieure foreuse|ingénieure forages gaziers|ingénieur gaz|ingénieure gaz|ingénieur forages gaziers|ingénieur gaz/ingénieure gaz
http://data.europa.eu/esco/occupation/88760821-9df4-47a6-a1c2-ac08b9759396,maquettiste de cinéma,maquettiste (décoration spectacles)|miniaturiste de cinéma
http://data.europa.eu/esco/occupation/87afe3f0-c891-45de-a498-ad2608471c86,opérateur de finition textile/opératrice de finition textile,opérateur de finition textile|opératrice de finition textile
http://data.europa.eu/esco/occupation/874a2080-a9b6-46a9-8662-c9b7d4208f73,scénographe,
http://data.europa.eu/esco/occupation/86ca306c-ab99-420a-9e2a-aa73c5c4de22,ingénieur électricien/ingénieure électricienne,ingénieure électricienne|ingénieur électrotechnicien/ingénieure électrotechnicienne|ingénieur électricien|ingénieur électrotechnicien|ingénieure électrotechnicienne
http://data.europa.eu/esco/occupation/89a6d6e5-8362-4b99-b745-1c68bffbda77,agent d’entretien des fosses septiques/agente d’entretien des fosses septiques,agente d'entretien des fosses septiques|agent d'entretien des fosses septiques
http://data.europa.eu/esco/occupation/89a0af2a-edf4-4d1a-8526-f4a8f476cea2,repéreur de décors/repéreuse de décors,repéreuse de décors|repéreur de décors
http://data.europa.eu/esco/occupation/88c56310-14bc-4956-8450-ce0e178ae847,opérateur de séchoir pour produits céramiques/opératrice de séchoir pour produits mécaniques,opératrice de séchoir-tunnel|opérateur de séchoir pour produits céramiques|opératrice de séchoir pour produits céramiques|opérateur de séchoir-tunnel/opératrice de séchoir-tunnel|opérateur de séchoir-tunnel
http://data.europa.eu/esco/occupation/88990bdf-4f6b-4411-82c9-9eecad1db8fb,professeur de musique/professeure de musique,professeure d’école nationale de musique|professeure de musique assistée par ordinateur|professeur de musique assistée par ordinateur|professeur d’école nationale de musique|professeur de musique|professeure de musique|professeur d’instrument de musique|professeure d’instrument de musique|professeur de musique assistée par ordinateur/professeure de musique assistée par ordinateur|professeur d’instrument de musique/professeure d’instrument de musique|professeur d’école nationale de musique/professeure d’école nationale de musique
http://data.europa.eu/esco/occupation/87d0795a-d41f-47ee-979f-0ab7d73836e7,aide-soignant/aide-soignante,aide-soignante|aide-soignant
http://data.europa.eu/esco/occupation/89330b57-6a30-40e1-b623-50f47a4b0c34,gestionnaire des subventions,
http://data.europa.eu/esco/occupation/8914badc-df5e-4671-908e-de5bc795658b,responsable import-export d’équipements et composants électroniques et de télécommunications,
http://data.europa.eu/esco/occupation/87e644b2-8bc1-42d4-bb14-cc4abb0bc715,pupitreur régie lumière/pupitreuse régie lumière,pupitreur régie lumière|pupitreuse régie lumière
http://data.europa.eu/esco/occupation/891af43e-0946-4fa9-8115-a2b9be849cb0,spécialiste en import-export d’articles d’horlogerie et de bijouterie,
http://data.europa.eu/esco/occupation/8862c29b-3810-4fbc-85c7-c9ee87535f73,chef d’équipe électricien/chef d’équipe électricienne,chef d'équipe électricien|contremaîtresse d'électriciens du bâtiment|contremaître d'électriciens du bâtiment|responsable de monteurs-électriciens|chef d'équipe d'électriciens de chantier|chef d'équipe électricienne|cheffe d'équipe électricienne|cheffe d'équipe d'électriciens de chantier
http://data.europa.eu/esco/occupation/88c55070-444a-45db-abe3-7b95c40bc9ec,animateur sportif polyvalent/animatrice sportive polyvalente,animatrice sportive polyvalente|animateur sportif polyvalent
http://data.europa.eu/esco/occupation/87580fa5-39d2-4b7e-9274-b744e684f17c,chef d’équipe en pose de charpentes,cheffe d'équipe en pose de charpentes
http://data.europa.eu/esco/occupation/87fd9791-0922-4da0-a984-f518aadf85ec,responsable de magasin d'armes à feu,gérant de magasin d'armes à feu|gérante d'armurerie|gérant d'armurerie|gérante de magasin d'armes à feu
http://data.europa.eu/esco/occupation/87426cf2-9e36-46a4-aa4f-6a8d20dd93d6,responsable de la logistique distribution de produits chimiques,
http://data.europa.eu/esco/occupation/87e40e79-16fb-4391-9dcb-c15f40e026c1,directeur d'agence de paris/directrice d'agence de paris,directrice d'agence PMU|directeur d'agence PMU|gérante d'agence de paris|gérant d'agence de paris|directeur d'agence de paris|directrice d'agence de paris
http://data.europa.eu/esco/occupation/8712c91f-defb-4483-9e99-d9f896664a11,vendeur en électroménager/vendeuse en électroménager,vendeuse en électroménager|vendeur en petit électroménager|vendeuse en petit électroménager|vendeur en électroménager
http://data.europa.eu/esco/occupation/89a3b3af-7264-4e00-9a14-21e5fbd4ee87,professeur de géographie/professeure de géographie,professeure de géographie|professeur d’histoire géographique|professeur d’histoire géographie/professeure d’histoire géographie|professeur de géographie|professeure d’histoire géographie
http://data.europa.eu/esco/occupation/8a42240b-2b5c-4f6f-8787-f0547fbc46c5,pilote d’avion privé,
http://data.europa.eu/esco/occupation/8a925aca-f636-437c-8962-5deae170e246,technicien en conditionnement alimentaire/technicienne en conditionnement alimentaire,ingénieur en emballage alimentaire|ingénieur en conditionnement alimentaire|technicienne en conditionnement alimentaire|technicien en conditionnement alimentaire|ingénieur en emballage agroalimentaire
http://data.europa.eu/esco/occupation/89b85c45-ddc7-4fe1-be5a-d3db2be11f3b,chargé de compte TIC/chargée de compte TIC,chargée de compte TIC|responsable de compte TIC|chargé de compte technologies de l'information et de la communication|responsable de compte en technologies de l'information et de la communication|chargée de compte technologies de l'information et de la communication|chargé de compte TIC|responsable de compte informatique
http://data.europa.eu/esco/occupation/89b87aa2-4008-4cc7-96f8-e2b5ffe59f28,écologue,ingénieur écologue|ingénieur écologue/ingénieure écologue|ingénieure écologue
http://data.europa.eu/esco/occupation/8a87e8b3-aecf-48a7-9837-4e022c3b9bb9,chromatographiste,opératrice de chromatographe|technicien chromatographiste|spécialiste de la spectrométrie de masse|opérateur de chromatographe|technicienne chromatographiste
http://data.europa.eu/esco/occupation/8a53f8d3-d995-4c7b-a70d-d79f76bdcb3f,diététicien/diététicienne,diététicien nutritionniste|diététicien|diététicien nutritionniste/diététicienne nutritionniste|diététicienne nutritionniste|diététicienne
http://data.europa.eu/esco/occupation/8a3498c7-470a-4067-b48e-f330d9b702e8,preneur ferme en valeurs mobilières/preneuse ferme en valeurs mobilières,preneur ferme en valeurs mobilières|preneuse ferme en valeurs mobilières
http://data.europa.eu/esco/occupation/8a0c1556-f616-4d41-a03c-8a093a644807,technicien qualité en fabrication d’articles chaussants/technicienne qualité en fabrication d’articles chaussants,technicien qualité en fabrication d’articles chaussants|technicienne qualité en fabrication d’articles chaussants
http://data.europa.eu/esco/occupation/8a451ae2-3c31-4f35-90af-6275b1b02f93,metteur en scène/metteuse en scène,metteur en scène|metteuse en scène théâtre|metteur en scène théâtre/metteuse en scène théâtre|metteuse en piste|metteur en piste|metteur en piste/metteuse en piste|régisseur/régisseuse|metteuse en scène|régisseur|régisseuse|metteur en scène théâtre
http://data.europa.eu/esco/occupation/8a007cd3-ba40-4c55-b238-587bd59e74b2,orfèvre,
http://data.europa.eu/esco/occupation/8d3fd879-986d-42e7-bf67-c3c415592fe3,mouleur de l’industrie du béton/mouleuse de l’industrie du béton,mouleur de matériaux en béton/mouleuse de matériaux en béton|mouleuse de matériaux en béton|mouleur d’éléments en béton précontraint|mouleuse d’éléments en béton précontraint|mouleur d’éléments en béton précontraint/mouleuse d’éléments en béton précontraint|mouleur de matériaux en béton|mouleuse de l’industrie du béton|mouleur de l’industrie du béton
http://data.europa.eu/esco/occupation/8ba8acb8-c0f2-4679-ae15-3a4f6e876c6f,calandreur en caoutchouc industriel/calandreuse en caoutchouc industriel,calandreur en caoutchouc industriel|opérateur de calandrage des matières plastiques/opératrice de calandrage des matières plastiques|opérateur de calandrage des matières plastiques|opératrice de calandrage des matières plastiques|calandreuse en caoutchouc industriel
http://data.europa.eu/esco/occupation/8b98dbc3-11f7-4720-86de-dcecee368be1,opérateur soufflage en matières plastiques/opératrice soufflage en matières plastiques,opérateur soufflage en matières plastiques|opérateur d’installation de moulage par soufflage|opératrice soufflage en matières plastiques|opérateur d’installation de moulage par soufflage/opératrice d’installation de moulage par soufflage|opératrice d’installation de moulage par soufflage
http://data.europa.eu/esco/occupation/8b8ae0a5-342c-43ae-b856-e1fea6fd6d1c,réparateur d’outils électriques/réparatrice d’outils électriques,technicien en réparation d’outils électriques|réparatrice d’outils électriques|technicienne en réparation d’outils électriques|réparateur d’outils électriques
http://data.europa.eu/esco/occupation/8d586ee9-0ab1-4155-a3b0-2ca786c8e48c,analyste financier/analyste financière,analyste financière|analyste financier
http://data.europa.eu/esco/occupation/8d3cc890-5902-4fac-9438-6098a3ee437c,opérateur sur machine de refoulage/opératrice sur machine de refoulage,opérateur sur machine de refoulage|opératrice sur machine de refoulage
http://data.europa.eu/esco/occupation/8b304664-ba25-45fe-a5bf-80c727943a86,directeur d’exploitation viticole/directrice d’exploitation viticole,directrice d'exploitation viticole|responsable d'exploitation viticole|directeur d'exploitation viticole
http://data.europa.eu/esco/occupation/8b6388a4-4904-471b-9331-d3b1211f5525,gestionnaire de projet informatique,gestionnaire de projet en technologies de l'information et de la communication|responsable de projet informatique|gestionnaire de projet TIC|directeur de projet informatique|cheffe de projet informatique|chef de projet informatique|directrice de projet informatique
http://data.europa.eu/esco/occupation/8cc90646-fc23-445f-a95f-e28e6b5d5a05,animateur touristique/animatrice touristique,animatrice touristique|animateur d'accueil de loisirs|animatrice d'accueil de loisirs|animateur touristique
http://data.europa.eu/esco/occupation/8bf76ba6-e661-4574-9887-4f2cb943835a,spécialiste des questions politiques,
http://data.europa.eu/esco/occupation/8d4ce4a2-3453-4aa3-befb-7a24595cd68f,convoyeur conducteur de fonds/convoyeuse conductrice de fonds,convoyeur conducteur de fonds|convoyeuse conductrice de fonds
http://data.europa.eu/esco/occupation/8d3e8aaa-791b-4c75-a465-f3f827028f50,infirmier de soins généraux/infirmière de soins généraux,infirmier en soins généraux|infirmier en soins généraux/infirmière en soins généraux|infirmière de soins généraux|infirmier de soins généraux|infirmière en soins généraux
http://data.europa.eu/esco/occupation/8b828b9f-e41a-48d1-9d35-2c4378279a79,coordonnateur de la conformité d’oléoducs/coordonnatrice de la conformité d’oléoducs,coordonnatrice de la conformité d’oléoducs|coordonnateur de la conformité d’oléoducs
http://data.europa.eu/esco/occupation/8afab6c4-6145-4ea1-a0ae-d2c3438bda7e,charpentier de marine/charpentière de marine,charpentier de marine|charpentière de marine
http://data.europa.eu/esco/occupation/8cf68522-dfc9-43c0-9f65-892703f4705e,technicien de balisage lumineux de piste/technicienne de balisage lumineux de piste,technicien de balisage lumineux de piste|technicienne de balisage lumineux de piste
http://data.europa.eu/esco/occupation/8c778238-98a4-4fec-a828-a4e978fb7a64,monteur de chapiteau/monteuse de chapiteau,monteur de chapiteau|monteuse de chapiteau
http://data.europa.eu/esco/occupation/8b2d562c-8407-49cd-9843-636c352b8c82,graveur sur métal/graveuse sur métal,graveur sur métal|graveuse sur métal
http://data.europa.eu/esco/occupation/8b26eec6-7497-4218-8364-9b5983b04ae7,attaché des services administratifs de la défense/attachée des services administratifs de la défense,attachée des services administratifs de la défense|attachée des services administratifs du ministère de la défense|attaché des services administratifs du ministère de la défense|attachée d'administration de la défense|attaché d'administration de la défense|attaché des services administratifs de la défense
http://data.europa.eu/esco/occupation/8befd482-70e2-4d1e-8a09-091e15fe85c3,instituteur en école Freinet/institutrice en école Freinet,instituteur en école Freinet|institutrice en école Freinet
http://data.europa.eu/esco/occupation/8b97d85f-4a7a-4908-aa72-9c947c0cb0cd,artisan créateur de tapis/artisane créatrice de tapis,artisan créateur de tapis|artisane créatrice de tapis
http://data.europa.eu/esco/occupation/8cce40c1-4479-47e7-b5fc-c976631d919f,attaché de direction/attachée de direction,attachée de direction|attaché de direction
http://data.europa.eu/esco/occupation/8c8b5cba-14b2-4728-b22c-eb90f1786e00,responsable de cabinet médical,
http://data.europa.eu/esco/occupation/8bc48c43-d976-458a-9e3c-ee784572351d,ingénieur en mécanique industrielle/ingénieure en mécanique industrielle,ingénieur mécanique industrielle/ingénieure mécanique industrielle|ingénieure en mécanique industrielle|ingénieur en mécanique industrielle|ingénieure mécanique industrielle|ingénieur mécanique industrielle
http://data.europa.eu/esco/occupation/8c57af09-719c-42b3-be40-6ed4946236cc,administrateur de base de données/administratrice de base de données,responsable des bases de données|administrateur de base de données|administrateur de données|administrateur de bases de données|administratrice de base de données|administratrice de bases de données|administratrice de données|gestionnaire de base de données
http://data.europa.eu/esco/occupation/8c8ec7a2-adbb-4d1a-9a56-a7048d66c00b,responsable des dispositifs de contrôle aérien et du respect du code de navigation,
http://data.europa.eu/esco/occupation/8c0f59c9-9a47-42e7-8287-aab19df4e6ab,ingénieur en microélectronique/ingénieure en microélectronique,ingénieur en microélectronique|ingénieure en microélectronique
http://data.europa.eu/esco/occupation/8bd74371-1818-47d5-a253-d703c51c5f26,réviseur/réviseuse,réviseuse|réviseur
http://data.europa.eu/esco/occupation/8d315e32-73f6-463d-a335-c200e0bac97d,professeur de sciences de la vie et de la Terre/professeure de sciences de la vie et de la Terre,professeure de sciences de la vie et de la Terre|professeur de biologie|professeur de sciences de la vie et de la Terre|professeur de biologie/professeure de biologie|professeure de biologie
http://data.europa.eu/esco/occupation/8c0cc417-6b09-4082-8062-2f0f7123a573,responsable import-export de machines et équipements de bureau,
http://data.europa.eu/esco/occupation/8bc845cb-0702-47e4-aabc-4036032b0a8d,agent maritime/agente maritime,employée de transit maritime|agent de transit maritime|agent maritime|agent consignataire de navire|agente maritime|employé de transit maritime|agente de transit maritime|consignataire maritime|agente consignataire de navire
http://data.europa.eu/esco/occupation/8b128a08-606f-4bb1-806e-07e0ed98b40e,enseignant-chercheur en astrophysique/enseignante-chercheuse en astrophysique,enseignante-chercheuse en astrophysique|enseignant-chercheur en astrophysique
http://data.europa.eu/esco/occupation/8b273f5e-bdc5-4b73-80bd-3e324a20309b,préparateur en fabrication de peintures/préparatrice en fabrication de peintures,préparatrice en fabrication de peintures|préparateur en fabrication de peintures
http://data.europa.eu/esco/occupation/8b490c1a-2f8c-4693-bcfa-ecfc88838a8e,inspecteur de moteurs en industrie automobile/inspectrice de moteurs en industrie automobile,inspectrice de moteurs en industrie automobile|inspecteur de moteurs en industrie automobile
http://data.europa.eu/esco/occupation/8c0524b8-f878-4c68-8293-698d07c1807c,"négociant grossiste en produits agricoles bruts, semences et aliments pour le bétail/négociante grossiste en produits agricoles bruts, semences et aliments pour le bétail","négociante grossiste en produits agricoles bruts, semences et aliments pour le bétail|négociant grossiste en produits agricoles bruts, semences et aliments pour le bétail"
http://data.europa.eu/esco/occupation/8bbac392-3d62-4c46-a56e-3f244fdda216,gérant de magasin de matériel orthopédique/gérante de magasin de matériel orthopédique,gérant de magasin de matériel orthopédique|responsable de magasin de matériel orthopédique|gérante de magasin de matériel orthopédique
http://data.europa.eu/esco/occupation/8c3f536e-ba66-4321-ba40-363dc39f129b,architecte,
http://data.europa.eu/esco/occupation/8cb59bc4-1f39-477e-beea-effed12d186c,rédacteur de documentation technique/rédactrice de documentation technique,gestionnaire de l'information technique|conceptrice-rédactrice|communicatrice technique|rédactrice technique|concepteur-rédacteur|communicateur technique|rédacteur de documentation technique|rédactrice de documentation technique|rédacteur technique|responsable de l'information technique
http://data.europa.eu/esco/occupation/8ae1e637-840b-4be0-a5df-8653375d8949,responsable d’installation de stockage de déchets,chef d'exploitation de centre d'enfouissement|responsable de collecte de déchets|responsable de site de réutilisation de déchets|responsable d'exploitation collecte de déchets|responsable de site de traitement des déchets
http://data.europa.eu/esco/occupation/8d2df08e-0b2e-4837-8096-66595bbaab15,agent de fabrication de courroies et bandes transporteuses/agente de fabrication de courroies et bandes transporteuses,technicien vulcanisateur-jonctionneur|agent de fabrication de courroies et bandes transporteuses|technicienne vulcanisatrice-jonctionneuse|technicien vulcanisateur-jonctionneur/technicienne vulcanisatrice-jonctionneuse|agente de fabrication de courroies et bandes transporteuses
http://data.europa.eu/esco/occupation/8d410283-865d-4cbb-acae-ac7f69d9cf26,ingénieur automobile/ingénieure automobile,ingénieur automobile|ingénieur en construction automobile/ingénieure en construction automobile|ingénieur en construction automobile|ingénieure automobile|ingénieure en construction automobile
http://data.europa.eu/esco/occupation/8d765d88-c8d6-406e-8dfe-e37c5aa89be6,ouvrier de plancher/ouvrière de plancher,ouvrier de plancher|ouvrière de plancher|ouvrière de plancher de forage|ouvrier de plancher de forage/ouvrière de plancher de forage|ouvrier de plancher de forage
http://data.europa.eu/esco/occupation/8e24c53a-9dc6-46d1-986b-48a93f20df2a,chef d’équipe en production horticole/cheffe d’équipe en production horticole,cheffe d'équipe en production horticole|chef d'équipe en production horticole|responsable d'équipe horticole
http://data.europa.eu/esco/occupation/8dded776-dc04-4099-a32c-7c5a41ee00e1,responsable de comptoir en location de matériel de génie civil,agent de comptoir en location de matériel BTP|agent de comptoir en location de matériel de chantier|agente de comptoir en location de matériel de chantier|agente de comptoir en location de matériel BTP|agent de comptoir en location de matériel de génie civil|agente de comptoir en location de matériel de génie civil
http://data.europa.eu/esco/occupation/8d703e8f-1e57-4246-8a6b-cb87a760d4ab,auxiliaire de vie sociale,déléguée sociale|délégué social
http://data.europa.eu/esco/occupation/8d9ec84d-cf2d-4179-87bc-335cda54a427,concepteur de bases de données /conceptrice de bases de données,concepteur de bases de données|conceptrice de bases de données|designer de base de données
http://data.europa.eu/esco/occupation/8ec8df02-e9dd-43b7-b416-5846ae0414ab,agent immobilier/agente immobilier,négociateur en immobilier|négociatrice en immobilier|négociateur immobilier|chasseuse immobilier|conseillère immobilier|agente immobilier|agent immobilier|chasseur immobilier|conseiller immobilier|négociatrice immobilier
http://data.europa.eu/esco/occupation/8de99659-5b10-4825-ac67-0c50189bcc3c,ingénieur recherche développement packaging/ingénieure recherche développement packaging,ingénieure recherche développement packaging|ingénieur recherche développement packaging
http://data.europa.eu/esco/occupation/8e185c49-704e-49c0-8584-a7e0b618f628,agent de prêts/agente de prêts,agent de prêts|agente de prêts
http://data.europa.eu/esco/occupation/8db28ebf-8818-4639-aa49-30324901836e,pharmacien spécialiste/pharmacienne spécialiste,pharmacien chargé du développement analytique|pharmacienne chargée du développement analytique|pharmacien affaires réglementaires/pharmacienne affaires réglementaires|pharmacien spécialiste|pharmacien affaires économiques|pharmacien affaires réglementaires|pharmacienne chef de produit|pharmacien affaires économiques/pharmacienne affaires économiques|pharmacien chef de produit/pharmacienne chef de produit|pharmacienne affaires économiques|pharmacienne affaires réglementaires|pharmacien chargé du développement analytique/pharmacienne chargée du développement analytique|pharmacien chef de produit|pharmacienne spécialiste
http://data.europa.eu/esco/occupation/8ec6b513-3d44-4e94-b187-d55734a587a4,négociateur en actions/négociatrice en actions,négociatrice en actions|négociateur en actions
http://data.europa.eu/esco/occupation/91373a70-79b6-47a2-aa50-07dfe20dd258,technicien en maintenance aéronautique/technicienne en maintenance aéronautique,technicien en maintenance aéronautique|technicienne en maintenance aéronautique
http://data.europa.eu/esco/occupation/9161b2df-624c-4f5e-ad6c-0392439fa5c3,opérateur d’extraction d’amidon/opératrice d’extraction d’amidon,technicienne d’extraction d’amidon|opératrice d’extraction d’amidon|opérateur d’extraction d’amidon|technicien d’extraction d’amidon|opérateur en extraction de l’amidon|opératrice en extraction de l’amidon
http://data.europa.eu/esco/occupation/903dc1bf-2da8-477d-83b2-687d360cf1da,consultant en médiation interculturelle/consultante en médiation interculturelle,médiateur interculturel/médiatrice interculturelle|consultante en médiation interculturelle|consultant en médiation interculturelle|médiateur interculturel|médiatrice interculturelle
http://data.europa.eu/esco/occupation/8f9b20ff-86b3-478c-8054-73a220973d6f,agent d’exploitation de transports guidés par câble/agente d’exploitation de transports guidés par câble,conducteur de télécabine/conductrice de télécabine|conducteur de téléphérique/conductrice de téléphérique|conductrice de funiculaire|conducteur de télécabine|agente d’exploitation de transports guidés par câble|conducteur de remontées mécaniques/conductrice de remontées mécaniques|conductrice de remontées mécaniques|conducteur de téléphérique|conductrice de télécabine|conducteur de télésiège/conductrice de télésiège|conducteur de téléski|agent d’exploitation de transports guidés par câble|conducteur de funiculaire|conducteur de télésiège|conductrice de téléphérique|conductrice de téléski|conducteur de remontées mécaniques|conductrice de télésiège|conducteur de téléski/conductrice de téléski|conducteur de funiculaire/conductrice de funiculaire
http://data.europa.eu/esco/occupation/8f324afc-6ae8-48f5-af68-0fac08024fd1,régisseur des collections/régisseuse des collections,régisseur des collections|régisseuse d'oeuvres|régisseur/régisseuse d'oeuvres|régisseuse des collections|régisseur d'oeuvres|régisseur des expositions/régisseuse des expositions|régisseuse des expositions|régisseur des expositions
http://data.europa.eu/esco/occupation/8f71761e-6fa5-4237-a240-4d0c7feff026,conducteur/conductrice de four à coke,conducteur de fours à coke|conductrice de fours à coke|conducteur de fours en cokerie|conductrice de fours en cokerie
http://data.europa.eu/esco/occupation/8fdce434-caaa-42c7-a77c-7ba8d1cbc4be,mouleur de cuve électrolytique/mouleuse de cuve électrolytique,mouleuse de cuve électrolytique|mouleur de cuve électrolytique
http://data.europa.eu/esco/occupation/8f654b67-89f8-4669-8c9c-a4875bf22699,conducteur de machines à coucher en industrie papetière/conductrice de machines à coucher en industrie papetière,conducteur de machines à coucher en industrie papetière|coucheuse-contrecolleuse|coucheur-contrecolleur|conductrice de machines à coucher en industrie papetière|conducteur de contrecolleuse en industrie papetière|conductrice de contrecolleuse en industrie papetière|coucheur-contrecolleur/coucheuse-contrecolleuse|conducteur de contrecolleuse en industrie papetière/conductrice de contrecolleuse en industrie papetière
http://data.europa.eu/esco/occupation/92bb3d8c-8a9f-4cd7-80ec-247bbf173004,ingénieur en matériel informatique/ingénieure en matériel informatique,ingénieure en matériel informatique|ingénieur en matériel informatique|ingénieur support/ingénieure support|ingénieure système|ingénieur système/ingénieure système|ingénieur support|ingénieur système|ingénieure support
http://data.europa.eu/esco/occupation/916d989e-0c5b-4c35-8d43-62ba65bebd30,spécialiste en import-export de matériel agricole,
http://data.europa.eu/esco/occupation/8f8455a9-d2ac-4f1c-ac83-4f4aa82b1eb7,vendeur de matériel orthopédique/vendeuse de matériel orthopédique,vendeur de matériel orthopédique|vendeuse de matériel orthopédique|vendeuse en bandagisterie|vendeur en bandagisterie
http://data.europa.eu/esco/occupation/91e35fd9-ac59-48ef-8416-c06a201b2da8,implanteur de cartes électroniques/implanteuse de cartes électroniques,implanteuse de cartes électroniques|dessinateur en CAO de cartes de circuits imprimés|implanteur de cartes électroniques|dessinatrice en CAO de cartes de circuits imprimés
http://data.europa.eu/esco/occupation/8f928d49-da89-4d07-9123-2151a4d276d4,chef de service déménagement,cheffe de service déménagement
http://data.europa.eu/esco/occupation/928dd410-c74b-4dab-94b8-fcbdcf541bd1,coupeur tailleur/coupeuse tailleuse,coupeuse tailleuse|coupeur tailleur
http://data.europa.eu/esco/occupation/92371348-ef8f-41ce-9666-c903b57cc8b4,opérateur ferroviaire de transport intermodal/opératrice ferroviaire de transport intermodal,opérateur ferroviaire de transport intermodal|opératrice ferroviaire de transport intermodal
http://data.europa.eu/esco/occupation/929ef41d-afd0-4d5a-b85b-69eab68fa368,assistant de cabinet juridique/assistante de cabinet juridique,assistante de cabinet juridique|assistant juridique|assistante juridique|assistant de cabinet juridique
http://data.europa.eu/esco/occupation/929b5c9d-2fbf-44f2-980d-2ac6c0dc212f,orthoprothésiste,oculariste|épithésiste|technicienne podo-orthésiste prothésiste|prothésiste-orthopédiste|technicien podo-orthésiste prothésiste|prothésiste-orthésiste
http://data.europa.eu/esco/occupation/91d0f74b-8612-49cc-a7da-83ee3c4b94d9,ingénieur industriel dans la fabrication d’articles en cuir/ingénieure industrielle dans la fabrication d’articles en cuir,ingénieure industrielle en maroquinerie|ingénieur industriel en maroquinerie|ingénieur industriel dans la fabrication d’articles en cuir|ingénieure industrielle dans la fabrication d’articles en cuir
http://data.europa.eu/esco/occupation/91ba2935-f5c9-426d-8573-997b8b91e5ed,professeur d’enseignement agricole/professeure d’enseignement agricole,professeur d’enseignement agricole|professeure d’enseignement agricole
http://data.europa.eu/esco/occupation/9358775a-3769-4327-bf25-6c0d9d69d192,directeur d'agence de voyage/directrice d’agence de voyage,responsable de voyagiste|responsable d’agence de voyage|directrice d’agence de voyage|directeur d'agence de voyage
http://data.europa.eu/esco/occupation/933d02c0-3dfa-418f-9c2d-470b525cc42c,"agent de sûreté aéroportuaire, mention «passagers»/agente de sûreté aéroportuaire, mention «passagers»","agent de sûreté fret|agente d'exploitation et de sûreté aéroportuaire|agente de sûreté aéroportuaire, mention ""passagers""|agent de sûreté aéroportuaire, mention ""passagers""|agent d'exploitation et de sûreté aéroportuaire|agente de sûreté fret"
http://data.europa.eu/esco/occupation/92cba6b4-8fca-49bb-b68c-45c5096fedc9,laveur de vitres/laveuse de vitres,laveuse de vitres|laveur de vitres
http://data.europa.eu/esco/occupation/92df4ee3-bce3-45f6-a693-597df1b96f43,écoutant social/écoutante sociale,écoutante sociale|écoutant social
http://data.europa.eu/esco/occupation/92dc335d-a116-416f-ad2b-257e5382e574,matelassier/matelassière,matelassier|matelassière
http://data.europa.eu/esco/occupation/92be1fac-97c4-4d4d-ada7-f6aa07d6f316,coordonnateur de liste d’attente/coordonnatrice de liste d’attente,coordonnatrice de liste d'attente|coordonnateur de liste d'attente
http://data.europa.eu/esco/occupation/934c3572-37f4-4cdd-a4a4-017f5f7809e4,assistant gérant de portefeuille/assistante gérante de portefeuille,assistante gérante de portefeuille|assistant gérant de portefeuille
http://data.europa.eu/esco/occupation/933a0762-1201-4855-909c-94403f6867a9,négociant grossiste en vaisselle et verrerie/négociante grossiste en vaisselle et verrerie,négociante grossiste en vaisselle et verrerie|négociant grossiste en vaisselle et verrerie|négociant grossiste en bois et matériaux de construction|négociante grossiste en bois et matériaux de construction
http://data.europa.eu/esco/occupation/92b7776f-5d90-413d-b05f-51e429e28346,employé de camping/employée de camping,préposé au camping|employée de camping|employé de camping|préposée au camping
http://data.europa.eu/esco/occupation/90a73720-642d-4f45-88e7-8f593a5e0df2,formateur technologies des transports/formatrice technologies des transports,formateur technologies des transports|formatrice technologies des transports
http://data.europa.eu/esco/occupation/90569478-805c-4d14-a1ba-e9c9c4ac2818,intervenant d’aide aux victimes/intervenante d’aide aux victimes,intervenante d'aide aux victimes|intervenant d'aide aux victimes|assistant de service social d'aide aux victimes|assistante de service social d'aide aux victimes|assistant de service social d'aide aux victimes/assistante de service social d'aide aux victimes
http://data.europa.eu/esco/occupation/8f10ea9b-bfdf-4a4c-9fa7-b6e02daa93e5,chef de partie pâtisserie,cheffe de partie pâtisserie|cuisinier spécialisé en pâtisserie|chef de la pâtisserie|cuisinière spécialisée en pâtisserie|cheffe de la pâtisserie
http://data.europa.eu/esco/occupation/92efb42f-6b0a-44d8-94ea-0141555e6c3b,géologue environnementaliste,géologue en environnement|écogéologue
http://data.europa.eu/esco/occupation/920c22e1-10a1-4afa-86b3-c43da8488391,enseignant-chercheur en travail social/enseignante-chercheuse en travail social,enseignante-chercheuse en travail social|enseignant-chercheur en travail social
http://data.europa.eu/esco/occupation/8f592e05-8035-4646-b33e-a4ea2c2314e3,opérateur finition articles cuir et matériaux souples/opératrice finition articles cuir et matériaux souples,pareuse en industrie du cuir et autres matériaux souples|bichonneuse cuir|pareur en industrie du cuir et autres matériaux souples|vernisseuse chaussures|vernisseur chaussures|bichonneur cuir|opératrice finition articles cuir et matériaux souples|opérateur finition articles cuir et matériaux souples
http://data.europa.eu/esco/occupation/8fc3d559-d61c-418c-ad4a-bf4c6b2909e3,agent de sécurité événementiel,stadière|agente de sécurité chargée de la surveillance du public|agent de sécurité événementiel|stadier|agent de sécurité chargé de la surveillance du public|agente de sécurité événementiel|stadiaire
http://data.europa.eu/esco/occupation/90f75f67-495d-49fa-ab57-2f320e251d7e,cuisinier/cuisinière,cuisinière|cuisinier|chef de partie
http://data.europa.eu/esco/occupation/8edc768c-0bc6-4d65-b559-50f9fb2cc93f,agent de fabrication de courroies trapézoïdales/agente de fabrication de courroies trapézoïdales,agent de fabrication de courroies trapézoïdales|agente de fabrication de courroies trapézoïdales
http://data.europa.eu/esco/occupation/9422c30d-c5ef-4fcc-a493-d67ee42189c0,électricien de marine/électricienne de marine,électricien de marine|électricienne de marine
http://data.europa.eu/esco/occupation/9388a977-6f79-4509-81aa-026bc49e1919,opérateur de chaîne de mise en conserve et en bouteille/opératrice de chaîne de mise en conserve et en bouteille,opératrice de chaîne de mise en conserve et en bouteille|technicienne de chaîne de mise en conserve et en bouteille|opérateur de chaîne de mise en conserves et en bouteilles|opératrice sur chaîne de mise en conserves et en bouteilles|technicien de chaîne de mise en conserve et en bouteille|opératrice de chaîne de mise en conserves et en bouteilles|opérateur sur chaîne de mise en conserves et en bouteilles|opérateur de chaîne de mise en conserve et en bouteille
http://data.europa.eu/esco/occupation/93a8bd5f-c268-46f5-8461-1138a9a96189,forgeron pilonnier/forgeronne pilonnière,forgeronne pilonnière|forgeron pilonnier
http://data.europa.eu/esco/occupation/93b11f0f-69af-4ece-b9da-f29aab7d38d3,ingénieur conception et développement de contenants/ingénieur conception et développement de contenants,ingénieure conception et développement de contenants|ingénieur conception et développement de contenants
http://data.europa.eu/esco/occupation/939e05ea-2589-4e3c-a501-eea2bdd6864a,conducteur de machines de tissage/conductrice de machines de tissage,conducteur de machines de tissage|conductrice de machines de tissage
http://data.europa.eu/esco/occupation/942211c1-b534-4a14-ae85-38ea44c2d14b,responsable d'équipe règlement sinistres en assurances,responsable de groupe sinistres en assurances
http://data.europa.eu/esco/occupation/93dfef83-579c-4bef-b0ba-d41ee9cbda85,exploitant de parc animalier/exploitante de parc animalier,exploitante de parc zoologique|exploitant de parc animalier|exploitant de parc zoologique|exploitante de parc animalier
http://data.europa.eu/esco/occupation/93e4e70b-aae4-4fdc-8037-e48e7077564e,responsable des transports et déplacements,responsable des transports de voyageurs|responsable des déplacements|responsable des transports et des infrastructures
http://data.europa.eu/esco/occupation/93aa611c-a58c-43ff-bc34-6e201dfdd0dd,patronnier/patronnière,patronnière|patronnier
http://data.europa.eu/esco/occupation/93f61216-b9c8-4051-bb1e-32839c1566c1,professeur de coiffure/professeure de coiffure,professeure de coiffure|professeur de coiffure
http://data.europa.eu/esco/occupation/94d94bd0-9ac3-4bd8-81c0-c3fdf551aa16,sculpteur/sculptrice,sculpteur|sculptrice
http://data.europa.eu/esco/occupation/96a0d8d3-d4a6-473d-80d6-b5dbadde940a,équipier polyvalent de restauration rapide/équipière polyvalente de restauration rapide,équipière polyvalente de restauration rapide|équipière de restauration rapide|équipier dans un fast-food|équipière dans un fast-food|équipier de restauration rapide|employée de fast-food|employé de fast-food|équipier polyvalent de restauration rapide
http://data.europa.eu/esco/occupation/9729c0f3-c9bc-482e-ac59-a82ec3b67ba3,opérateur de centre de données/opératrice de centre de données,opératrice de data centers|opérateur de centres informatiques|opératrice de centre de données de calcul|opératrice de centre de données|opératrice de centre de traitement de données|opérateur de centre de données de calcul|opérateur de data centers|opératrice de centres informatiques|opérateur de centre de données|opérateur de centre de traitement de données
http://data.europa.eu/esco/occupation/94e0bedd-e56e-42be-a5a4-b74a260f437c,chef de département,directrice de département|directeur de département|cheffe de département
http://data.europa.eu/esco/occupation/955ae83a-4d91-4db8-a5d6-bd489e5058df,mécanicien d’engins de mine/mécanicienne d’engins de mine,mécanicienne d’engins de mine|mécanicien d’engins de mine
http://data.europa.eu/esco/occupation/969f8af0-3c0d-403a-9c16-a6fb76c6b443,artiste conceptuel/artiste conceptuelle,artiste conceptuel|artiste conceptuelle
http://data.europa.eu/esco/occupation/9740933e-e04a-41f6-af1f-a6d58c7eb0ec,ingénieur en traitement de l’eau/ingénieure en traitement de l’eau,ingénieur en traitement de l’eau|ingénieure en traitement de l’eau
http://data.europa.eu/esco/occupation/96514fed-b9a9-4df3-ab0b-20676369297d,opérateur sur presse à caoutchouc et matières plastiques/opératrice sur presse à caoutchouc et matières plastiques,opérateur sur presse à caoutchouc et matières plastiques|opératrice sur presse à caoutchouc et matières plastiques
http://data.europa.eu/esco/occupation/95a6ecd2-a140-4861-aad7-dcb8cfc1c9a3,opérateur sur machine de découpage de matériaux/opératrice sur machine de découpage de matériaux,agent de découpage de matériaux|opératrice sur machine de découpage de matériaux|conducteur d’équipements de découpe/conductrice d’équipements de découpe|débiteur de matériaux/débitrice de matériaux|opérateur sur machine de découpage de matériaux|agent de découpage de matériaux/agente de découpage de matériaux|conductrice d’équipements de découpe|conducteur d’équipements de découpe|opératrice de découpe en métallurgie|opérateur de découpe en métallurgie/opératrice de découpe en métallurgie|débiteur de matériaux|opérateur de découpe en métallurgie|débitrice de matériaux|agente de découpage de matériaux
http://data.europa.eu/esco/occupation/96be6ac3-5932-4bfc-933d-84b267d0d486,gestionnaire de collections,
http://data.europa.eu/esco/occupation/952aa13c-731f-4add-98d1-66b59f70e607,transporteur d'animaux vivants/transporteuse d'animaux vivants,préposée au transport d'animaux vivants|transporteur animalier|agent de transport d'animaux vivants|transporteuse d'animaux vivants|transporteur d'animaux vivants|préposé au transport d'animaux vivants|agente de transport d'animaux vivants|transporteuse animalière
http://data.europa.eu/esco/occupation/949f1dc9-fb19-4212-8ac6-35ce83c88921,technicien prompteur/technicienne prompteur,souffleur/souffleuse|technicienne prompteur|technicien prompteur|régisseur artistique|souffleur|régisseuse artistique|souffleuse|régisseur artistique/régisseuse artistique
http://data.europa.eu/esco/occupation/9711dcfc-d9a8-4fba-9c5e-8428d8bcb53e,formateur linguistique/formatrice linguistique,formatrice linguistique|formateur linguistique
http://data.europa.eu/esco/occupation/9653fb92-ad48-4865-a471-f270302fa93b,Agent commercial ferroviaire/agente commerciale ferroviaire,agent commercial ferroviaire|agente commerciale ferroviaire
http://data.europa.eu/esco/occupation/96e20037-0a25-4bf6-a25e-808d1605d890,concepteur d’interface utilisateur/conceptrice d’interface utilisatrice,conceptrice d'interface|concepteur IU|concepteur d'interface utilisateur|concepteur d'interface|conceptrice d'interface utilisatrice|designer d'interface|conceptrice IU
http://data.europa.eu/esco/occupation/95cda6a9-a70a-4a93-9442-11d573cb4a02,maïeuticien/sage-femme,sage-femme|homme sage-femme
http://data.europa.eu/esco/occupation/95f56fc4-99f9-49da-b942-1dfbc857e933,chef de cabine,cheffe de cabine
http://data.europa.eu/esco/occupation/9703fe09-51fd-4d00-a2a1-99ba809521ac,gérant de magasin d'articles de sport et d'extérieur/gérante de magasin d'articles de sport et d'extérieur,gérant de magasin d'articles de sport et d'extérieur|responsable magasin articles sportifs et d'extérieur|gérante de magasin d'articles de sport et d'extérieur|responsable de magasin d'accessoires de sport et d'extérieur|responsable de magasin d'article de sport et d'extérieur
http://data.europa.eu/esco/occupation/952c766a-db5c-42b2-809d-d14cbb02cdb6,opérateur de traitement du lait/opératrice de traitement du lait,ouvrier en traitement du lait|ouvrière en traitement du lait|responsable du traitement du lait|opératrice de traitement du lait|technicien de traitement du lait|opérateur de traitement du lait|spécialiste en traitement du lait|technicienne de traitement du lait
http://data.europa.eu/esco/occupation/951b9d94-9bf1-4771-877d-3a26b75d9e53,layout man/layout woman,layout man|layout woman
http://data.europa.eu/esco/occupation/961cbd1f-2a9b-4756-b227-67a1c23c94b6,caissier de casino/caissière de casino,caissier de casino|caissière de casino
http://data.europa.eu/esco/occupation/95a89206-4dc8-4753-a5d9-bc14a0e5f7ca,garnisseur/garnisseuse,tapissière garnisseuse|tapissier garnisseur|garnisseuse|garnisseur
http://data.europa.eu/esco/occupation/95da5e1b-cc1e-46bd-96c4-81d4f7003080,assembleur d’ouvrages en bois/assembleuse d’ouvrages en bois,assembleuse d’ouvrages en bois|agente de montage d’ouvrages en bois|agent de montage d’ouvrages en bois|assembleur d’ouvrages en bois|chef d’équipe de montage d’ouvrages en bois|opératrice de montage d’ouvrages en bois|opérateur de montage d’ouvrages en bois
http://data.europa.eu/esco/occupation/972ef593-89c3-468b-aad5-81bc575feb58,responsable import-export de machines en industrie textile,
http://data.europa.eu/esco/occupation/96186698-f79d-423a-9652-a2a58085d5f1,peintre sur bois,
http://data.europa.eu/esco/occupation/94adbb11-1c90-4092-ae91-781e8a55865d,courtier affrètement maritime/courtière affrètement maritime,courtier affrètement maritime|courtière affrètement maritime
http://data.europa.eu/esco/occupation/9581c837-fee7-4068-9618-1116fd93d723,assistant d’ingénieur/assistante d’ingénieur,assistante d'ingénieur|assistant d’ingénieur
http://data.europa.eu/esco/occupation/95324a4a-a5ea-4d89-8ede-4422ccb46a28,technicien/technicienne biochimiste,technicien biochimiste|technicienne biochimiste
http://data.europa.eu/esco/occupation/96e139de-0756-45ad-b512-f7c2109a72b1,superviseur assemblage en industrie aéronautique/superviseuse assemblage en industrie aéronautique,superviseur assemblage en industrie aéronautique|superviseuse assemblage en industrie aéronautique
http://data.europa.eu/esco/occupation/96430121-2757-4e96-9d6f-7517b25db4f7,gardien de maison/gardienne de maison,gardienne de maison|gardien de maison
http://data.europa.eu/esco/occupation/9487f835-b5a9-4742-8ecf-35520911e28c,masseur kinésithérapeute/masseuse kinésithérapeute,masseuse kinésithérapeute|masseur kinésithérapeute
http://data.europa.eu/esco/occupation/95cd3d64-20d0-4681-857d-d6c63d07349f,maître-brasseur/maître-brasseuse,brasseuse|maître-brasseur|chef caviste|maître-brasseuse|chef de cave|brasseur
http://data.europa.eu/esco/occupation/949ed945-f697-415e-b4c5-51d8abf7cfdf,ingénieur en nanotechnologie/ingénieure en nanotechnologie,ingénieure en nanotechnologie|ingénieur en nanotechnologie
http://data.europa.eu/esco/occupation/95d8f19e-f62b-443f-ac53-324ea8f98cf5,responsable import-export de céramique et verrerie,
http://data.europa.eu/esco/occupation/96c870c0-f93a-43c3-9ce4-1fe9e737fece,"responsable de la logistique distribution de machines, équipements industriels, navires et aéronefs",
http://data.europa.eu/esco/occupation/949ab84f-5d76-4139-a568-45691b7ebc53,responsable diversité et inclusion,responsable égalité des chances et inclusion|responsable égalité et diversité
http://data.europa.eu/esco/occupation/95d0a616-a4a9-4f56-a8fb-4de43cdb4c82,travailleur social spécialiste en aide familiale/travailleuse sociale spécialiste en aide familiale,travailleur social spécialiste en aide familiale|travailleuse sociale spécialiste en aide familiale
http://data.europa.eu/esco/occupation/95d69048-3a4b-4cce-a155-584aaecfe403,superviseur assemblage articles chaussants/superviseuse assemblage articles chaussants,superviseuse assemblage articles chaussants|superviseur assemblage articles chaussants
http://data.europa.eu/esco/occupation/949bccd9-e1d2-4c57-b787-53b451aa1354,vannier spécialiste du mobilier/vannière spécialiste du mobilier,rotinière spécialiste du mobilier|vannier spécialiste du mobilier|vannière spécialiste du mobilier|rotinier spécialiste du mobilier
http://data.europa.eu/esco/occupation/976f752c-5f10-42ca-84fb-89aa529af04f,conducteur accompagnateur de personnes à mobilité réduite/conductrice accompagnatrice de personnes à mobilité réduite,chauffeuse dans un service de transport adapté|conducteur-accompagnateur/conductrice-accompagnatrice|chauffeuse accompagnatrice de personnes à mobilité réduite|conducteur-accompagnateur|conductrice-accompagnatrice|conducteur accompagnateur de personnes à mobilité réduite|conducteur de transport médico-sanitaire non urgent|conductrice de transport médico-sanitaire non urgent|chauffeur dans un service de transport adapté/chauffeuse dans un service de transport adapté|chauffeur accompagnateur de personnes à mobilité réduite/chauffeuse accompagnateur de personnes à mobilité réduite|conductrice accompagnatrice de personnes à mobilité réduite|chauffeur dans un service de transport adapté|conducteur de transport médico-sanitaire non urgent/conductrice de transport médico-sanitaire non urgent|chauffeur accompagnateur de personnes à mobilité réduite
http://data.europa.eu/esco/occupation/974d4eab-fbee-4c52-b16e-73bdd8c25b53,avocat/avocate,avocat pénaliste|avocate pénaliste|avocat|avocate  en droit de l'informatique|avocate|avocat en droit de la propriété industrielle/avocate en droit de la propriété industrielle|avocat  en droit de l'informatique/avocate  en droit de l'informatique|avocat fiscaliste/avocate fiscaliste|avocat du droit des personnes|avocat pénaliste/avocate pénaliste|avocat en droit de la propriété industrielle|avocat fiscaliste|avocate en droit de la propriété industrielle|avocate du droit des personnes|avocat  en droit de l'informatique|avocat du droit des personnes/avocate du droit des personnes|avocate fiscaliste
http://data.europa.eu/esco/occupation/976c739f-fec7-45c2-b12e-e1b496aa816b,conducteur de déchiqueteuse/conductrice de déchiqueteuse,conductrice de déchiqueteuse|conducteur de déchiqueteuse|opératrice de déchiqueteuse|opérateur de déchiqueteuse|opérateur de déchiqueteuse/opératrice de déchiqueteuse
http://data.europa.eu/esco/occupation/9757122b-1161-4f4a-8286-a603d4ad7012,opérateur de distillerie/opératrice de distillerie,ouvrier en distillerie|ouvrière en distillerie|opérateur de distillerie|technicien de distillerie|opératrice de distillerie|technicienne de distillerie
http://data.europa.eu/esco/occupation/97896345-d102-4549-97a5-8851979e6938,potier/potière,potier|céramiste|potière céramiste|potier céramiste|potière
http://data.europa.eu/esco/occupation/976cbfcc-8958-4800-a435-71d15405a42a,enseignant spécialisé/enseignante spécialisée,enseignante spécialisée|enseignant spécialisé
http://data.europa.eu/esco/occupation/9766cc19-5a64-4b3c-a741-71561285a419,enseignant-chercheur en anthropologie/enseignante-chercheuse en anthropologie,enseignante-chercheuse en anthropologie|enseignant-chercheur en anthropologie
http://data.europa.eu/esco/occupation/976c7f50-7f9e-4347-bbb9-f0dc842046a3,psychologue de la santé,psychologue clinicien de la santé|psychologue clinicienne de la santé|psychologue clinicien de la santé/clinicienne de la santé
http://data.europa.eu/esco/occupation/974494ee-5f32-4eec-9950-9d431e902dc1,vendeur en boucherie/vendeuse en boucherie,vendeuse en tripperie|vendeur en boucherie|vendeur en boucherie-charcuterie|vendeur en charcuterie|vendeuse en boucherie|vendeuse en charcuterie|vendeur en tripperie|vendeuse en en boucherie-charcuterie
http://data.europa.eu/esco/occupation/97467934-a220-41ca-96df-36fc85258c47,gérant de librairie/gérante de librairie,responsable de librairie|gérant de librairie|gérante de librairie
http://data.europa.eu/esco/occupation/9a2147aa-a72f-4f83-8653-c3f50d4e1e73,interprète en langue des signes,
http://data.europa.eu/esco/occupation/990738f4-587c-4045-a10f-e3c1c019220e,opérateur de machine à blocs de béton/opératrice de machine à blocs de béton,opérateur de machine à blocs de béton|opératrice de machine à blocs de béton
http://data.europa.eu/esco/occupation/98358049-fbcd-479e-a644-e92bde5af2e0,chargé de campagne/chargée de campagne,chargée de campagne|lobbyiste|chargé de campagne
http://data.europa.eu/esco/occupation/9980a417-f990-495a-ae11-66a112737f3b,opérateur de traitement thermique du verre/opératrice de traitement thermique du verre,recuiseuse|recuiseur
http://data.europa.eu/esco/occupation/98c429ad-128e-467e-803a-9a6dc1ceed72,monteur en pneumatique/monteuse en pneumatique,monteur en pneumatique|monteuse en pneumatique
http://data.europa.eu/esco/occupation/98af7387-3974-457a-aa57-5397d1ea3949,paysagiste d’intérieur,jardinier d'intérieur|employé paysagiste d'intérieur|jardinière d'intérieur|paysagistes d'intérieurs|employée paysagiste d'intérieur
http://data.europa.eu/esco/occupation/99ebf2c2-1811-4c77-b2e6-7008cba29ea0,technicien vétérinaire/technicienne vétérinaire,technicienne vétérinaire|technicien vétérinaire|technicien animalier|technicien animalière|technicien des services vétérinaires|technicienne des services vétérinaires|technicien en santé animale|technicienne en santé animale
http://data.europa.eu/esco/occupation/99492920-e5a5-4dba-9e5a-93193147198c,économiste,spécialiste d'économie politique
http://data.europa.eu/esco/occupation/98164d70-93a8-409c-aa9f-7d56314f4d7f,mortaiseur/mortaiseuse,mortaiseur|mortaiseuse
http://data.europa.eu/esco/occupation/9a4ba556-e72b-49c2-834c-d6a03a2fc906,pilote d’avion,
http://data.europa.eu/esco/occupation/9851c83c-5670-4da0-964a-1ef0e682e30b,chercheur en thanatologie/chercheuse en thanatologie,chercheuse en thanatologie|chercheur en thanatologie
http://data.europa.eu/esco/occupation/97b3cab1-f4f0-41ed-8c80-e65e6c067e95,technicien gaz/technicienne gaz,technicien gaz|technicienne gaz
http://data.europa.eu/esco/occupation/97d65832-3817-4ded-946b-cfc4a0237b9a,responsable de production cuirs et peaux,
http://data.europa.eu/esco/occupation/99b096eb-a628-4e69-a79b-0563f2ed1b93,scripte,assistante scripte|assistant scripte|scripte télévision|scripte cinéma
http://data.europa.eu/esco/occupation/998a0bf4-b1be-42ab-aee5-0096c9be3319,technicien en ingénierie de la qualité/technicienne en ingénierie de la qualité,technicienne en ingénierie de la qualité|technicien en ingénierie de la qualité
http://data.europa.eu/esco/occupation/9a26d76b-b9e3-46ae-ab4b-057a1262138b,enseignant référent pour la scolarisation des élèves handicapés/enseignante référente pour la scolarisation des élèves handicapés,enseignant référent/enseignante référente|enseignant référent à la scolarisation des élèves handicapés|enseignante référente|enseignant référent à la scolarisation des élèves handicapés/enseignante référente à la scolarisation des élèves handicapés|enseignante référente pour la scolarisation des élèves handicapés|ERSEH|enseignant référent pour la scolarisation des élèves handicapés|enseignant référent|enseignante référente à la scolarisation des élèves handicapés
http://data.europa.eu/esco/occupation/98e58946-3227-4f6c-a5d1-5892fe76883d,technicien SAV/technicienne SAV,technicienne SAV|technicien du service après-vente/technicienne du service après-vente|technicienne du service après-vente|technicien du service après-vente|technicien SAV
http://data.europa.eu/esco/occupation/978ae3a2-0831-415a-8396-b84dde656fc5,tailleur/tailleuse,tailleur|tailleuse
http://data.europa.eu/esco/occupation/990bfa45-5001-4365-93b6-daf01a03b4cd,désamianteur/désamianteuse,désamianteuse|désamianteur
http://data.europa.eu/esco/occupation/9a39a143-d93c-4093-ba3b-47fb67ade318,agent administratif d’assurances/agente administrative d’assurances,agente administrative d’assurances|agent administratif d’assurances
http://data.europa.eu/esco/occupation/9a7e780a-b778-4a5a-b4eb-309d394d313d,enseignant-chercheur en littérature/enseignante-chercheuse en littérature,enseignante-chercheuse en littérature|enseignant-chercheur en littérature|enseignant-chercheur en littérature comparée|enseignant-chercheur en littérature comparée/enseignante-chercheuse en littérature comparée|enseignante-chercheuse en littérature comparée
http://data.europa.eu/esco/occupation/98fa571c-dc8f-438f-909f-f426ec322c72,négociant grossiste en machines-outils/négociante grossiste en machines-outils,négociant grossiste en machines-outils|négociante grossiste en machines-outils
http://data.europa.eu/esco/occupation/97dadd59-d1cb-4fef-81a7-d92eb15572e2,soudeur par point/soudeuse par point,soudeuse par point|soudeur par point
http://data.europa.eu/esco/occupation/985400a7-362f-4f91-941a-2e149d94ac2a,sommelier en bière/sommelière en bière,sommelier en bières|sommelière en bière|sommelier en bière|garçon de café|spécialiste en bières|sommelière en bières|caviste|spécialiste en bière
http://data.europa.eu/esco/occupation/980c52f3-0054-45b1-a6f1-20ee8a1e8b9e,gérant de magasin de vêtements/gérante de magasin de vêtements,gérant de boutique de vêtements|responsable de magasin de vêtements|responsable de boutique de vêtements|gérant de magasin de vêtements|gérante de boutique de vêtements|gérante de magasin de vêtements
http://data.europa.eu/esco/occupation/97dd9a0c-dd6b-416d-9537-655a08dd2895,facteur de pianos/factrice de pianos,factrice de pianos|facteur de pianos
http://data.europa.eu/esco/occupation/9905cc76-d48b-49b1-94ab-17becb30be1a,enseignant-chercheur en sciences des aliments/enseignante-chercheuse en sciences des aliments,enseignant-chercheur en sciences des aliments|enseignante-chercheuse en sciences des aliments
http://data.europa.eu/esco/occupation/98c3d8f8-e3a8-49b7-9e58-236f25a6f6a0,configurateur de systèmes/configuratrice de systèmes,configuratrice systèmes|configuratrice système|configuratrice de systèmes|configurateur systèmes|configurateur de système informatique|configurateur système|configuratrice de système informatique|configurateur de systèmes
http://data.europa.eu/esco/occupation/9a20c93e-a345-4a46-a406-9ffbf11daeef,responsable service gestion des déchets,responsable service gestion des déchets
http://data.europa.eu/esco/occupation/98588703-5f5c-41c6-a240-3411b6518b83,spécialiste en import-export de produits pharmaceutiques,
http://data.europa.eu/esco/occupation/9a903a4a-282d-4724-a7de-1918b41d2965,contrôleur qualité des assemblages en véhicules automobiles/contrôleuse qualité des assemblages en véhicules automobiles,contrôleur qualité des assemblages en véhicules automobiles|contrôleuse qualité des assemblages en véhicules automobiles
http://data.europa.eu/esco/occupation/983c2816-a339-4817-97f4-151a9ff3e64d,responsable du service des dossiers médicaux,
http://data.europa.eu/esco/occupation/98b261ec-def2-4871-b062-56cdd290c844,assistant de service social de la défense/ assistante de service social de la défense,assistant de service social de la défense|assistante de service social de la défense
http://data.europa.eu/esco/occupation/9a6d8a84-a8a9-4c9b-9ead-59a710e93759,professeur de vente et marketing de la voie professionnelle/professeure de vente et marketing de la voie professionnelle,professeur de vente et marketing (voie professionnelle)/professeure de vente et marketing (voie professionnelle)|professeur de vente et marketing (voie professionnelle)|professeure de vente et marketing (voie professionnelle)|professeure de vente et marketing de la voie professionnelle|professeur de vente et marketing de la voie professionnelle
http://data.europa.eu/esco/occupation/994fe880-dc26-4f0f-a3cd-500709b6a665,ingénieur mécanique de précision/ingénieure mécanique de précision,ingénieur en mécanique de précision|ingénieure en mécanique de précision|ingénieur en mécanique de précision/ingénieure en mécanique de précision|ingénieure mécanique de précision|ingénieur mécanique de précision
http://data.europa.eu/esco/occupation/98f9909b-016d-4c62-90ae-893b0cbabbca,gérant de librairie papeterie/gérante de librairie papeterie,gérante de librairie papeterie|responsable de librairie papeterie|gérant de librairie papeterie
http://data.europa.eu/esco/occupation/9967986b-570d-4db1-a179-aad7d1623ea8,responsable d’exploitation aéroportuaire,directrice d'aérodrome|directrice d'exploitation aéroportuaire|directeur d'exploitation aéroportuaire|responsable des opérations d'exploitation aéroportuaire|directeur d'aérodrome
http://data.europa.eu/esco/occupation/98f17395-0f8c-4f51-9072-cb8f66fd6044,chargé de mission en agriculture/chargée de mission en agriculture,chargée de mission en agriculture|chargé de mission en agriculture
http://data.europa.eu/esco/occupation/98ad0008-13d9-4e9b-94bf-4f4a5faae764,responsable de l'organisation des circulations ferroviaires,
http://data.europa.eu/esco/occupation/99d97310-29ea-443e-96a1-892c8d86ce54,"spécialiste en import-export de meubles, de tapis et d’appareils d’éclairage",
http://data.europa.eu/esco/occupation/9ae8251e-cb8e-4324-9d77-d967d43e6b46,opérateur de purification des graisses/opératrice de purification des graisses,préposé à la purification des graisses|employé à la purification des graisses|préposée à la purification des graisses|purificateur de graisses|opérateur de purification des graisses|employée à la purification des graisses|purificatrice de graisses|opératrice de purification des graisses
http://data.europa.eu/esco/occupation/9af5fd79-d76e-4343-bc13-ff2d172aec62,mannequin,mannequine|mannequin mode|mannequin publicité|mannequin vedette|mannequin grandes tailles|mannequin photo
http://data.europa.eu/esco/occupation/9ab02537-920a-4549-9711-fd999fd40c28,technicien de maintenance de distributeurs automatiques/technicienne de maintenance de distributeurs automatiques,technicien de maintenance de distributeurs automatiques|agent de maintenance de distributeurs automatiques/agente de maintenance de distributeurs automatiques|technicienne de maintenance de distributeurs automatiques|agent de maintenance de distributeurs automatiques|agente de maintenance de distributeurs automatiques
http://data.europa.eu/esco/occupation/9aeefea6-11c3-4479-b703-902ee84787d7,opérateur de transformation de produits laitiers/opératrice de transformation de produits laitiers,technicien de transformation de produits laitiers|technicienne de transformation des produits laitiers|technicienne de transformation de produits laitiers|opératrice de transformation de produits laitiers|opérateur de transformation des produits laitiers|technicien de transformation des produits laitiers|opératrice de transformation des produits laitiers|opérateur de transformation de produits laitiers
http://data.europa.eu/esco/occupation/9ac10bde-93a0-4570-afc2-e2b6cf46d8d2,technicien lumière/technicienne lumière,technicien lumière|technicienne lumière
http://data.europa.eu/esco/occupation/9ab0f0db-1128-4050-becd-b09db5eabdaa,classeur-archiviste/classeuse-archiviste,classeuse-archiviste|classeur-archiviste
http://data.europa.eu/esco/occupation/9aa2a36f-296e-45fe-9798-b7839e0ed389,technicien électricien de la recherche scientifique/technicienne électricienne de la recherche scientifique,technicien électricien de la recherche scientifique|technicienne électricienne de la recherche scientifique
http://data.europa.eu/esco/occupation/9a99a5fe-875d-49b2-9b53-cc1b73be1659,agent commercial en gare/agente commerciale en gare,agente commerciale en gare|agent commercial en gare
http://data.europa.eu/esco/occupation/9aa2115d-83cb-4db1-af1d-b426c87c2393,conseiller d’insertion et de probation/conseillère d’insertion et de probation,conseiller d'insertion et de probation|conseillère d'insertion et de probation
http://data.europa.eu/esco/occupation/9ab80ce6-504f-474f-bb91-98163e9d45fd,cuisinier diététicien/cuisinière diététicienne,cuisinière diététicienne|cuisinier diététicien
http://data.europa.eu/esco/occupation/9c9752b7-3e3b-4a08-8553-b63a013f8072,responsable de l’expérience client,gestionnaire de la satisfaction client|responsable de la satisfaction client|responsable de la relation clientèle|gestionnaire de l’expérience client
http://data.europa.eu/esco/occupation/a001cf0d-b0eb-420a-a110-9408448ba8b8,carrier fendeur de fond/carrière fendeuse de fond,fendeuse de pierre|fendeuse de granit|fendeuse de roches|fendeur de fond/fendeuse de fond|fendeur de fond|fendeuse de fond|fendeur de granit|fendeur de pierre/fendeuse de pierre|fendeur de roches/fendeuse de roches|carrière fendeuse de fond|fendeur de pierre|fendeur de rochers|carrier fendeur de fond|fendeur de granit/fendeuse de granit
http://data.europa.eu/esco/occupation/a02a1117-212f-4a49-b21a-d3b971e00e48,pizzaiolo,cuisinier spécialisé en pizzas|cuisinière des pizzas|cuisinière spécialisée en pizzas|personne qui confectionne les pizzas|cuisinier des pizzas
http://data.europa.eu/esco/occupation/9e285322-2cfa-430f-9b66-41be57d698e2,consultant en affaires publiques/consultante en affaires publiques,conseiller en affaires publiques/conseillère en affaires publiques|conseillère en affaires publiques|consultant en affaires publiques|consultante en affaires publiques|conseiller en affaires publiques|lobbyiste
http://data.europa.eu/esco/occupation/9e2e6e1e-363b-4e1b-a673-7bc0f7343300,administrateur de systèmes informatiques/administratrice de systèmes informatiques,administrateur de systèmes TIC|administratrice de systèmes informatiques|administrateur de systèmes informatiques|administrateur de systèmes des technologies de l'information et de la communication|administrateur système|administratrice systèmes|administrateur systèmes|administratrice système
http://data.europa.eu/esco/occupation/9b51a2d2-999a-43a6-a814-63dd30a585fa,inspecteur de l’éducation nationale/inspectrice de l’éducation nationale,inspectrice de l’éducation nationale|inspecteur de l’éducation nationale
http://data.europa.eu/esco/occupation/9dbbeb2c-0d51-4c03-8ef6-8dfa7360db22,second mécanicien/seconde mécanicienne,second mécanicien|seconde mécanicienne
http://data.europa.eu/esco/occupation/9d2aae3e-cbfe-409f-86cc-7cef9cd0435a,superviseur de centre de contacts/superviseuse de centre de contacts,superviseur de centre de contacts|superviseuse de centre de contacts
http://data.europa.eu/esco/occupation/9efbe0de-37c0-4cc2-a1e6-a916eb4ecaa2,artisan papetier/artisane papetière,artisan papetier|artisane papetière
http://data.europa.eu/esco/occupation/9f508305-80ce-4111-8722-f2c9b4a44890,chef de produit,chef de groupe produits|cheffe de produit|responsable de produit|cheffe de groupe produits|responsable de gamme produits
http://data.europa.eu/esco/occupation/9b35eab1-2adc-4057-a620-181862656a19,agent d’accueil en office de tourisme/agente d’accueil en office de tourisme,employée d’agence touristique|agent d'accueil en office de tourisme|agent d'office touristique|employée d’office de tourisme|employé d’office de tourime|agente d'accueil en office de tourisme|employé d’agence touristique|agente d'office touristique
http://data.europa.eu/esco/occupation/9e657046-67ce-4e16-ab2e-ddb918638910,formateur aux technologies de l'information et de la communication/formatrice aux technologies de l'information et de la communication,enseignante en TIC|formateur aux technologies de l'information et de la communication|formatrice en informatique|formateur aux TIC|enseignante des technologies de l'information et de la communication|enseignant en TIC|formatrice aux TIC|formatrice aux technologies de l'information et de la communication|enseignant des technologies de l'information et de la communication|formateur en informatique
http://data.europa.eu/esco/occupation/9b3c6dd8-4d3b-4a12-8bb8-55bb2e92c3a6,acheteur-décorateur/acheteuse-décoratrice,acheteuse-décoratrice|acheteur-décorateur
http://data.europa.eu/esco/occupation/9cee6106-04cf-401a-ae4c-b4b8652d6915,chef de train,cheffe de train|contrôleuse de train|contrôleur de train|accompagnatrice de train|accompagnateur de train
http://data.europa.eu/esco/occupation/a005f8a2-2d8a-433e-8d89-13575f822fd4,directeur de l'efficacité énergétique/directrice de l'efficacité énergétique,directrice de l'efficacité énergétique|directeur de l'efficacité énergétique|responsable efficacité énergétique|directrice de la politique énergétique|directeur de la politique énergétique
http://data.europa.eu/esco/occupation/9c57263e-a38f-4c45-9265-a3c3e7cc2c5c,brossier/brossière,brossière|brossier
http://data.europa.eu/esco/occupation/9bf4c8ea-e814-4772-ae31-0f29672dc497,capitaine,
http://data.europa.eu/esco/occupation/9b889f07-c39c-464d-b9d9-b2daa650f9ac,médecin spécialiste,
http://data.europa.eu/esco/occupation/9e81adde-9983-44fa-b74b-c548d0dbfbdd,directeur de magasin/directrice de magasin,directrice de magasin|responsable de boutique|directeur de magasin
http://data.europa.eu/esco/occupation/9ebaf3f0-0be0-47b7-b2b1-b3b04130fa81,développeur de jeux numériques/développeuse de jeux numériques,développeur de jeux numériques|développeuse de jeux en ligne|conceptrice de jeux vidéos|développeur de jeux vidéo|développeur de jeux virtuels|développeur de jeux en ligne|conceptrice de jeux numériques|développeuse de jeux numériques|développeuse de jeux sur Internet|développeuse de jeux vidéo|concepteur de jeux vidéos|concepteur de jeux numériques|développeur de jeux sur Internet|développeuse de jeux virtuels
http://data.europa.eu/esco/occupation/9ce12690-c3bf-4135-b7a5-b666bb8c68f5,technicien de levés miniers/technicienne de levés miniers,géomètre minière|géomètre minier|technicienne de levés miniers|technicien de levés miniers
http://data.europa.eu/esco/occupation/9f686e81-c236-42cb-b848-1918eb36e16a,opérateur de lieuse de feuilles de tabac/opératrice de lieuse de feuilles de tabac,préparateur du tabac|opérateur de lieuse de feuilles de tabac|opératrice de lieuse de feuilles de tabac|préparatrice du tabac
http://data.europa.eu/esco/occupation/9e4269d5-e10e-4f49-ac99-65c833f933a2,gouverneur de la banque centrale/gouverneure de la banque centrale,gouverneure de la banque nationale|gouverneur de la banque centrale|gouverneure de la banque centrale|gouverneur de la banque nationale
http://data.europa.eu/esco/occupation/9c3cdf9a-f62f-4d73-bb8d-4cfc85c2d271,marin-pompier/marin-pompière,marin-pompière|pompière-plongeuse|pompier-plongeur|marin-pompier
http://data.europa.eu/esco/occupation/9fcce643-276b-435f-aa94-4516c2414686,responsable de la logistique distribution de déchets et débris,
http://data.europa.eu/esco/occupation/9f12704c-5e6c-47b0-a866-3b92663e6a4b,gestionnaire des ressources matérielles,responsable des ressources matérielles|directeur des ressources matérielles|directrice des ressources matérielles
http://data.europa.eu/esco/occupation/9c61bba4-56b7-4846-9f4e-b1f2decf3e7e,intervenant sur alarme/intervenante sur alarme,intervenante sur alarme|intervenant sur alarme
http://data.europa.eu/esco/occupation/9e1a31bf-2963-40f4-95af-cedc3fbac537,enseignant d’arts appliqués de la voie professionnelle/enseignante d’arts appliqués de la voie professionnelle,enseignant d’arts appliqués de la voie professionnelle|enseignante d’arts appliqués de la voie professionnelle
http://data.europa.eu/esco/occupation/9af8907f-56a7-4170-83b1-3c6ba0997cfa,cartographe géomaticien/cartographe géomaticienne,technicienne Systèmes d’Information Géographique|technicien Systèmes d’Information Géographique|ingénieur Systèmes d’Information Géographique/ingénieure Systèmes d’Information Géographique|ingénieure Systèmes d’Information Géographique|technicien Systèmes d’Information Géographique/technicienne Systèmes d’Information Géographique|ingénieur Systèmes d’Information Géographique|cartographe géomaticienne|cartographe géomaticien
http://data.europa.eu/esco/occupation/9db7d74c-b46d-45c0-b611-6bcb7456ecc6,responsable de la recherche informatique,responsable de la recherche en TIC|directrice de la recherche en TIC|directeur de la recherche en TIC|directeur de la recherche en technologies de l'information et de la communication|directrice de la recherche en technologies de l'information et de la communication|responsable de la recherche en technologies de l'information et de la communication
http://data.europa.eu/esco/occupation/9cda1c7c-ba07-4381-b831-1bb346ff865f,conseiller conjugal/conseillère conjugale,conseiller conjugal et familial|conseillère conjugale|conseiller conjugal|conseillère conjugale et familiale|conseiller conjugal et familial/conseillère conjugale et familiale|thérapeute de couple
http://data.europa.eu/esco/occupation/9c55aa23-e3f2-4c00-8c90-5ed5204951a3,assistant de vie auprès de personnes handicapées/assistante de vie auprès de personnes handicapées,assistante de vie auprès de personnes handicapées|aide médico-psychologique|assistant de vie auprès de personnes handicapées
http://data.europa.eu/esco/occupation/9e1e8379-6377-4969-b141-0d2337218fc9,coordonnateur du développement économique/coordonnatrice du développement économique,coordonnateur du développement économique|coordonnatrice du développement économique
http://data.europa.eu/esco/occupation/a04eedcf-8424-475a-8dc5-f30a9da4b151,commissaire aux comptes,auditeur légal|auditrice légale|auditeur légal/auditrice légale
http://data.europa.eu/esco/occupation/9e47c727-5718-48f1-a567-6a4c09397a21,aérodynamicien/aérodynamicienne,ingénieur en aérodynamique/ingénieure en aérodynamique|ingénieure en aérodynamique|aérodynamicien|aérodynamicienne|ingénieur en aérodynamique
http://data.europa.eu/esco/occupation/9defc0f8-3eed-4a56-80e1-d534983aff4f,superviseur de démolisseurs/superviseuse de démolisseurs,responsable de démolisseurs-récupérateurs matériaux BTP|contremaîtresse de gravatiers|contremaître de gravatiers|cheffe d'équipe d'ouvriers en démolition|superviseuse de démolisseurs|chef d'équipe d'ouvriers en démolition|superviseur de démolisseurs
http://data.europa.eu/esco/occupation/9faaae26-804d-48f3-97b0-84f7e1aceae8,responsable import-export de boissons,
http://data.europa.eu/esco/occupation/9ba74e8a-c40c-4228-9998-eb3c7a5c11df,vendeur/vendeuse,personnel de vente|hôtesse de vente|vendeuse|conseiller|conseillère|vendeur|conseiller-vendeur|assistant de vente|assistante de vente|conseillère-vendeuse|hôte de vente
http://data.europa.eu/esco/occupation/9deee896-be9b-4aac-b55e-ceff1a7a843a,responsable de réseaux d'assainissement,gestionnaire de réseaux d'assainissement
http://data.europa.eu/esco/occupation/9beeb1f0-5aca-4bde-bae9-c74ddb94fac3,gérant de magasin de tissus/gérante de magasin de tissus,gérant de magasin de tissus|responsable de magasin de tissus|gérante de magasin de tissus|gérante de magasin de textiles|responsable de boutique de textiles|gérant de magasin de textiles
http://data.europa.eu/esco/occupation/a10eb17a-3c78-4f7a-a1da-8f31146339d3,aide jardinier/aide jardinière,aide jardinier|aide jardinière
http://data.europa.eu/esco/occupation/a0f9903e-2ba5-4b9d-bb0a-a8646db15221,opérateur extrusion en métallurgie/opératrice extrusion en métallurgie,opératrice extrusion en métallurgie|opérateur extrusion en métallurgie
http://data.europa.eu/esco/occupation/a0ebd342-8f89-4947-893d-fee9468cf001,artificier spectacles pyrotechniques/artificière spectacles pyrotechniques,artificier spectacles pyrotechniques|artificière spectacles pyrotechniques
http://data.europa.eu/esco/occupation/a05d0a6d-7b60-445a-8dcb-282c7d5a6852,responsable de sécurité civile et de secours,cheffe de colonne de secours|chef de colonne de secours
http://data.europa.eu/esco/occupation/a10222e7-1940-4ca3-86c1-99b115535969,vendeur en matériel audiovisuel/vendeuse en matériel audiovisuel,vendeuse en matériel hi-fi|vendeur en matériel audio-vidéo|vendeuse en matériel audio-vidéo|vendeur en matériel audiovisuel|vendeuse en matériel audiovisuel|vendeur en matériel hi-fi
http://data.europa.eu/esco/occupation/a0872ef2-ecf2-476d-8390-3e81ae45a411,négociant grossiste en appareils électroménagers/négociante grossiste en appareils électroménagers,négociante grossiste en appareils électroménagers|négociant grossiste en appareils électroménagers
http://data.europa.eu/esco/occupation/a142a645-6e9e-4d86-accd-9816df857c90,styliste maroquinerie,
http://data.europa.eu/esco/occupation/a1273779-d2d4-4708-a406-62f7cdd26aab,ingénieur hygiène et sécurité/ingénieure hygiène et sécurité,"ingénieure HSE|ingénieur HSE/ingénieure HSE|ingénieure hygiène et sécurité|ingénieur hygiène et sécurité|ingénieur hygiène, sécurité et environnement|ingénieur HSE|ingénieure hygiène, sécurité et environnement|ingénieur hygiène, sécurité et environnement/ingénieure hygiène, sécurité et environnement"
http://data.europa.eu/esco/occupation/a10849c1-f0d8-4600-bca6-9549c2517650,professeur d’éducation physique et sportive/professeure d’éducation physique et sportive,professeur d’EPS|professeure d’EPS|professeur d’EPS/professeure d’EPS|professeur d’éducation physique et sportive|professeure d’éducation physique et sportive
http://data.europa.eu/esco/occupation/a092cb70-f3e3-4224-98a3-b97c0114de77,inspecteur en santé environnementale/inspectrice en santé environnementale,inspectrice en santé environnementale|inspecteur en santé environnementale
http://data.europa.eu/esco/occupation/a1acd539-c359-4af3-8a4a-07f1b611e368,attrapeur de volaille/attrapeuse de volaille,attrapeur de poules|attrapeur de volaille|attrapeur de poulets|attrapeuse de poules|attrapeuse de volaille|attrapeuse de poulets
http://data.europa.eu/esco/occupation/a2fa73d0-7e51-456f-95c6-90f126f52ab8,régulateur du réseau ferré/régulatrice du réseau ferré,responsable de circulation du réseau ferroviaire|opérateur de circulation du réseau ferroviaire/opératrice de circulation du réseau ferroviaire|répartiteur du réseau ferroviaire|régulateur du réseau ferré|répartiteur du réseau ferroviaire/répartitrice du réseau ferroviaire|opératrice de circulation du réseau ferroviaire|répartitrice du réseau ferroviaire|opérateur de circulation du réseau ferroviaire|régulatrice du réseau ferré
http://data.europa.eu/esco/occupation/a44a1dc5-be08-4840-8bd5-770c4ac1ca6d,technicien en sécurité informatique/technicienne en sécurité informatique,technicienne en sécurité des TIC|technicien en sécurité informatique|technicien en sécurité des technologies de l'information et de la sécurité|technicienne en sécurité informatique|agente de sécurité informatique|responsable de la sécurité informatique|agent de sécurité informatique|technicien en sécurité des TIC|technicienne en sécurité des technologies de l'information et de la sécurité
http://data.europa.eu/esco/occupation/a14e96a7-6c4d-4d69-8c6f-7ccadf77bac5,responsable de formation,
http://data.europa.eu/esco/occupation/a2b81132-2147-4c8e-b250-e6290ed906ea,inspecteur enquêteur d’assurances/inspectrice enquêteuse d’assurances,enquêteuse assurance maladie|inspecteur enquêteur d'assurances|enquêteur assurance maladie|inspectrice enquêteuse d'assurances
http://data.europa.eu/esco/occupation/a47f82d3-4cf7-4abf-bb36-2c8cbad28234,journaliste,
http://data.europa.eu/esco/occupation/a241eff8-309b-43ae-8890-ac4cfbd3067c,pilote d’installations de transformation chimique,
http://data.europa.eu/esco/occupation/a28dff76-74df-46ee-929f-d1fffbb63cd7,responsable de l’assurance qualité informatique,directeur de l'AQ informatique|responsable de l'assurance qualité des TIC|directrice de l'AQ informatique|cheffe de l'assurance qualité des TIC|chef de l'assurance qualité des TIC|responsable de l'assurance qualité des technologies de l'information et de la communication|responsable AQ informatique
http://data.europa.eu/esco/occupation/a429e4fe-22c6-4cb5-89ef-ca4d5b4d0363,installateur de systèmes de dégivrage en aéronautique/installatrice de systèmes de dégivrage en aéronautique,installatrice de systèmes de dégivrage en aéronautique|installateur de systèmes de dégivrage en aéronautique
http://data.europa.eu/esco/occupation/a1d0eb6b-20ac-4a2c-a7c1-9b016ea92b24,voyant/voyante,diseuse de bonne aventure|diseur de bonne aventure|voyant|voyante
http://data.europa.eu/esco/occupation/a1b86a8b-ad91-4192-b386-bbf89bb11699,hôte d’accueil dans un restaurant/hôtesse d’accueil dans un restaurant,hôtesse d'accueil dans un restaurant|hôte d'accueil dans un restaurant|hôte de restaurant|hôtesse de restaurant
http://data.europa.eu/esco/occupation/a1cf1406-3632-494c-bff3-0bd5d5327d8f,agent recenseur/agente recenseuse,agente recenseuse|agent recenseur
http://data.europa.eu/esco/occupation/a1e1a788-2352-4172-8fcf-1f985a6968b0,esthéticien/esthéticienne,esthéticien|esthéticienne
http://data.europa.eu/esco/occupation/a2abd144-2a36-45ea-919c-1fcc6ebc5d45,poseur de papiers peints/poseuse de papiers peints,poseuse de papiers peints|poseur de papiers peints
http://data.europa.eu/esco/occupation/a2494c65-11a8-4853-9371-c89333c33be1,conseiller spécialisé d'ambassade/conseillère spécialisée d'ambassade,conseiller d'ambassade|conseillère spécialisée d'ambassade|conseillère d'ambassade|conseiller spécialisé d'ambassade
http://data.europa.eu/esco/occupation/a2dee758-72f5-4f1c-b760-f2b8e9d81911,ramoneur/ramoneuse,âtrière fumiste|ramoneuse|ramoneur|fumiste|âtrier fumiste
http://data.europa.eu/esco/occupation/a1c9f8b7-c4ce-4b15-ac3c-3378c300d8f2,fraiseur/fraiseuse,fraiseur|opératrice sur machine à fraiser|opérateur sur machine à fraiser|fraiseuse
http://data.europa.eu/esco/occupation/a377fafb-7e6e-4925-bc64-8099b58aafb8,ingénieur réseaux d’évacuation/ingénieure réseaux d’évacuation,ingénieur réseaux d’évacuation|ingénieure réseaux d’évacuation
http://data.europa.eu/esco/occupation/a198de8c-24b1-4002-982f-a57ae6d6c19c,courtier en assurances/courtière en assurances,mandataire en assurances|agent général d'assurances|courtière en assurances|agente générale d'assurances|courtier en assurances
http://data.europa.eu/esco/occupation/a4869ae9-2dfe-48cc-bd97-f803880f3407,dessinateur/dessinatrice,opératrice en conception assistée par ordinateur (CAO)|dessinatrice|dessinateur|opérateur en conception assistée par ordinateur (CAO)
http://data.europa.eu/esco/occupation/a1b4eb5e-45d4-441b-a7e8-795ac5cf6fbf,fabricant de signalétique/fabricante de signalétique,fabricante de signalétique|fabricant de signalétique
http://data.europa.eu/esco/occupation/a330b7b6-696e-455c-b6d5-f39f82c1489f,responsable de systèmes aquacoles en recirculation,
http://data.europa.eu/esco/occupation/a2a126ac-d90d-4e9f-97d1-9b8dff2ff946,torréfacteur/torréfactrice,opératrice de machine à torréfaction en chef|opérateur de machine à torréfaction en chef|torréfieuse de café en chef|torréfactrice|opérateur de machine à torréfier en chef|opératrice de machine à torréfier en chef|chef torréfieur de café|torréfacteur|chef torréfieuse de café|torréfieur de café en chef
http://data.europa.eu/esco/occupation/a36c14e6-ed96-467d-8390-6f9cf47ac350,enseignant-chercheur en histoire/enseignante-chercheuse en histoire,enseignante-chercheuse en histoire|enseignant-chercheur en histoire
http://data.europa.eu/esco/occupation/a30734bb-2f10-4747-a94c-75f5ec3c63a4,brancardier/brancardière,brancardier|brancardière
http://data.europa.eu/esco/occupation/a464015d-a622-44aa-a4fe-bf01e412e120,contrôleur qualité des assemblages en construction navale/contrôleuse qualité des assemblages en construction navale,contrôleur qualité des assemblages en construction navale|contrôleuse qualité des assemblages en construction navale
http://data.europa.eu/esco/occupation/a2ff6cc3-15fa-4f02-a457-8fd5df7aa29e,responsable logistique intermodale,
http://data.europa.eu/esco/occupation/a273ec4c-96fd-48e5-9343-695a6bd08512,technicien tissage/technicienne tissage,technicienne tissage|technicien tissage
http://data.europa.eu/esco/occupation/a2bc52c2-9802-4929-a95c-6379d9f19204,responsable d'atelier finissage cuir,
http://data.europa.eu/esco/occupation/a41acf2b-fb87-496f-aec3-7c5fdc5e9211,inspecteur du contrôle de conformité en gestion des déchets industriels/inspectrice du contrôle de conformité en gestion des déchets industriels,inspectrice en contrôle de conformité en gestion des déchets industriels|inspecteur du contrôle de conformité en gestion des déchets industriels
http://data.europa.eu/esco/occupation/a256838b-0843-4ad2-a2fb-4531f94e63d8,chef privé/chef privée,chef privé|cheffe cuisinière privée|chef cuisinière privée|chef cuisinier privé|chef privée|cheffe privée
http://data.europa.eu/esco/occupation/a1ba7574-cc28-446c-9741-12d7fbb325cb,chargé de mission marché du travail/chargée de mission marché du travail,chargé de mission marché du travail|chargée de mission marché du travail
http://data.europa.eu/esco/occupation/a424aa0f-b3f1-41fb-901f-85e05fed83ed,paysagiste,paysagiste|spécialiste paysagiste|ingénieure paysagiste|architecte paysagiste|ingénieur paysagiste
http://data.europa.eu/esco/occupation/a1b32703-a2e5-4e0a-910f-7cdd0293b52d,animateur spécialisé - activités de plein air/animatrice spécialisée - activités de plein air,monitrice de plongée|moniteur de plongée|animatrice spécialisée - activités de plein air|animateur spécialisé - activités de plein air|monitrice de parapente|moniteur de parapente
http://data.europa.eu/esco/occupation/a1ccbfc4-3afd-4408-8e5a-41832cdef511,négociant grossiste en textiles et matières premières textiles et produits semi-finis/négociante grossiste en textiles et matières premières textiles et produits semi-finis,négociant grossiste en textiles et matières premières textiles et produits semi-finis|négociante grossiste en textiles et matières premières textiles et produits semi-finis
http://data.europa.eu/esco/occupation/a1da839e-9b70-4032-bb83-820790e77003,responsable de comptoir en location de camions,agente de comptoir en location de camions|agent de comptoir en location de camions
http://data.europa.eu/esco/occupation/a3ef0728-7540-4676-ad18-cf0a7913b3ce,préposé des douanes/préposée des douanes,agente déclarante en douane|préposé des douanes|préposée des douanes|agente de constatation des douanes et droits indirects|agent de constatation des douanes et droits indirects|agent déclarant en douane
http://data.europa.eu/esco/occupation/a20e4b15-a128-49b9-a06a-e790e3bd5c68,sommelier en chef /sommelière en chef,sommelière en chef|chef sommelier|chef sommelière|sommelier en chef
http://data.europa.eu/esco/occupation/a317e9c2-62d5-4a24-8ad4-5cb7b9db3f3b,expert physiothérapeute/experte physiothérapeute,experte physiothérapeute|expert physiothérapeute
http://data.europa.eu/esco/occupation/a48b9a5a-5ded-482d-8cda-7fd097a32c16,agent d’entretien des espaces verts/agente d’entretien des espaces verts,ouvrier d'entretien des espaces verts|technicien paysagiste|technicienne paysagiste|ouvrier des espaces verts|ouvrier paysagiste|ouvrière paysagiste|agente d'entretien des espaces verts|ouvrière des espaces verts|ouvrière d'entretien des espaces verts|agent d'entretien des espaces verts
http://data.europa.eu/esco/occupation/a504e79e-f146-4773-a1cf-2b15b9d614db,déménageur conducteur de poids lourd/déménageuse conductrice de poids lourd,chauffeur de camion de déménagement|déménageuse conductrice de poids lourd|chauffeur de camion de déménagement/chauffeuse de camion de déménagement|chauffeuse de camion de déménagement|déménageur conducteur de poids lourd
http://data.europa.eu/esco/occupation/a491c5c1-e126-4414-9ac9-3625a4a79513,garde-chasse,
http://data.europa.eu/esco/occupation/a4c5fb46-1d72-47de-b349-f579a0f1edfb,chef d’équipe de gréement,
http://data.europa.eu/esco/occupation/a4dd6eae-ca75-456f-829d-333671a7c186,aumônier/aumônière,aumônière|aumônier
http://data.europa.eu/esco/occupation/a50d64e7-2dba-4418-81a7-92b2ba2e508f,carreleur spécialisé en terrazzo/carreleuse spécialisée en terrazzo,carreleur spécialisé en granito|carreleuse spécialisée en granito|carreleuse spécialisée en terrazzo|carreleur spécialisé en terrazzo
http://data.europa.eu/esco/occupation/a4e96a0c-3a49-4cd3-a45c-ff081c28405d,calfateur,
http://data.europa.eu/esco/occupation/a4ab8347-782f-4ca1-940d-44ffea256ebf,opérateur de machine de moulage de disques optiques/opératrice de machine de moulage de disques optiques,opérateur de fabrication de disques optiques/opératrice de fabrication de disques optiques|opératrice de machine de moulage de disques optiques|opérateur de fabrication de disques optiques|opératrice de fabrication de disques optiques|opérateur de machine de moulage de disques optiques
http://data.europa.eu/esco/occupation/a486b6eb-207c-4aae-ad0b-397d0744b16f,négociant grossiste en mobilier de bureau/négociante grossiste en mobilier de bureau,négociant grossiste en mobilier de bureau|négociante grossiste en mobilier de bureau
http://data.europa.eu/esco/occupation/a49e1479-90c4-41d2-871b-ac58ebc4894b,responsable de la logistique distribution d'articles ménagers,
http://data.europa.eu/esco/occupation/a79170ad-0b7b-4697-864f-1748359aa10a,responsable des produits informatiques,cheffe de produits de technologie de l'information et de la communication|chef de produits de technologie de l'information et de la communication|responsable des produits de TIC|responsable des produits de technologie de l'information et de la communication|cheffe de produit informatique|chef de produit informatique|cheffe de produit TIC|chef de produit TIC
http://data.europa.eu/esco/occupation/a67721a6-a95d-4c3b-a48c-f9920941ecd1,dresseur/dresseuse,dresseuse|dresseur|opératrice sur machine à dresser|opérateur sur machine à dresser
http://data.europa.eu/esco/occupation/a6af318e-8a3a-4266-a1ef-cf7afe588201,producteur de houblon/productrice de houblon,producteur de houblon|productrice de houblon
http://data.europa.eu/esco/occupation/a655aff1-e5e9-4c64-bc85-b902568a3dfb,artiste d’art-performance,performer|multiartiste
http://data.europa.eu/esco/occupation/a5245c01-4ca8-406e-a152-620c28530ea8,raboteur / raboteuse,opérateur sur raboteuse|raboteuse|raboteur|opératrice sur raboteuse
http://data.europa.eu/esco/occupation/a63733fa-f7ff-4733-8961-1ec4eeaab00b,conservateur du patrimoine/conservatrice du patrimoine,archéologue|archiviste|conservateur du patrimoine|conservatrice du patrimoine
http://data.europa.eu/esco/occupation/a78d8e2b-fe31-447f-8694-38ed7198d143,taxidermiste,poseuse décoratrice en conservation animale|technicien en ostéologie-moulage|naturaliste-taxidermiste|technicienne en ostéologie-moulage|poseur décorateur en conservation animale
http://data.europa.eu/esco/occupation/a8d05b64-f60b-4dd9-91c2-e2e63d82f2f5,consul/consule,consule générale|consule honoraire|consul honoraire|consul|consul général|consule
http://data.europa.eu/esco/occupation/a51ab2e2-aaa9-4d7d-a747-bff2e276636a,opérateur de four de traitement thermique/opératrice de four de traitement thermique,chargeuse de four de traitement thermique|conductrice de four de traitement thermique|opératrice de four de traitement thermique|chargeur de four de traitement thermique|opérateur de four de traitement thermique|conducteur de four de traitement thermique
http://data.europa.eu/esco/occupation/a5826284-14fb-4866-b9be-69ce69db1b71,responsable d'élevage aquacole,technicien en aquaculture|responsable d'élevage piscicole|technicienne en aquaculture
http://data.europa.eu/esco/occupation/a7c1d23d-aeca-4bee-9a08-5993ed98b135,développeur de systèmes informatiques/développeuse de systèmes informatiques,développeuse système TIC|développeuse de systèmes informatiques|développeur système|développeuse système|développeur de systèmes informatiques|développeur système TIC|développeuse de systèmes de technologies de l'information et de la communication|développeur de systèmes de technologies de l'information et de la communication
http://data.europa.eu/esco/occupation/a8c7004a-e59c-4a4d-9092-2cb4533ffe58,ouvrier aquacole en écloserie/ouvrière aquacole en écloserie,ouvrière aquacole en écloserie|ouvrier aquacole en écloserie
http://data.europa.eu/esco/occupation/a79d9e58-36be-4e67-a4db-ea6c8ff445fc,chef de rayon,cheffe de rayon
http://data.europa.eu/esco/occupation/a645b7e5-dfa8-4cce-938f-2d6395a6b51d,technicien de fabrication d’articles en cuir/technicienne de fabrication d’articles en cuir,technicien de fabrication d’articles en cuir|technicienne de fabrication d'articles en cuir
http://data.europa.eu/esco/occupation/a6517365-211c-456d-aca4-1a0115c7b1e1,concepteur de services d'enseignement en ligne/conceptrice de services d'enseignement en ligne,architecte de formation en ligne|architecte d'e-apprentissage|architecte d'apprentissage en ligne|conceptrice de systèmes de formation en ligne|architecte de services d'apprentissage en ligne|architecte AL|concepteur de services d'enseignement en ligne|conceptrice de services d'enseignement en ligne|architecte d'elearning|concepteur de systèmes de formation en ligne
http://data.europa.eu/esco/occupation/a632fb74-ef49-4f4a-9777-b7df54a0f897,agent de nettoyage des extérieurs des bâtiments/agente de nettoyage des extérieurs des bâtiments,agent de nettoyage des extérieurs des bâtiments|agente de nettoyage des extérieurs des bâtiments
http://data.europa.eu/esco/occupation/a784b063-89cf-441b-9624-deed9dbdeae6,peintre pour les équipements de transport,
http://data.europa.eu/esco/occupation/a59feab2-9bc9-4b25-97cf-995998164502,technicien vidéo/technicienne vidéo,technicien vidéo|technicienne vidéo
http://data.europa.eu/esco/occupation/a6a0b60f-08da-4faa-bf54-942987efb471,analyste de système informatique,analyste système TIC|analyste système|analyste de systèmes de technologies de l'information et de la communication
http://data.europa.eu/esco/occupation/a74f6c51-37e5-423e-aa5b-044e98663027,administrateur de contenu web/administratrice de contenu web,administrateur du contenu Internet|administratrice des contenus Internet|administratrice des contenus en ligne|gestionnaire du contenu web|administratrice du contenu Internet|administratrice de contenu web|administratrice du contenu web|administrateur de contenu web|administrateur du contenu web|administrateur des contenus en ligne|administrateur des contenus Internet
http://data.europa.eu/esco/occupation/a7358961-46d4-4715-ac1e-6148fd042510,ingénieur environnement/ingénieure environnement,responsable en environnement|responsable du développement durable|ingénieur environnement|ingénieur écologue|responsable environnement sur site industriel|ingénieur écologue/ingénieure écologue|ingénieure environnement|ingénieure écologue
http://data.europa.eu/esco/occupation/a7f63810-a21a-4e7e-8aa2-6637d14ea3c1,agent administratif judiciaire/agente administrative judiciaire,agente administrative judiciaire|agent administratif judiciaire
http://data.europa.eu/esco/occupation/a77bc925-c441-42f2-92d4-666b103fc025,fabricant de palettes en bois/fabricante de palettes en bois,fabricant de palettes en bois|fabricante de palettes en bois
http://data.europa.eu/esco/occupation/a580e79a-b752-49c1-b033-b5ab2b34bfba,dentiste spécialiste,orthodontiste|parodontiste|endodontiste|pédodontiste
http://data.europa.eu/esco/occupation/a603fdd9-31e7-424a-883a-e9f6bf88085a,superviseur de charpentiers en structures métalliques/superviseuse de charpentiers en structures métalliques,superviseur de charpentiers en structures métalliques|responsable de poseurs en structures métalliques|chef de chantier montage de structures métalliques|contremaître de monteurs en structures métalliques|contremaîtresse de monteurs en structures métalliques|superviseuse de charpentiers en structures métalliques|cheffe de chantier montage de structures métalliques
http://data.europa.eu/esco/occupation/a7594892-ff23-4e2a-aedf-2f967ebca15c,directeur des ventes/directrice des ventes,directeur des ventes|directrice des ventes|responsable des ventes|chef des ventes|cheffe des ventes
http://data.europa.eu/esco/occupation/a5dc92b4-9712-4bc5-a08a-f6efa07b855f,ingénieur sciences et techniques des équipements agricoles/ingénieure sciences et techniques des équipements agricoles,ingénieure agronome spécialité sciences et techniques des agroéquipements|ingénieur agronome spécialité sciences et techniques des agroéquipements/ingénieure agronome spécialité sciences et techniques des agroéquipements|ingénieure sciences et techniques des équipements agricoles|ingénieur agronome spécialité sciences et techniques des agroéquipements|ingénieur sciences et techniques des équipements agricoles
http://data.europa.eu/esco/occupation/a70315e3-ae41-44a9-9fe5-7fe668469ee0,"responsable import-export de meubles, tapis et appareils d’éclairage",
http://data.europa.eu/esco/occupation/a659968d-0804-4357-bc60-735e4d41e65c,superviseur de production en articles chaussants/superviseuse de production en articles chaussants,superviseur de production en articles chaussants|superviseuse de production en articles chaussants
http://data.europa.eu/esco/occupation/a7d6a377-3d3b-41cf-9301-f4a0a7ad3d96,responsable de production agroalimentaire,directeur de production alimentaire|responsable de production alimentaire|directrice de production alimentaire|directeur de production agroalimentaire|directrice de production agroalimentaire
http://data.europa.eu/esco/occupation/a7a74a05-3dd0-46c6-99af-92df8042520c,microbiologiste,chercheur en microbiologie|ingénieur de recherche en microbiologie|ingénieure de recherche en microbiologie|chercheur en microbiologie/chercheuse en microbiologie|virologue|bactériologiste|chercheuse en microbiologie|ingénieur de recherche en microbiologie/ingénieure de recherche en microbiologie
http://data.europa.eu/esco/occupation/a7198837-139d-49c7-8fd0-eb8d8c1ee844,ostéopathe,
http://data.europa.eu/esco/occupation/a7c1431b-a27c-4ab5-ace2-3f8753b481da,monteur-assembleur en équipements photographiques et optiques/monteuse-assembleuse en équipements photographiques et optiques,monteur-assembleur en équipements photographiques et optiques|monteuse-assembleuse en équipements photographiques et optiques
http://data.europa.eu/esco/occupation/a76a05bb-e04d-4be8-953e-1ffd691dd58d,assistant social en santé mentale/assistante sociale en santé mentale,travailleur social en hygiène mentale|travailleuse sociale en hygiène mentale|assistant social en santé mentale|assistante sociale en santé mentale|travailleur social en hygiène mentale/travailleuse sociale en hygiène mentale
http://data.europa.eu/esco/occupation/a8ccc522-f57d-4800-a821-2e5c910e8301,agent de laboratoire en métallurgie/agente de laboratoire en métallurgie,agent d’analyse chimique en métallurgie|agente d’analyse chimique en métallurgie
http://data.europa.eu/esco/occupation/a5a4e4d6-e705-4b38-96b5-225f8ab01f2c,négociant grossiste en quincaillerie et fournitures pour la plomberie et le chauffage/négociante grossiste en quincaillerie et fournitures pour la plomberie et le chauffage,négociant grossiste en quincaillerie et fournitures pour la plomberie et le chauffage|négociante grossiste en quincaillerie et fournitures pour la plomberie et le chauffage
http://data.europa.eu/esco/occupation/a527f263-0feb-4d55-b416-0577e9dc7847,responsable de comptoir en location d’articles de loisirs et de sport,agente de comptoir en location d'articles de loisirs et de sport|agent de comptoir en location d'articles de loisirs et de sport
http://data.europa.eu/esco/occupation/a79e7622-2307-44e2-94cc-d1ff1caf655a,coordonnateur de programmes pour les jeunes/coordinatrice de programmes pour les jeunes,coordonnateur de programmes pour la jeunesse|coordonnateur de programmes pour les jeunes|coordonnatrice de programmes pour les jeunes|coordonnatrice de programmes pour la jeunesse
http://data.europa.eu/esco/occupation/a9bcc9e0-5be7-47a0-818b-acad10fe90d9,technicien en physique/technicienne en physique,technicien en mesures physiques et essais|technicienne en physique|technicien en physique|technicienne en mesures physiques et essais
http://data.europa.eu/esco/occupation/a9068f84-cecd-4cbb-9acb-e20c714435ec,cimentier enduiseur/cimentière enduiseuse,maçon finisseur|cimentière enduiseuse|cimentier enduiseur|maçonne finisseuse
http://data.europa.eu/esco/occupation/a99b38bc-6e71-4bef-b127-0f2b5e357815,responsable de la résilience informatique,responsable risque opérationnel et résilience informatique|responsable de la résilience TIC
http://data.europa.eu/esco/occupation/a98f93a6-b1df-4759-88a9-3234f334afad,imprimeur sérigraphe/imprimeuse sérigraphe,imprimeur sérigraphe|imprimeuse sérigraphe
http://data.europa.eu/esco/occupation/a9b20949-897b-481f-8642-d1f69263baff,chef d’équipe de maintenance industrielle,
http://data.europa.eu/esco/occupation/a945757e-e171-46a9-847a-13cf04f7cd27,opérateur de scie à ruban/opératrice de scie à ruban,conducteur de ligne de sciage bois/conductrice de sciage bois|opératrice de scie à ruban|conductrice de scie à ruban|opérateur de sciage bois|conducteur de scie à ruban/conductrice de scie à ruban|conducteur de scie à ruban|conducteur de ligne de sciage bois|opérateur de scie à ruban|opératrice de sciage bois|conductrice de ligne de sciage bois
http://data.europa.eu/esco/occupation/a9a41b21-8dd4-476f-96c7-85733fa63d3b,médiateur social auprès des populations « migrants »/médiatrice sociale auprès des populations « migrants »,médiateur social auprès des populations « migrants »|médiatrice sociale auprès des populations « migrants »
http://data.europa.eu/esco/occupation/a950e88b-cb5e-4a7d-8a94-3f9460b487d7,responsable qualité conformité réglementaire,
http://data.europa.eu/esco/occupation/a92a3e24-93f0-42b3-9ebb-d2d7d8a72cc5,géophysicien/géophysicienne,géophysicien|géophysicienne
http://data.europa.eu/esco/occupation/a9411821-4f54-406e-ba37-4c6e5a39f9fe,auxiliaire juridique - transfert de titres,
http://data.europa.eu/esco/occupation/aaa485d0-6787-45c0-8596-b266c0b687fd,serrurier/serrurière,serrurier du bâtiment|serrurière-poseuse|serrurière|serrurière du bâtiment|serrurier-poseur|serrurier
http://data.europa.eu/esco/occupation/ac734172-ae9a-41ab-80a0-a7b33694e027,monteur audiovisuel/monteuse audiovisuelle,chef monteur|monteuse audiovisuelle|monteur audiovisuel|chef monteuse|cheffe monteuse|chef monteur/chef monteuse
http://data.europa.eu/esco/occupation/aa3780b7-3b06-40ae-8764-293fec6819d2,opérateur sur perceuse à colonne/opératrice sur perceuse à colonne,opératrice sur perceuse à colonne|opérateur sur perceuse à colonne
http://data.europa.eu/esco/occupation/ac8b3cd1-a127-4e6a-8208-5cfcf7111955,statisticien/statisticienne,statisticienne|chargée d'études statistiques|statisticien|chargé d’études statistiques/chargée d’études statistiques|chargé d’études statistiques
http://data.europa.eu/esco/occupation/aab8009a-5759-4f52-8865-6cc657b1f099,directeur des publications/directrice des publications,directeur des publications|directrice des publications
http://data.europa.eu/esco/occupation/a9c7a04d-807a-41b5-b441-87c73c73c9c5,linguiste,
http://data.europa.eu/esco/occupation/aaeec9a7-dc57-4485-890c-86b3eef735f9,agent de service d’assistance informatique/agente de service d’assistance informatique,agente du service d'assistance en TIC|agente du service d'aide aux utilisateurs|agent help desk informatique|agent du service d'aide aux utilisateurs|agente help desk informatique|agent du service d'assistance en TIC|agent du service d'assistance en technologies de l'information et de la communication|agente de service d'assistance informatique|agent de service d'assistance informatique|agente du service d'assistance en technologies de l'information et de la communication
http://data.europa.eu/esco/occupation/ac036ea7-883a-4265-96d5-c02bbe6667e1,chef d’exploitation aquacole,cheffe d'exploitation aquacole
http://data.europa.eu/esco/occupation/ac401ec0-7ce0-423f-b8b5-167da9e046a7,conducteur de ligne d’extrusion de fibres synthétiques/conductrice de ligne d’extrusion de fibres synthétiques,conductrice de ligne d’extrusion de fibres synthétiques|conducteur de ligne d’extrusion de fibres synthétiques
http://data.europa.eu/esco/occupation/ab9e06c8-e0fc-4c1b-afa2-61421592f1a5,ouvrier brasseur-malteur/ouvrière brasseuse malteuse,opératrice de malterie|malteur|malteuse|ouvrier brasseur-malteur|brasseuse-malteuse|brasseur-malteur|ouvrière brasseuse malteuse|opérateur de malterie
http://data.europa.eu/esco/occupation/aa0fd823-2f45-41c8-a3c6-97d97885e455,ouvrier d'aquaculture en milieu aquatique/ouvrière d'aquaculture en milieu aquatique,ouvrière d'aquaculture en milieu aquatique|ouvrier d'aquaculture en milieu aquatique
http://data.europa.eu/esco/occupation/ac7c07d1-bc11-4f19-bca5-e468e9b1a53c,spécialiste des travaux en hauteur du bâtiment,spécialiste des travaux sur cordes du bâtiment|cordiste nacelliste|ouvrier cordiste|ouvrière cordiste|chef d'équipe cordiste|spécialiste des travaux acrobatiques du bâtiment|technicienne de travaux d'accès difficile|cordiste|technicienne cordiste|technicien cordiste|alpiniste du bâtiment|technicien de travaux d'accès difficile
http://data.europa.eu/esco/occupation/aac0c510-f238-4dbe-beeb-1d7b73f4552c,fossoyeur/fossoyeuse,fossoyeuse|fossoyeur
http://data.europa.eu/esco/occupation/a9c30651-ccbc-4a80-900c-7880615cdf6e,concepteur pédagogique/conceptrice pédagogique,conceptrice de formation|conceptrice de programmes d'études|concepteur de formation|concepteur de matériel pédagogique|conceptrice pédagogique|conceptrice de matériel pédagogique|concepteur pédagogique|concepteur de programmes d'études
http://data.europa.eu/esco/occupation/ac160654-0d3e-49aa-b798-1861ce9d78b6,tourneur sur bois/tourneuse sur bois,tourneuse sur bois|tourneur sur bois
http://data.europa.eu/esco/occupation/abc849b6-9e75-41ce-b1aa-4d488280a8a3,contrôleur en production laitière,contrôleur en production de lait|inspecteur en production laitière|chargé d'analyse des produits laitiers
http://data.europa.eu/esco/occupation/abab3d6a-82b9-49bd-8a4b-7bc678130558,chargé d’orientation et d’insertion professionnelle/chargée d’orientation et d’insertion professionnelle,conseillère d’orientation psychologue|conseiller d’orientation-psychologue|chargée d’orientation et d’insertion professionnelle|conseiller d’orientation-psychologue/conseillère d’orientation psychologue|chargé d’orientation et d’insertion professionnelle
http://data.europa.eu/esco/occupation/ab762f91-d737-485f-a85c-67cab92dee01,visiteur médical/visiteuse médicale,visiteuse médicale|visiteur médical|déléguée médicale|attachée médico-pharmaceutique|délégué médical|attaché médico-pharmaceutique|attaché médico-pharmaceutique/attachée médico-pharmaceutique|délégué médical/déléguée médicale
http://data.europa.eu/esco/occupation/ab5a5073-453c-4a93-aff7-345a19f8b954,rédacteur crédits bancaires/rédactrice crédits bancaires,analyste de crédits hypothécaires|rédacteur crédits bancaires|rédactrice crédits bancaires
http://data.europa.eu/esco/occupation/aaf732b5-ee19-4c82-a08f-700fb98f5ca7,agent du service de l’état civil/agente du service de l’état civil,agente du service de l'état civil|agent du service de l'état civil
http://data.europa.eu/esco/occupation/ab360abd-32e2-4e03-967d-a10758efffa7,ingénieur mécatronicien/ingénieure mécatronicienne,ingénieur mécatronicien|mécatronicienne|mécatronicien|ingénieure mécatronicienne|mécatronicien/mécatronicienne
http://data.europa.eu/esco/occupation/ac37627c-a999-4779-997e-9795cc4f9a3d,ingénieur études transport-distribution/ingénieure études transport-distribution,ingénieur études transport-distribution|ingénieure études transport-distribution
http://data.europa.eu/esco/occupation/ab104661-db96-4752-8c84-97d98f6e8969,chef d’équipe d’atelier de tricotage,responsable d’atelier de tricotage
http://data.europa.eu/esco/occupation/acbb7a20-c947-480d-a07e-868a0ab3eab8,médecin d’études cliniques,
http://data.europa.eu/esco/occupation/ac80b511-fd22-4edf-8570-e531704778bd,blogueur/blogueuse,diariste|carnetier|blogueuse|blogueur
http://data.europa.eu/esco/occupation/aa8fdeff-ab03-4b99-bdba-2f7a1a5c8946,spécialiste en import-export d’habillement et de chaussures,
http://data.europa.eu/esco/occupation/ac60ed89-da6d-4f1a-93ee-1031789c7796,greffier/greffière,sténotypiste|sténographe|greffier|greffière
http://data.europa.eu/esco/occupation/aa9c6416-6a17-4e2f-a7c4-6d47c205d480,vendeur en pharmacie/vendeuse en pharmacie,vendeuse en pharmacie|vendeur en pharmacie|vendeur en parapharmacie|vendeuse en parapharmacie
http://data.europa.eu/esco/occupation/aacc3918-b5d3-484b-9480-5d29aa550d74,responsable de la logistique approvisionnement,supply chain manager
http://data.europa.eu/esco/occupation/aac62c63-b6bf-4387-8ba3-75a487f25824,conducteur de turbines à vapeur/conductrice de turbines à vapeur,conducteur de turbines à vapeur|conductrice de turbines à vapeur
http://data.europa.eu/esco/occupation/acb6b99a-6c13-482a-81b1-8b5614e0153e,technicien plateau/technicienne plateau,technicien plateau|technicienne plateau
http://data.europa.eu/esco/occupation/ab7bccb2-6f81-4a3d-a0c0-fca5d47d2775,designer industriel/designeuse industrielle,concepteur de produits industriels/conceptrice de produits industriels|designeuse industrielle|designer industriel|conceptrice de produits industriels|concepteur de produits industriels
http://data.europa.eu/esco/occupation/aad7819e-d62e-41de-a594-9f2be186a6c2,ingénieur infrastructures de transport/ingénieure infrastructures de transport,ingénieure infrastructures de transport|ingénieur infrastructures de transport
http://data.europa.eu/esco/occupation/ab4dd4f9-ee6c-41cc-8b72-42ad0b13d1e2,ingénieur en traitement des déchets/ingénieure en traitement des déchets,ingénieure en traitement des déchets|ingénieur en traitement des déchets
http://data.europa.eu/esco/occupation/aa50ae49-1e40-4ba9-959f-22a11ff172b4,technicien en studio d’enregistrement/technicienne en studio d’enregistrement,technicien en studio d'enregistrement|technicienne en studio d'enregistrement
http://data.europa.eu/esco/occupation/ab4086a0-0e2f-436e-80f8-a3291e594bd1,lithographe,
http://data.europa.eu/esco/occupation/ab3c4d3e-3189-47ad-82af-57cdae3cb589,ingénieur opticien/ingénieure opticienne,ingénieur en optique/ingénieure en optique|ingénieur opticien|ingénieure opticienne|ingénieure en optique|ingénieur en optique
http://data.europa.eu/esco/occupation/aaeb2402-2ab3-411f-9a44-8ff4dd092de6,"négociant grossiste en machines pour l’extraction, la construction et le génie civil/négociante grossiste en machines pour l’extraction, la construction et le génie civil","négociant grossiste en machines pour l’extraction, la construction et le génie civil|négociante grossiste en machines pour l’extraction, la construction et le génie civil"
http://data.europa.eu/esco/occupation/ac1fc6a9-70d2-475c-8fa0-82ef83830968,ingénieur génie de l’environnement/ingénieure génie de l’environnement,ingénieur génie de l’environnement|ingénieure génie de l’environnement
http://data.europa.eu/esco/occupation/acf69cab-8629-45c8-ae10-c8fb15f474b6,anthropologue,ethnologue|ethnographe
http://data.europa.eu/esco/occupation/ad7c76e8-af96-42af-99a5-d579f707758c,ouvrier de montage en aéronautique/ouvrière de montage en aéronautique,ajusteur-monteur cellule|ajusteuse monteuse aéronautique|ouvrière de montage en aéronautique|ajusteuse-monteuse cellule|ajusteur monteur aéronautique/ajusteuse monteuse aéronautique|ouvrier de montage en aéronautique|ajusteur monteur aéronautique|ajusteur monteur cellule/ajusteuse monteuse cellule
http://data.europa.eu/esco/occupation/ad6589cb-ef1e-482d-863d-d80b2eb6b070,opérateur d’estampage à chaud/opératrice d’estampage à chaud,opératrice d’estampage à chaud|opérateur d’estampage à chaud
http://data.europa.eu/esco/occupation/acf462a3-9c34-46cb-952a-c612c38299f4,procureur/procureure,procureur de la République/procureure de la République|procureure de la République|procureure|procureur général/procureure générale|procureur général|procureur de la République|procureure générale|procureur
http://data.europa.eu/esco/occupation/ada3fc30-c205-4279-90b8-ed5c7c467626,directeur de collection articles de cuir/directrice de collection articles de cuir,responsable de collection articles de cuir|responsable de collection maroquinerie|directrice de collection maroquinerie|directrice de collection articles de cuir|directeur de collection maroquinerie|directeur de collection articles de cuir
http://data.europa.eu/esco/occupation/ad14ec64-128c-4a72-9c1a-257a5f3b180c,géologue prospecteur/géologue prospectrice,géologue prospectrice|géologue prospecteur
http://data.europa.eu/esco/occupation/ad404c6b-291f-439e-9ad4-c93ddabd3c13,"responsable de la logistique distribution de machines pour l'extraction, la construction et le génie civil",
http://data.europa.eu/esco/occupation/ad7bbc92-d5cb-4b64-a1a3-efc593afd437,classeur de bois/classeuse de bois,classeur de bois|classeur qualité en première transformation du bois|classeuse de bois|classeuse qualité en première transformation du bois|trieur-classeur de bois|trieuse-classeuse de bois
http://data.europa.eu/esco/occupation/acf28133-525f-4838-9248-d852e28b8f98,gérant d'épicerie fine/gérante d'épicerie fine,responsable d'épicerie fine|gérant d'épicerie fine|gérante d'épicerie fine
http://data.europa.eu/esco/occupation/ad8ab454-b506-46a5-afd3-66bbffd54115,cartographe,dessinateur en cartographie/dessinatrice en cartographie|dessinateur en cartographie|dessinatrice en cartographie
http://data.europa.eu/esco/occupation/ae73f0dc-05a7-4e23-a234-9bb7e6d86975,vendeur en porte à porte/vendeuse en porte à porte,vendeuse en porte à porte|vendeur en porte à porte|démarcheur à domicile|vendeur itinérant|démarcheuse à domicile|vendeuse itinérante
http://data.europa.eu/esco/occupation/b0c6f284-f3ed-4820-a62e-4e87869f5a3e,conducteur d’équipement de formage des plastiques et caoutchoucs/conductrice d’équipement de formage des plastiques et caoutchoucs,conducteur d’équipement de formage des plastiques et caoutchoucs|conductrice d’équipement de formage des plastiques et caoutchoucs|opératrice sur machines de formage des matières plastiques et du caoutchouc|opérateur sur machines de formage des matières plastiques et du caoutchouc/opératrice sur machines de formage des matières plastiques et du caoutchouc|opérateur sur machines de formage des matières plastiques et du caoutchouc
http://data.europa.eu/esco/occupation/b09acdda-6680-49d1-a411-129610ee3bc0,analyste de risques,
http://data.europa.eu/esco/occupation/afe9eaa4-433f-4ae6-90ff-afa098ccf1bb,opérateur sur machine à fabriquer les chaînes/opératrice sur machine à fabriquer les chaînes,opérateur sur machine à fabriquer les chaînes|opératrice sur machine à fabriquer les chaînes
http://data.europa.eu/esco/occupation/b0fa69b4-998c-4e66-acd3-5f5d73cadb5c,opérateur de conditionnement/opératrice de conditionnement,technicien de machine à emballer et garnir|opérateur de machine d’emballage et de garniture|technicienne de machine à emballer et garnir|opérateur de machine à emballer et garnir|opératrice de machine d’emballage et de garniture|opératrice de machine à emballer et garnir|opérateur de conditionnement|opératrice de conditionnement
http://data.europa.eu/esco/occupation/b05f53db-b6b0-49bc-aa0c-1790c8c7012b,monteur/monteuse,monteuse|monteur
http://data.europa.eu/esco/occupation/b06a1dde-e5a1-4219-9491-2bedd0282e4b,écrivain/écrivaine,écrivain|écrivaine
http://data.europa.eu/esco/occupation/b0480558-269d-4903-9bc7-f390cd6a6964,mécanicien d’équipement de chantier/mécanicienne d’équipement de chantier,mécanicien d’équipement de chantier|mécanicienne d’équipement de chantier
http://data.europa.eu/esco/occupation/af513bd8-4340-4452-aa30-05a073ecc49a,chauffeur de corbillard/chauffeuse de corbillard,porteuse-chauffeuse|porteur-chauffeur|conductrice de corbillard|chauffeur de corbillard|chauffeuse de corbillard|conducteur de corbillard
http://data.europa.eu/esco/occupation/ae66ca51-e762-48b4-bd46-071dc87cb30d,scénarimagiste,story boardeuse|scénariste en images|story boarder/story boardeuse|story boarder
http://data.europa.eu/esco/occupation/b0ad8659-0410-4b5b-9466-a90f8b3cdac9,contrôleur qualité de produits/contrôleuse qualité de produits,contrôleuse qualité de produits|contrôleur qualité de produits
http://data.europa.eu/esco/occupation/b0cb4f78-c361-48cf-97aa-25104ac2647c,opérateur de traitement des bois/opératrice de traitement des bois,opératrice de traitement des bois|opérateur de traitement des bois
http://data.europa.eu/esco/occupation/ae3f1edd-d191-4a8d-8dfc-099dcdc6f1e8,opérateur de pressage de disques phonographiques/opératrice de pressage de disques phonographiques,opératrice de pressage de disques phonographiques|opérateur de pressage de disques phonographiques
http://data.europa.eu/esco/occupation/b11e1742-5e28-4270-b081-b0193d85ee7d,développeur de base de données/développeuse de base de données,responsable de base de données|concepteur de base de données|conceptrice de base de données|développeur de base de données|développeuse de base de données
http://data.europa.eu/esco/occupation/afc5a0f4-42e5-4bfb-910c-2b54b44f99c5,estimateur de biens immobiliers/estimatrice de biens immobiliers,évaluatrice de biens immobiliers|expert en évaluation de biens immobiliers|estimateur de biens immobiliers|évaluateur de biens immobiliers|experte en évaluation de biens immobiliers|estimatrice de biens immobiliers
http://data.europa.eu/esco/occupation/af2f3615-63ab-44dc-957d-c9660410d336,monteur en constructions métalliques/monteuse en constructions métalliques,ouvrier d’assemblage en construction métallique|ouvrier d’assemblage en construction métallique/ouvrière d’assemblage en construction métallique|monteur en structures métalliques|monteur en structures métalliques/monteuse en structures métalliques|métallier industriel/métallière industrielle|métallière industrielle|métallier industriel|monteuse en structures métalliques|monteuse en constructions métalliques|ouvrière d’assemblage en construction métallique|monteur en constructions métalliques
http://data.europa.eu/esco/occupation/afee6a28-f654-4ac7-a665-f758616bc689,technicien agroalimentaire/technicienne agroalimentaire,technicienne alimentaire|technicien alimentaire|opérateur alimentaire|opérateur agroalimentaire|technicienne agroalimentaire|opératrice agroalimentaire|technicien agroalimentaire|opératrice alimentaire
http://data.europa.eu/esco/occupation/b0473a10-e3de-480c-a841-171f2356a074,inspecteur de l’aéronautique/inspectrice de l’aéronautique,inspectrice de l'aéronautique|inspecteur de l'aéronautique
http://data.europa.eu/esco/occupation/ae8b19cc-8c6e-4a16-ada2-c15f97ded133,ingénieur optomécanique/ingénieure optomécanique,ingénieure opto-mécanique|ingénieur opto-mécanique|ingénieur en optomécanique|ingénieur optomécanique|ingénieure en optomécanique|ingénieur opto-mécanique/ingénieure opto-mécanique|ingénieur en optomécanique/ingénieure en optomécanique|ingénieure optomécanique
http://data.europa.eu/esco/occupation/aecb033a-2be8-459c-bbdc-87bbae922894,superviseur de plâtriers/superviseuse de plâtriers,superviseur de plâtriers|chef d'équipe de gypsiers|responsable de plâtriers staffeurs|cheffe d'équipe de gypsiers|contremaître de stucateurs|contremaîtresse de stucateurs|superviseuse de plâtriers
http://data.europa.eu/esco/occupation/ae2c1bf4-669e-4fec-a7d7-698753699083,enseignant-chercheur en philosophie/enseignante-chercheuse en philosophie,enseignant-chercheur en philosophie|enseignante-chercheuse en philosophie politique|enseignant-chercheur en philosophie politique/enseignante-chercheuse en philosophie politique|enseignant-chercheur en philosophie politique|enseignante-chercheuse en philosophie
http://data.europa.eu/esco/occupation/ade351da-7bda-424e-8682-bbdcab2a25be,responsable paie,
http://data.europa.eu/esco/occupation/b12b14fd-5b74-40c6-afd9-dd35b34e27ed,superviseur assemblage en industrie/superviseuse assemblage en industrie,superviseur assemblage en industrie|superviseuse en assemblage industriel
http://data.europa.eu/esco/occupation/af355ac4-dd89-44df-99a6-bba70202d6fe,superviseur à la saisie des données/superviseuse à la saisie des données,responsable saisie|superviseuse à la saisie des données|superviseur d'opérateurs de saisie|superviseur à la saisie des données|superviseuse d'opérateurs de saisie
http://data.europa.eu/esco/occupation/b059d331-2dd9-4d7d-923e-1dd029d2e58c,vendeur ambulant/vendeuse ambulante,marchand ambulant|marchande ambulante|vendeur ambulant|marchand ambulant/marchande ambulante|vendeuse ambulante
http://data.europa.eu/esco/occupation/b07e291d-1ea0-44d6-861c-e2c36861f9e3,vannier/vannière,vannière|rotinière|vannière osiéricultrice|vannier osiériculteur|vannier|rotinier
http://data.europa.eu/esco/occupation/b09ffdec-b04c-41a8-bacc-2c71d7a3e5ac,typographe,
http://data.europa.eu/esco/occupation/b065b637-5cb5-44d9-8c39-08004b51734e,acousticien/acousticienne,ingénieur acousticien/ingénieure acousticienne|ingénieure en acoustique|acousticien|acousticienne|ingénieur en acoustique/ingénieure en acoustique|ingénieure acousticienne|ingénieur en acoustique|ingénieur acousticien
http://data.europa.eu/esco/occupation/b00e9e89-fd8d-4655-b6a2-f58b17629473,agent de sûreté aéroportuaire/agente de sûreté aéroportuaire,agente d'exploitation et de sûreté aéroportuaire|agente de sûreté aéroportuaire|agent d'exploitation et de sûreté aéroportuaire|agente de sécurité aéoportuaire|agent de sûreté aéroportuaire|agent de sécurité aéroportuaire
http://data.europa.eu/esco/occupation/b10dc548-10e1-4447-8406-5101ff170bbf,maître pâtissier/maîtresse pâtissière,maîtresse pâtissier|maîtresse pâtissière|cuisinier spécialisé en pâtisserie|cuisinière spécialisée en pâtisserie
http://data.europa.eu/esco/occupation/b10d45f4-482d-4301-bc39-da206b17815c,contrôleur assemblage aéronautique/contrôleuse assemblage aéronautique,contrôleur assemblage aéronautique|contrôleuse assemblage aéronautique
http://data.europa.eu/esco/occupation/af69484e-b43f-4685-b22d-f3418df45c4d,psychothérapeute,
http://data.europa.eu/esco/occupation/b01affdd-c8a9-4121-bc50-a5be17f014eb,praticien en shiatsu/praticienne en shiatsu,praticienne en shiatsu|praticien en shiatsu
http://data.europa.eu/esco/occupation/afcf9d03-6e51-4548-8cec-cfa50972929d,"responsable import-export de sucre, chocolat et produits de confiserie",
http://data.europa.eu/esco/occupation/aff66ae0-d6e1-4de3-b6af-78647defd08c,responsable du bien-être au travail,
http://data.europa.eu/esco/occupation/b0f3f595-4965-4f13-ba5c-f6049b62469f,biométricien/biométricienne,biométriste|biométricien|biométricienne
http://data.europa.eu/esco/occupation/adf9257e-78cb-467d-b259-59ed65bd7aed,technicien de préparation essais résistance au feu/technicienne de préparation essais résistance au feu,technicienne de préparation essais résistance au feu|technicien de préparation essais résistance au feu
http://data.europa.eu/esco/occupation/aeb7c6bd-22c9-43c2-8551-a1cc2560584f,responsable prévision des ventes,
http://data.europa.eu/esco/occupation/aeae4491-91b2-4029-9648-364e0bc4ecff,superviseur en production d’équipements électriques/superviseuse en production d’équipements électriques,superviseuse en production d’équipements électriques|superviseur en production d’équipements électriques
http://data.europa.eu/esco/occupation/afbe50b0-6634-4677-a3e7-0aada10cb9a7,ingénieur thermicien/ingénieure thermicienne,ingénieur thermicien|ingénieure en génie thermique|ingénieure thermicienne|ingénieur en génie thermique|ingénieur en génie thermique/ingénieure en génie thermique
http://data.europa.eu/esco/occupation/b1ab3572-fa2f-4624-8eac-3c3d986d237b,concepteur - rédacteur publicitaire/conceptrice - rédactrice publicitaire,concepteur - rédacteur publicitaire|conceptrice - rédactrice publicitaire
http://data.europa.eu/esco/occupation/b156960c-8508-4067-908d-f167847c55b1,chef de carrière,cheffe de carrière
http://data.europa.eu/esco/occupation/b176e5d7-1f94-495c-907f-80a7f61aed59,technicien en télédétection/technicienne en télédétection,technicienne en télédétection|technicien en télédétection
http://data.europa.eu/esco/occupation/b223f402-0318-4e27-8691-df6e7f7295d2,lieutenant,lieutenante|lieutenant
http://data.europa.eu/esco/occupation/b1c80369-067e-4041-84c8-dbe65640a5d8,consultant informatique/consultante informatique,consultante informatique|conseiller sur les TIC|conseiller en informatique|consultante en technologies de l'information et de la communication|conseillère technologies de l'information et de la communication|consultant informatique|conseillère en informatique|conseiller technologies de l'information et de la communication|conseillère sur les TIC|consultant en TIC|consultant en technologies de l'information et de la communication|consultante en TIC
http://data.europa.eu/esco/occupation/b21b5952-1658-44f8-b719-e5be7fb39866,directeur de concession automobile/directrice de concession automobile,responsable de concession automobile|directrice de concession automobile|directeur de concession automobile|gérante de concession automobile|gérant de concession automobile
http://data.europa.eu/esco/occupation/b1c0714d-77f1-4732-8fd8-9f0739fb9974,infographiste effets spéciaux,infographiste des effets spéciaux
http://data.europa.eu/esco/occupation/b148e7a3-e5b0-4edc-b770-85ab81f36ac9,responsable import-export d'articles ménagers,
http://data.europa.eu/esco/occupation/b206a740-c7eb-407d-9cdb-93502368c4d8,superviseur de conducteurs de grue/superviseuse de conducteurs de grue,contremaîtresse de grutiers|contremaître de grutiers|chef d'équipe de conducteurs grutiers|superviseuse de conducteurs de grue|superviseur de conducteurs de grue|cheffe d'équipe de conducteurs grutiers
http://data.europa.eu/esco/occupation/b21aac17-8237-4264-bc2c-0e315346fd8f,opérateur de salle de contrôle d’usines chimique/opératrice de salle de contrôle d’usines chimique,opératrice de salle de contrôle d'usines chimique|opérateur de salle de contrôle d'usine chimique
http://data.europa.eu/esco/occupation/b7aa4b4e-dbb6-4f58-b36c-35b9a7267972,réparateur de matériel informatique/réparatrice de matériel informatique,réparateur de matériel informatique|technicien en réparation de matériel informatique|réparatrice de matériel informatique|technicienne en réparation de matériel informatique
http://data.europa.eu/esco/occupation/b69d9b94-a40c-434d-af8f-e584257314f6,opérateur de traitement thermique du lait/opératrice de traitement thermique du lait,opérateur de traitement thermique du lait|ouvrière en traitement thermique du lait|technicienne de traitement thermique du lait|technicien de traitement thermique du lait|ouvrier en traitement thermique du lait|opératrice de traitement thermique du lait
http://data.europa.eu/esco/occupation/b95bdbed-1e7e-482a-aa73-7bdbb3e36358,gérant de portefeuille/gérante de portefeuille,gérante de portefeuille|gérant de portefeuille|gestionnaire de fonds d'investissement|gestionnaire d'actifs|gestionnaire de portefeuille
http://data.europa.eu/esco/occupation/b865693a-eb11-44cc-bf6c-38e5b4d7e169,arboriculteur/arboricultrice,arboriculteur|pépiniériste arboricole|arboricultrice
http://data.europa.eu/esco/occupation/b91034a0-1d3e-40e4-aced-07052ee0f9e9,opérateur de l'alimentation animale/opératrice de l'alimentation animale,préposé aux aliments pour animaux|préposée aux aliments pour animaux|technicien en aliments pour animaux|opératrice de la nourriture pour animaux|opérateur de l'alimentation animale|technicienne en aliments pour animaux|opératrice de l'alimentation animale|opérateur de la nourriture pour animaux
http://data.europa.eu/esco/occupation/b915ab4a-f7b1-44bc-a5a4-585e91d31dfd,directeur de l’acquisition de biens immobiliers/directrice de l’acquisition de biens immobiliers,directeur de l'acquisition de biens immobiliers|directeur des investissements immobiliers|directrice de l'acquisition de biens immobiliers|responsable développement foncier|directrice des investissements immobiliers
http://data.europa.eu/esco/occupation/b8db7ef4-4057-4e88-8e2a-105b4b59fb67,technicien en système de freinage automobile/technicienne en système de freinage automobile,technicienne en système de freinage automobile|technicien en système de freinage automobile
http://data.europa.eu/esco/occupation/b76178c0-a03a-4793-b079-1e61e636c521,responsable de la prospection,responsable du marketing opérationnel
http://data.europa.eu/esco/occupation/b6a62e85-5ffe-41aa-8f2a-9959365dfe85,briquetier/briquetière,briquetière|couleur en céramique/couleuse en céramique|briquetier|couleuse en céramique|couleur en céramique
http://data.europa.eu/esco/occupation/b8b98b65-7db2-43f8-8ac4-2f1903984e7b,agent de stationnement/agente de stationnement,gardienne de la paix|gardien de la paix|ilôtière|contractuel|contractuelle|agent de stationnement|agente de stationnement|ilôtier
http://data.europa.eu/esco/occupation/b7b75eb6-34bc-462d-b412-eed393cc1397,agent d’information de centre de contact clients/agente d’information de centre de contact clients,agente d’information de centre de contact clients|agent d’information de centre de contact clients
http://data.europa.eu/esco/occupation/b864c9a3-ef6e-46a0-a40c-66188f74dfa7,colonel/colonelle,colonel|colonelle
http://data.europa.eu/esco/occupation/b9711647-463f-4991-a858-d5de66ff2f83,directeur de développement immobilier/directrice de développement immobilier,responsable développement/expansion immobilière|directeur de développement immobilier|directrice de développement immobilier
http://data.europa.eu/esco/occupation/b7fc1cd1-0d6d-4e9e-8a9f-c3270201be81,caissier de bureau de change/caissière de bureau de change,caissière de bureau de change|caissier de bureau de change
http://data.europa.eu/esco/occupation/b9296f1a-a68b-4ac7-9904-f2cf1374fbaf,analyste en comportement des matériaux,ingénieure structures|ingénieur structures
http://data.europa.eu/esco/occupation/b73c752b-9858-4f53-82de-f3a340cbcae9,épidémiologiste,
http://data.europa.eu/esco/occupation/b9836ed2-1ca7-49b4-9f0e-bb5d2ca14443,responsable maintenance des véhicules de transport routier,
http://data.europa.eu/esco/occupation/b6c851d1-bf09-40aa-aa50-47dde84e7d50,animateur des arts du cirque/animatrice des arts du cirque,animatrice des arts du cirque|animateur des arts du cirque
http://data.europa.eu/esco/occupation/b866b3bb-3dbd-4b3d-9a53-9ec15f43ca2f,chroniqueur/chroniqueuse,chroniqueuse|chroniqueur
http://data.europa.eu/esco/occupation/b73f4ce5-13fa-43a0-bbf6-01d7315849b8,responsable de circonscription d’action sociale,
http://data.europa.eu/esco/occupation/b674a89a-4439-4ad5-822d-518036415503,vendeur en articles pour fumeurs/vendeuse en articles pour fumeurs,vendeuse en bureau de tabac|vendeur en bureau de tabac|vendeuse en articles pour fumeurs|vendeur en articles pour fumeurs|buraliste
http://data.europa.eu/esco/occupation/b65133db-b3de-44d1-88fa-1d3deda08245,enseignant-chercheur en droit/enseignante-chercheuse en droit,enseignante-chercheuse en droit|enseignant-chercheur en droit
http://data.europa.eu/esco/occupation/b66eb697-e65d-4bbb-b51c-d847f6875f1a,gérant de magasin de loisirs créatifs/gérante de magasin de loisirs créatifs,gérante de magasin de loisirs créatifs|responsable de magasin de loisirs créatifs|gérant de magasin de loisirs créatifs
http://data.europa.eu/esco/occupation/b972feaa-e2a6-4b22-9de4-18040f3f04eb,responsable de comptoir en location de matériel agricole,agent de comptoir en location de matériel agricole|agente de comptoir en location de matériel agricole
http://data.europa.eu/esco/occupation/b680251e-b3c7-4029-9849-66a95081801c,trésorier de banque/trésorière de banque,trésorier de banque|directeur/directrice de trésorerie|responsable de la trésorerie|directrice de trésorerie|trésorière de banque|directeur de trésorerie
http://data.europa.eu/esco/occupation/b7f47c25-bdf3-42fa-a68e-ad32754b2dba,analyste en investissements,
http://data.europa.eu/esco/occupation/b6beb46d-9ed2-4a66-9117-7e3f21f234dd,instituteur spécialisé d’école maternelle/institutrice spécialisée d’école maternelle,enseignant spécialisé du premier degré/enseignante spécialisée du premier degré|instituteur spécialisé d’école maternelle|enseignant spécialisé du premier degré|institutrice spécialisée d’école maternelle|enseignante spécialisée du premier degré
http://data.europa.eu/esco/occupation/b87a7a27-ee74-4e5e-b274-84a3cab27bf4,responsable import-export,
http://data.europa.eu/esco/occupation/b94e2f4c-6604-46a9-bc72-160fc9d2cf36,négociant grossiste en minerais et métaux/négociante grossiste en minerais et métaux,négociante grossiste en minerais et métaux|négociant grossiste en minerais et métaux
http://data.europa.eu/esco/occupation/b8139469-92cc-4f57-9e69-a0d9f7fc3817,sapeur-pompier formateur/sapeuse-pompière formatrice,sapeur-pompier instructeur/sapeuse-pompière instructrice|sapeuse-pompière formatrice|sapeur-pompier instructeur|sapeur-pompier formateur|sapeuse-pompière instructrice
http://data.europa.eu/esco/occupation/b7b17a85-ccd0-4d2f-92f2-7e99839731b0,ingénieur de recherche biomédicale/ingénieure de recherche biomédicale,ingénieure de recherche biomédicale|ingénieur de recherche biomédicale
http://data.europa.eu/esco/occupation/b79cfd33-6e46-4b71-b180-c9a84422f047,sismologue,
http://data.europa.eu/esco/occupation/b89f5984-3fb7-4339-80d5-00d1b0750b53,chef de partie en casino,
http://data.europa.eu/esco/occupation/b65530b8-0b50-49da-8e9e-331b161374a5,rédacteur de journal radio ou télévisé/rédactrice de journal radio ou télévisé,rédacteur de journal radio ou télévisé|rédactrice de  journal radio ou télévisé
http://data.europa.eu/esco/occupation/b7507136-e71e-47e8-b873-e77d5cdf2922,chargé d’information jeunesse/chargée d’information jeunesse,chargé d'information jeunesse|chargée d'information jeunesse
http://data.europa.eu/esco/occupation/b6f4573d-659f-49ca-a885-850a48d01913,attaché technico-commercial en machines et équipements industriels/attachée technico-commerciale en machines et équipements industriels,attachée technico-commerciale en machines et équipements industriels|attaché technico-commercial en machines et équipements industriels
http://data.europa.eu/esco/occupation/b7474960-a03e-46c3-88ce-81575cb8f657,responsable de la logistique distribution de parfums et produits de beauté,
http://data.europa.eu/esco/occupation/b789dae6-6c77-4f46-9253-098c424c92f2,"spécialiste en import-export de poissons, crustacés et mollusques",
http://data.europa.eu/esco/occupation/b89ba3a8-f03a-46b8-ac54-c87d7204aad0,porte-parole,attaché de presse|attachée de presse|attaché de presse/attachée de presse
http://data.europa.eu/esco/occupation/b7744a45-a4ce-4037-b679-3d2377e17f31,directeur de supermarché/directrice de supermarché,directrice d'hypermarché|directeur de grande surface|directrice de grande surface|directrice de supermarché|directeur d'hypermarché|directeur de supermarché
http://data.europa.eu/esco/occupation/b9b47087-6045-405d-b769-6a0c94e2eb84,animateur du patrimoine/animatrice du patrimoine,animateur du patrimoine|médiateur du patrimoine|animatrice du patrimoine|animateur pédagogique|médiateur du patrimoine/médiatrice du patrimoine|animatrice pédagogique|médiatrice du patrimoine|animateur pédagogique/animatrice pédagogique
http://data.europa.eu/esco/occupation/b997a091-23b3-4f87-a6bc-bdbea2f609ae,ouvrier de chai spécialisé dans la fermentation du vin/ouvrière de chai spécialisée dans la fermentation du vin,préposée à la fermentation du vin|ouvrier de chai spécialisé dans la fermentation du vin|préposé à la fermentation du vin|responsable de la fermentation du vin|opératrice de fermentation du vin|opérateur de fermentation du vin|ouvrière de chai spécialisée dans la fermentation du vin
http://data.europa.eu/esco/occupation/b9de6d8b-1cf6-4722-bf8c-d73aad03bf87,cuisinier poissonnier/cuisinière poissonnière,cuisinier poissonnier|cheffe de partie poissonnière|cuisinière poisonnière|chef de partie poissonnier
http://data.europa.eu/esco/occupation/b9d03330-c71c-4827-8797-3e96249d54db,sculpteur sur bois/sculptrice sur bois,sculpteur sur bois|sculptrice sur bois
http://data.europa.eu/esco/occupation/b9c80d74-97b6-4a4b-849e-a3908ba57ae1,classeur de placages/classeuse de placages,classeuse de placages|classeur de placages
http://data.europa.eu/esco/occupation/b9dd2ee7-5fea-46f8-b226-ddae9501f728,professionnel de l’aide aux victimes de violences sexuelles/professionnelle de l’aide aux victimes de violences sexuelles,professionnelle de l'aide aux victimes de violences sexuelles|professionnel de l'aide aux victimes de violences sexuelles
http://data.europa.eu/esco/occupation/ba3bacd4-73e9-4861-a9c0-f89f1f28055a,directeur de travaux/directrice de travaux,maîtresse d'oeuvre d'exécution|maîtresse d'ouvrage|directeur de travaux|maître d'oeuvre d'exécution|directrice de travaux|maître d'ouvrage
http://data.europa.eu/esco/occupation/b9e51ff4-d7fb-4653-bc72-65086ffc6e65,conseiller viticole/conseillère viticole,conseillère viticole|conseiller viticole|technicien viticole|technicienne viticole
http://data.europa.eu/esco/occupation/ba1e5427-46e0-4b6c-b196-5312d136dd3b,"spécialiste en import-export de machines pour l’extraction, la construction et le génie civil",
http://data.europa.eu/esco/occupation/bb2933e9-f6ec-4ab0-b2ea-3cc34cf56d18,galvanoplaste industriel/galvanoplaste industrielle,opérateur de machine de galvanisation électrolytique/opératrice de galvanisation électrolytique|opérateur de machine de galvanisation électrolytique|opérateur galvanoplaste|galvanoplaste de production|opérateur galvanoplaste/opératrice galvanoplaste|galvanoplaste sur métaux et substrat|galvanoplaste industrielle|opératrice galvanoplaste|opératrice de machine de galvanisation électrolytique|galvanoplaste industriel
http://data.europa.eu/esco/occupation/bcb7efae-2374-4ea7-a8e7-a77e4c6ecfc8,opérateur de broyeur/opératrice de broyeur,opérateur de broyeur de minerai/opératrice de broyeur de minerai|opérateur de concasseur/opératrice de concasseur|opérateur de broyeur de minerai|opérateur de broyeur|opératrice de broyeur|opérateur de concasseur|opératrice de broyeur de minerai|opératrice de concasseur
http://data.europa.eu/esco/occupation/bd22a34c-1dc2-48df-a254-66e5d03dec12,matelot de la navigation fluviale,marinier/marinière|matelot|marinier|matelot de navigation intérieure|marin de la navigation fluviale|marinière
http://data.europa.eu/esco/occupation/bd378c4e-f656-46af-a728-fcfb40b113ef,scieur bois/scieuse bois,scieuse bois|scieur bois|opérateur de scie à tronçonner/opératrice de scie à tronçonner|opérateur de scie à tronçonner|opératrice de scie à tronçonner
http://data.europa.eu/esco/occupation/bb131b09-5fdf-4f4f-a76c-402c69cd090a,technicien de maintenance en fabrication de pâte à papier/technicienne de maintenance en fabrication de pâte à papier,technicien de maintenance en fabrication de pâte à papier|technicienne de maintenance en fabrication de pâte à papier
http://data.europa.eu/esco/occupation/bc61e0de-2d72-471c-90c1-a9fe371020f9,opérateur de presse de forge mécanique/opératrice de presse de forge mécanique,opératrice de presse de forge mécanique|opérateur de presse de forge mécanique
http://data.europa.eu/esco/occupation/bc6649ff-05f8-4c98-9db6-9be0d13883a9,opérateur sur machine à découper au laser/opératrice sur machine à découper au laser,opérateur sur machine à découper au laser|opératrice sur machine à découper au laser
http://data.europa.eu/esco/occupation/bcc21c63-7eee-4520-8fa7-43eefd389668,technicien en génie industriel/technicienne en génie industriel,technicienne en génie industriel|technicien en génie industriel
http://data.europa.eu/esco/occupation/bca2528a-5a87-4576-a3b5-1edbbce40a9f,moniteur de conduite/monitrice de conduite,moniteur d'école de conduite|moniteur d'auto-école|instructeur en conduite de véhicules à moteur|monitrice d'autoécole|monitrice de conduite|instructrice en conduite de véhicules à moteur|moniteur de conduite|moniteir d'autoécole|monitrice d'auto-école|monitrice d'école de conduite
http://data.europa.eu/esco/occupation/bac64fa2-dcd6-47bb-8e5c-04e04a86a199,géographe,
http://data.europa.eu/esco/occupation/bb4ca5c1-879d-44e8-840d-24f320206bff,administrateur de bourses d’études ou de recherche/administratrice de bourses d’études ou de recherche,administrateur de bourses d'études ou de recherche|administratrice de bourses d'études ou de recherche
http://data.europa.eu/esco/occupation/bcc199fe-f7df-42a5-bd45-e33ae6160f26,plongeur secouriste/plongeuse secouriste,plongeuse secouriste|plongeuse sécurité civile|plongeur sécurité civile|plongeur secouriste
http://data.europa.eu/esco/occupation/bafbc672-0ad9-41af-9de8-db0c91a24f9b,secrétaire facturier/secrétaire facturière,secrétaire facturière|secrétaire facturier
http://data.europa.eu/esco/occupation/bc1748c7-29d6-43d5-a304-6b74f317ac26,responsable de chenil,directeur de chenil|directrice de chenil
http://data.europa.eu/esco/occupation/bac62d45-bb74-45fa-9b38-a3ebf2095212,chargé de dossiers judiciaires/chargée de dossiers judiciaires,conseillère-référente justice|chargé de dossiers judiciaires|référent éducatif|chargée de dossiers judiciaires|conseiller pénitentiaire d'insertion et de probation|conseillère pénitentaire d'insertion et de probation|référente éducative|conseiller-référent justice|intervenant socio-judiciaire|intervenante socio-judiciaire
http://data.europa.eu/esco/occupation/bb6198c4-1d3e-40b9-9cc4-ad2dd9d7c74b,développeur de logiciels pour appareils mobiles destinés à l’industrie/développeuse de logiciels pour appareils mobiles destinés à l’industrie,développeur de logiciels pour appareils mobiles destinés à l'industrie|développeuse de logiciels pour appareils mobiles destinés à l'industrie
http://data.europa.eu/esco/occupation/bc61af54-0c3b-411c-a434-4b0d23c6fcce,installateur de cuisines/installatrice de cuisines,poseuse de cuisines|installateur de cuisines|poseur de cuisines|installatrice de cuisines
http://data.europa.eu/esco/occupation/bc659adc-f42c-4ef6-89fe-fd030033f446,cosmologiste,cosmologue
http://data.europa.eu/esco/occupation/bced9b86-d4e7-42f8-bb47-acb2001b9bd0,manucure,
http://data.europa.eu/esco/occupation/bcead4e9-3697-4831-b62e-ddb83d7d469d,capitaine de pêche,
http://data.europa.eu/esco/occupation/bcc2c1db-f969-4355-bebf-4878ff6c2a94,responsable service clients,directrice clientèle|cheffe du service clients|directeur clientèle|chef du service clients
http://data.europa.eu/esco/occupation/bbefa1b2-521e-4d87-a7ad-9bbd0b32e271,évaluateur de propriétés bâties/évaluatrice de propriétés bâties,appréciatrice de propriétés bâties|évaluateur de propriétés bâties|contrôleuse cadastrale|appréciateur de propriétés bâties|évaluatrice de propriétés bâties|contrôleur cadastral|géomètre du cadastre
http://data.europa.eu/esco/occupation/bbd1fe06-1b55-4937-9317-fc162311ab38,général de brigade/générale de brigade,général de brigade|générale de brigade
http://data.europa.eu/esco/occupation/bd272aee-adc9-4a06-a15c-a73b4b4a46a7,concepteur de logiciels d’application/conceptrice de logiciels d’application,concepteur de logiciels d'application|concepteur de logiciels applicatifs|concepteur informatique|conceptrice informatique|conceptrice de logiciels applicatifs|conceptrice de logiciels|conceptrice de logiciels d'application|concepteur de logiciels
http://data.europa.eu/esco/occupation/bcf8f332-c7e1-4a08-8651-28d668290eaf,ingénieur métallurgiste/ingénieure métallurgiste,ingénieur métallurgiste|métallurgiste|ingénieure métallurgiste
http://data.europa.eu/esco/occupation/bd206ee9-61d6-45de-a369-0c71b8429efa,perruquier/perruquière,perruquier|perruquière
http://data.europa.eu/esco/occupation/bca063d2-a904-45db-b3f4-0fd7e681753e,fabricant d’instruments chirurgicaux/fabricante d’instruments chirurgicaux,fabricant d’instruments de chirurgie|fabricante d’instruments chirurgicaux|fabricant d’instruments chirurgicaux|fabricante d’instruments de chirurgie
http://data.europa.eu/esco/occupation/bcba793e-44fe-45eb-b0fb-56772529cbab,secrétaire d’édition,
http://data.europa.eu/esco/occupation/bc1c82a5-0fc3-453f-8537-9d1a6e9e85aa,ingénieur en planification aéroportuaire/ingénieure en planification aéroportuaire,ingénieure en planification aéroportuaire|ingénieur en planification aéroportuaire
http://data.europa.eu/esco/occupation/bbaa1444-2c0a-4f76-8375-d72e3ea968fd,grillardin/grillardine,grilladin|grillardin|grillardine
http://data.europa.eu/esco/occupation/bb609566-3ab6-44dd-8f48-cf0b15b96827,ingénieur en automatismes/ingénieure en automatismes,ingénieure automaticienne|ingénieur en mécatronique/ingénieure en mécatronique|ingénieure en automatismes|ingénieur automaticien|ingénieur concepteur mécatronicien|ingénieure conceptrice mécatronicienne|ingénieur concepteur mécatronicien/ingénieure conceptrice mécatronicienne|ingénieure en mécatronique|ingénieur automaticien/ingénieure automaticienne|ingénieur en mécatronique|ingénieur en automatismes
http://data.europa.eu/esco/occupation/baae6dd1-4a59-480d-83b1-a0708a5a1736,responsable d'exploitation transport maritime,responsable sédentaire du transport fluvial|responsable sédentaire de navigation fluviale
http://data.europa.eu/esco/occupation/bbba890e-ecae-43ba-9c5b-a65baa318f15,responsable import-export de machines-outils,
http://data.europa.eu/esco/occupation/bd55e8d7-8bdf-4179-a84b-ed43073f05a1,facteur de harpes/factrice de harpes,luthière de harpes|luthier|factrice de harpes|facteur de harpes|luthière|luthier de harpes
http://data.europa.eu/esco/occupation/bcffa133-c499-4db4-8e4f-b2d95da3b0fc,maréchal-ferrant,pareur de sabots|pédicure pour chevaux|personnel de maréchalerie|pareuse de sabots|maréchal férrant
http://data.europa.eu/esco/occupation/bb95ef58-9139-4967-bfc1-da8386a4e672,responsable de l’approvisionnement en technologies de l’information et de la communication,responsable des acquisitions de technologies de l'information et de la communication|responsable des acquisitions informatiques|acheteur informatique
http://data.europa.eu/esco/occupation/bd2c868c-371b-4958-83b4-012c52bc7faf,humoriste,fantaisiste
http://data.europa.eu/esco/occupation/bd1cd902-1fb1-40b1-abce-bb9ef60805b4,garde-côte,sauveteuse|sauveteuse en mer|sauveteur en mer|sauveteur
http://data.europa.eu/esco/occupation/bab5fa79-7f96-4e21-87b6-1eba560b8d9a,modélisateur 3D/modélisatrice 3D,modélisatrice 3 dimensions|modélisateur 3D|modélisateur 3 dimensions|modélisatrice en trois dimensions|modélisatrice tridimensionnel|modélisateur en trois dimensions|modélisateur tridimensionnel|animateur 3D|animatrice 3D|modélisatrice 3D
http://data.europa.eu/esco/occupation/bc4d1659-6860-488e-bc13-e87eb0e36f67,designer mobilier/designeuse mobilier,designeuse mobilier|designer mobilier
http://data.europa.eu/esco/occupation/bd9d395a-d587-45c6-8d72-ceef226df9e1,consultant en intégration de systèmes informatiques/consultante en intégration de systèmes informatiques,conseillère sur l'intégration de systèmes|conseiller systèmes intégrés|consultant en intégration de systèmes|conseiller sur l'intégration de systèmes|conseillère systèmes intégrés|conseillère sur l'intégration des systèmes|conseiller sur l'intégration des systèmes|consultante en systèmes intégrés|consultant en systèmes intégrés|consultante en intégration de systèmes
http://data.europa.eu/esco/occupation/bd94312f-05c8-455d-a2f6-5490489ac4a4,chef accessoiriste,régisseur accessoiriste|accessoiriste de plateau|cheffe accessoiriste|régisseuse accessoiriste|accessoiriste en effets spéciaux
http://data.europa.eu/esco/occupation/bd5a2f44-fc06-45fd-909b-3a4001c8b8a3,soldat manœuvre/soldate manœuvre,soldat manoeuvre|soldat d'infanterie/soldate d'infanterie|fantassin/femme fantassin|soldate manoeuvre|fantassin|militaire du rang|soldat d'infanterie|soldate d'infanterie|femme fantassin
http://data.europa.eu/esco/occupation/bdf2dd9d-6c92-46f4-a8e7-76c12302d3e7,agent de réservation/agente de réservation,agente de réservation|vendeur de billets|agent de réservation
http://data.europa.eu/esco/occupation/be0e6189-46a5-4b90-8622-2d1988efba1a,monteur de machines industrielles/monteuse de machines industrielles,monteur de machines industrielles|monteur qualifié d’équipements industriels/monteuse qualifiée d’équipements industriels|monteuse de machines industrielles|monteuse qualifiée d’équipements industriels|monteur qualifié d’équipements industriels
http://data.europa.eu/esco/occupation/bdc74965-1d1a-4f8e-a490-9cf71f494e02,aide dentaire,assistant dentaire|assistante dentaire
http://data.europa.eu/esco/occupation/bdfd018a-aae1-407e-a88c-471e50b0695d,superviseur en première transformation du bois/superviseuse en première transformation du bois,contremaîtresse en première transformation du bois d’œuvre|superviseuse en première transformation du bois|superviseur en première transformation du bois|contremaître en première transformation du bois d’œuvre
http://data.europa.eu/esco/occupation/bda98f02-4f92-4015-a0c8-b86b8abc711a,modéliste en industrie de l’habillement et du textile,
http://data.europa.eu/esco/occupation/bdfb48e0-79dc-4b63-8470-db2e03b37326,responsable de magasin,directrice de magasin|directrice de boutique|responsable de boutique|gérante de magasin|directeur de magasin|gérante de boutique|gérant de magasin|gérant de boutique|directeur de boutique
http://data.europa.eu/esco/occupation/bd7c070b-333f-4b9d-a70a-25f135ff931e,"responsable de la logistique distribution de meubles, tapis et appareils d’éclairage",
http://data.europa.eu/esco/occupation/c0489e22-6a1b-4e52-974a-eb71bbb42134,chargé des relations publiques/chargée des relations publiques,chargé de communication/chargée de communication|responsable des relations externes|chargé des relations publiques|chargé de communication|chargée de communication|chargée des relations publiques
http://data.europa.eu/esco/occupation/bfdc096e-e450-424d-9340-46968047ed68,opérateur de machine de neutralisation de nitroglycérine/opératrice de machine de neutralisation de nitroglycérine,ouvrière à la neutralisation de la nitroglycérine|opérateur de production de nitroglycérine|opératrice de machine de neutralisation de nitroglycérine|opérateur de machine de neutralisation de nitroglycérine|ouvrier à la neutralisation de la nitroglycérine/ouvrière à la neutralisation de la nitroglycérine|ouvrier à la neutralisation de la nitroglycérine|opératrice de production de nitroglycérine
http://data.europa.eu/esco/occupation/c0749528-ee2a-41bd-a1f6-c13825b5e569,dépanneur de véhicules/dépanneuse de véhicules,dépanneur de véhicules|dépanneuse-remorqueuse de véhicules|dépanneur-remorqueur de véhicules|dépanneuse de véhicules
http://data.europa.eu/esco/occupation/beedd3c0-d3e2-4efe-8f39-381df669ee35,palefrenier/palefrenière,Soigneuse d'équidés|Soigneur d'équidés|palefrenière|fille d'écurie|palefrenier|garçon d'écurie
http://data.europa.eu/esco/occupation/bf367464-950a-416c-98b1-52b9d571550e,opérateur de finition sur articles en cuir et autres matériaux souples/opératrice de finition sur articles en cuir et autres matériaux souples,agente de finition main et de conditionnement|agent de finition main et de conditionnement/agente de finition main et de conditionnement|opératrice de finition sur articles en cuir et autres matériaux souples|opérateur de finition sur articles en cuir et autres matériaux souples|agent de finition main et de conditionnement
http://data.europa.eu/esco/occupation/c0c1364d-f784-4e76-8d3f-1e998dc6545d,technicien en systèmes d’alarme et de sécurité/technicienne en systèmes d’alarme et de sécurité,technicien en systèmes d’alarme et de sécurité|technicienne en systèmes d’alarme et de sécurité
http://data.europa.eu/esco/occupation/c05090e2-d599-46c8-a47b-3d52a893ca55,fabricant de masques/fabricante de masques,créateur de masques/créatrice de masques|créateur de masques|fabricant de masques|fabricante de masques|créatrice de masques
http://data.europa.eu/esco/occupation/c07ab008-79c1-4516-8dcc-8289f797dc34,électricien d’exploitation minière/électricienne d’exploitation minière,électricienne minière|électricien minier|électricienne dans les mines|électricien dans les mines
http://data.europa.eu/esco/occupation/beacd3d6-e414-42ea-baf9-3ddc34fc143a,opérateur de distillateur de levure/opératrice de distillateur de levure,opérateur de distillateur de levure|opératrice de distillateur de levure|préposé au distillateur de levure|technicienne de distillation de levure|technicien de distillation de levure|préposée au distillateur de levure
http://data.europa.eu/esco/occupation/c0eb9240-4f70-4393-bdf0-723ce7fdbd36,opérateur de fabrication de panneaux de bois/opératrice de fabrication de panneaux de bois,conducteur installations fabrication panneaux de bois/conductrice installations fabrication panneaux de bois|opérateur de production de panneaux à base bois|machiniste en fabrications de panneaux de bois|opératrice de production de panneaux à base bois|conducteur machines de fabrication de panneaux bois/conductrice machines de fabrication de panneaux bois|opérateur de fabrication de panneaux de bois|opératrice de fabrication de panneaux de bois|conducteur installations fabrication panneaux de bois|conductrice installations fabrication panneaux de bois|conductrice machines de fabrication de panneaux bois|opérateur de production de panneaux à base bois/opératrice de production de panneaux à base bois|conducteur machines de fabrication de panneaux bois
http://data.europa.eu/esco/occupation/c11e2b53-06f7-465f-9b5c-708016bc96f4,opérateur sur plieuse/opératrice sur plieuse,opérateur sur plieuse|opératrice sur plieuse
http://data.europa.eu/esco/occupation/bfc92738-128b-44f5-92d4-51b10df17961,philosophe,
http://data.europa.eu/esco/occupation/bff716c9-42c7-471e-8af0-582f799fb29a,analyste environnement en aquaculture,
http://data.europa.eu/esco/occupation/c0386702-0699-4550-920b-1f7027c9a3d9,opérateur de préparation en poissonnerie/opératrice de préparation en poissonnerie,opérateur de préparation en poissonnerie|écailleuse en poissonnerie|fileteuse|écailleur en poissonnerie|mareyeuse|mareyeur|opératrice de préparation en poissonnerie|fileteur
http://data.europa.eu/esco/occupation/bffbe18a-cb8b-4f90-bd87-7505cd3b16f5,optométriste,opticien-optométriste|opticien-optométriste/opticienne-optométriste|opticienne-optométriste
http://data.europa.eu/esco/occupation/bea99fea-0383-4c63-b944-70d4799de2c5,chef de projet,responsable de projet|cheffe de projet
http://data.europa.eu/esco/occupation/be235deb-6181-43ca-8127-7010a689643a,chiropracteur spécialiste/chiropractrice spécialiste,chiropractrice spécialiste|chiropracteur spécialiste
http://data.europa.eu/esco/occupation/c0768628-46ad-4077-aee0-66ab6d7711df,vendeur en jardinerie/vendeuse en jardinerie,fleuriste|vendeuse en articles de jardin|vendeur en articles de jardin|vendeur pépiniériste|vendeur en jardinerie|vendeuse pépiniériste|vendeuse en jardinerie
http://data.europa.eu/esco/occupation/bf802371-4758-4268-a780-58e3d269831b,ingénieur en radioprotection/ingénieure en radioprotection,ingénieure sécurité nucléaire|radioprotectionniste|ingénieur sécurité nucléaire|ingénieur en radioprotection|ingénieure en radioprotection|ingénieur sécurité nucléaire/ingénieure sécurité nucléaire
http://data.europa.eu/esco/occupation/be2896db-9ab7-4719-a558-96b18c93027d,chiropracteur animalier,intervenant en chiropraxie animalière|chiropracticien animalier|intervenante en chiropraxie animale|intervenant en chiropraxie animale|intervenante en chiropraxie animalière
http://data.europa.eu/esco/occupation/bf89925d-00a1-4f94-ab3b-2148c887af33,détaillant indépendant/détaillante indépendante,responsable de magasin indépendant|responsable de magasin indépendante|détaillante indépendante|commerçant indépendant|détaillant indépendant|commerçante indépendante
http://data.europa.eu/esco/occupation/c0ec3a06-1dac-4c21-9f08-4c9dfbc9d6cf,agent de décontamination/agente de décontamination,agent d’hygiène et de décontamination|agente d’assainissement et de décontamination|agente d’hygiène et de décontamination|technicien en dépollution|agente de décontamination|technicienne en dépollution|agent d’assainissement et de décontamination|agent de décontamination
http://data.europa.eu/esco/occupation/be375e11-9a70-47cb-8091-711c94ed0c13,conseiller en bronzage/conseillère en bronzage,opératrice de bronzage par ultraviolets|opératrice de bronzage|opérateur de bronzage|conseiller en bronzage|opéateur de bronzage par ultraviolets|conseillère en bronzage
http://data.europa.eu/esco/occupation/c0a15ec7-10e6-45e7-b69c-b85ff6f4f87f,ouvrier d’élevage en aquaculture/ouvrière d’élevage en aquaculture,ouvrier d'élevage en aquaculture|ouvrière d'élevage en aquaculture
http://data.europa.eu/esco/occupation/bfc1b4e9-624c-4fba-89f2-d218bba9e257,régisseur effets spéciaux volants/régisseuse effets spéciaux volants,régisseur effets spéciaux volants|régisseuse effets spéciaux volants
http://data.europa.eu/esco/occupation/bea705fe-06ac-4147-b8e0-6e8ac1208d8f,magasinier/magasinière,magasinière|magasinier
http://data.europa.eu/esco/occupation/bfe142b9-a049-4d41-89c4-fd2f34ac56b6,assistant vérificateur de comptes/assistante vérificatrice de comptes,assistante vérificatrice de comptes|aide-comptable facturier|aide-comptable facturière|assistant vérificateur de comptes
http://data.europa.eu/esco/occupation/be54b8da-bc71-40f0-b150-45c5e0769375,responsable de salle en évènementiel,manager des conférences at banquets|responsable des réceptions|responsable des activités évènementielles|responsable évènementiel
http://data.europa.eu/esco/occupation/c0a35355-be44-44c0-82d2-acf8363ed45e,contrôleur qualité de produits métalliques/contrôleuse qualité de produits métalliques,contrôleuse qualité de produits métalliques|contrôleur qualité de produits métalliques
http://data.europa.eu/esco/occupation/be3c021d-bd93-45a0-ad32-e8fa8e0d17ef,enseignant-chercheur en langues étrangères/enseignante-chercheuse en langues étrangères,maître de langues dans l’enseignement supérieur|enseignant-chercheur en langues étrangères|enseignant-chercheur en langues étrangères appliquées/enseignante-chercheuse en langues étrangères appliquées|lectrice de langues dans l’enseignement supérieur|lecteur de langues dans l’enseignement supérieur/lectrice de langues dans l’enseignement supérieur|maître de langues dans l’enseignement supérieur/maîtresse de langues dans l’enseignement supérieur|enseignante-chercheuse en langues étrangères|lecteur de langues dans l’enseignement supérieur|enseignante-chercheuse en langues étrangères appliquées|enseignant-chercheur en langues étrangères appliquées|maîtresse de langues dans l’enseignement supérieur
http://data.europa.eu/esco/occupation/be6d7fd3-2e51-499f-a31d-8aa0bbd32f2a,assistant de service social dans une unité de soins palliatifs/assistante de service social dans une unité de soins palliatifs,assistant de service social dans une unité de soins palliatifs|assistante de service social dans une unité de soins palliatifs
http://data.europa.eu/esco/occupation/becbe3ca-e000-40c0-9f67-5c4035b930ea,technicien d’essais en matériel informatique/technicienne d’essais en matériel informatique,technicienne d’essais en matériel informatique|opérateur de tests en matériel informatique|opératrice de tests en matériel informatique|technicien de contrôle et de tests matériel informatique|technicienne de contrôle et de tests matériel informatique|technicien d’essais en matériel informatique
http://data.europa.eu/esco/occupation/c0463fbe-7914-48ac-84ec-abaee1a7f292,négociateur en valeurs mobilières/négociatrice en valeurs mobilières,négociateur en valeurs mobilières|négociatrice en valeurs mobilières
http://data.europa.eu/esco/occupation/bf7d8b16-4e2c-48ef-b44e-dc25b2d0ab61,barista,barman|barmaid|serveur de bar|serveuse de bar|serveuse|serveur
http://data.europa.eu/esco/occupation/c011a88b-95ab-46ad-ad30-539e3fc56092,professeur de matières littéraires/professeure de matières littéraires,professeur de matières littéraires|professeure de matières littéraires
http://data.europa.eu/esco/occupation/bff7e8a3-6206-4d38-b25f-fcb6e634c7af,enseignant-chercheur en archéologie/enseignante-chercheuse en archéologie,enseignant-chercheur en archéologie|enseignante-chercheuse en archéologie
http://data.europa.eu/esco/occupation/bf2ca3bb-5fa5-41d9-a039-949cad61616d,attaché technico-commercial en produits chimiques/attachée technico-commerciale en produits chimiques,attachée technico-commerciale en produits chimiques|attaché technico-commercial en produits chimiques
http://data.europa.eu/esco/occupation/c02ee787-c30b-4f0d-9d7f-6eb36fc44a5d,directeur de recherche/directrice de recherche,directeur de recherche|directrice de recherche
http://data.europa.eu/esco/occupation/c01cdf85-3ce0-4d12-ae86-e4e63493fafa,conseiller en investissements financiers/conseillère en investissements financiers,conseillère en investissements financiers|courtier en prêts immobiliers|courtière en prêts immobiliers|conseiller en investissements financiers
http://data.europa.eu/esco/occupation/c28cb56b-003e-499a-8dbf-b654864e7867,colleur d'affiche/colleuse d'affiche,colleuse d'affiche|colleur d'affiche
http://data.europa.eu/esco/occupation/c18fddf5-cfc4-4f9c-94d6-86608faaa1dd,responsable de service social,directrice de service social|responsable de services sociaux|directrice de services sociaux|directeur de services sociaux|directeur de service social
http://data.europa.eu/esco/occupation/c22724a3-079c-4897-bd92-d99e068b6ffc,mouleur-stratifieur par pultrusion/mouleuse-stratifieuse par pultrusion,mouleuse-stratifieuse par pultrusion|mouleur-stratifieur par pultrusion
http://data.europa.eu/esco/occupation/c269387f-a652-4880-860a-e91ef105bfb7,directeur d'école maternelle/directrice d'école maternelle,directeur d'école gardienne|directrice d'école maternelle|directrice de crèche|directeur d'école maternelle|directrice d'école gardienne|directeur de crèche
http://data.europa.eu/esco/occupation/c227dcff-dd84-487e-a171-da3d919129bb,coordonnateur des aides financières aux étudiants/coordonnatrice des aides financières aux étudiants,coordonnatrice des aides financières aux étudiants|coordonnateur des aides financières aux étudiants
http://data.europa.eu/esco/occupation/c143d51a-5267-41a8-a73b-9022cf74c495,spécialiste en import-export de machines et équipements de bureau,
http://data.europa.eu/esco/occupation/c1a86d6d-7785-43e1-994b-958eba58fff7,pharmacien assistant/pharmacienne assistante,pharmacienne assistante|pharmacien assistant
http://data.europa.eu/esco/occupation/c1ee52e0-f30a-4f8d-a7f5-b07f5f06f88f,responsable de la logistique distribution de produits laitiers et huiles alimentaires,
http://data.europa.eu/esco/occupation/c262bb96-03bb-4c97-a45b-0cf36db5b048,assistant enseignant-chercheur/assistante enseignante-chercheuse,attaché temporaire d’enseignement et de recherche/attachée temporaire d’enseignement et de recherche|enseignant-chercheur assistant/enseignante-chercheuse assistante|enseignant-chercheur assistant|enseignant-chercheur doctorant|assistant enseignant-chercheur|enseignante-chercheuse assistante|attaché temporaire d’enseignement et de recherche|enseignant-chercheur associé|enseignante-chercheuse doctorante|assistante enseignante-chercheuse|attachée temporaire d’enseignement et de recherche|enseignant-chercheur associé/enseignante-chercheuse associée|enseignant-chercheur doctorant/enseignante-chercheuse doctorante|enseignante-chercheuse associée
http://data.europa.eu/esco/occupation/c25b3700-6095-42b7-99fc-b87dc326c044,scientifique agricole,agronome|ingénieur agronome/ingénieure agronome|ingénieur agronome|ingénieure agronome
http://data.europa.eu/esco/occupation/c2e6609d-0abe-4a38-b295-e06edbd52e82,collecteur de fonds/collectrice de fonds,responsable de la collecte de fonds|responsable de développement des ressources|administrateur de fonds|administrateur de fonds/administratrice de fonds|collectrice de fonds|administratrice de fonds|collecteur de fonds
http://data.europa.eu/esco/occupation/c56295bb-ef33-4ccd-a929-59e3dd73f876,maître de chai/maîtresse de chai,chef caviste|maître de chai|maîtresse de chai|chef de cave
http://data.europa.eu/esco/occupation/c418ed9a-132f-48cd-ae5c-dd375070ee0e,agent chargé du développement commercial,directeur des ventes|directrice des ventes|chargée d'expansion commerciale|directeur des ventes/directrice des ventes|chargé d'expansion commerciale|directrice commerciale|directeur commercial/directrice commerciale
http://data.europa.eu/esco/occupation/c453886f-a8f0-434c-be0e-e6a12c49954f,polisseur de pierre/polisseuse de pierre,polisseuse de pierre|polisseur de pierre
http://data.europa.eu/esco/occupation/c2efadc4-6f47-4f34-997b-dd80aba609dd,responsable de projets culturels,chargée du développement culturel|chargé du développement culturel/chargée du développement culturel|médiateur culturel|chargé du développement culturel|médiatrice culturelle|médiateur culturel/médiatrice culturelle
http://data.europa.eu/esco/occupation/c44f9f8c-46a6-40da-9630-cc568a18cc51,ferronnier d’art/ferronnière d’art,forgeronne d'art|métallier d'art|ferronnier d'art|métallière d'art|façonneur de pièces métalliques ornementales|forgeron d'art|façonneuse de pièces métalliques ornementales|ferronnière d'art
http://data.europa.eu/esco/occupation/c530b0ee-46f8-40fb-818c-d9b44b891cb9,responsable de produits bancaires,gestionnaire de produits bancaires|responsable des produits structurés actions|chef des produits bancaires|cheffe des produits bancaires
http://data.europa.eu/esco/occupation/c32155d3-9ac5-4e44-8e8b-25c47ad31c38,conducteur de lessiveur en industrie papetière/conductrice de lessiveur en industrie papetière,conductrice de lessiveur en industrie papetière|conducteur de lessiveur en industrie papetière
http://data.europa.eu/esco/occupation/c3aae59e-1441-4b3e-bdd1-6da50dc7cf42,chargé de comptabilité/chargée de comptabilité,agent de gestion comptable|chargée de comptabilité|chargé de comptabilité|agente de gestion comptable
http://data.europa.eu/esco/occupation/c2d5daae-8f8a-45b1-8e76-3284b84ce195,ressortier/ressortière,opératrice de machine à fabriquer les ressorts|opérateur de machine à fabriquer les ressorts/opératrice de machine à fabriquer les ressorts|façonneur de ressorts/façonneuse de ressorts|façonneuse de ressorts|ressortier|ressortière|façonneur de ressorts|opérateur de machine à fabriquer les ressorts
http://data.europa.eu/esco/occupation/c3760388-d070-491a-9c1f-be305a576815,coordinateur des pilotes de navire/coordinatrice des pilotes de navire,coordinateur des pilotes de navire|coordinatrice des pilotes de navire
http://data.europa.eu/esco/occupation/c40a2919-48a9-40ea-b506-1f34f693496d,développeur web/développeuse web,conceptrice web|créatrice de contenus web|développeur web|développeuse web|développeuse Internet|créateur de contenus web|développeur Internet|concepteur web
http://data.europa.eu/esco/occupation/c3fc5265-6333-483f-9339-b4b860efa08d,observateur de pêche/observatrice de pêche,contrôleur de pêche|contrôleuse de pêche|observateur de pêche|observatrice de pêche
http://data.europa.eu/esco/occupation/c3abb0cb-c78c-4136-b9f9-f9feca9179fa,responsable planification des flux de gaz,
http://data.europa.eu/esco/occupation/c4d6d07a-ae90-40ce-bc5a-c952805a9bf3,audiologiste,
http://data.europa.eu/esco/occupation/c5328083-eda0-4ca8-b9cb-99a46e73a9bc,spécialiste en botanique,opérateur en botanique|ingénieur en botanique|ingénieure en botanique|opératrice en botanique|expert en botanique
http://data.europa.eu/esco/occupation/c40ef517-d4ab-4932-b184-9c2ea5b24fe2,agronome,ingénieur agronome/ingénieure agronome|ingénieur agronome|ingénieure agronome
http://data.europa.eu/esco/occupation/c2a29b8d-1042-4766-a162-e174c7a77421,praticien de médecine alternative/praticienne de médecine alternative,praticien de médecine non conventionnelle/praticienne de médecine non conventionnelle|praticien de médecine alternative|praticien de médecine douce|praticienne de médecine alternative|praticien de médecine douce/praticienne de médecine douce|praticienne de médecine douce|praticien de médecine non conventionnelle|praticienne de médecine non conventionnelle
http://data.europa.eu/esco/occupation/c430500d-0b8b-4ef5-8f91-3e98cff32356,responsable import-export de produits du tabac,
http://data.europa.eu/esco/occupation/c3cae318-8b15-4339-a617-1a66b9ff6609,technicien monteur moteur/technicienne monteuse moteur,technicienne monteuse moteur|mécanicienne monteuse moteur|mécanicien monteur moteur/mécanicienne monteuse moteur|technicien monteur moteur|mécanicien monteur moteur
http://data.europa.eu/esco/occupation/c3dc576e-2a58-4481-9b6f-9853067af8ea,négociant en bois/négociante en bois,négociant en bois|négociante en bois
http://data.europa.eu/esco/occupation/c44c078d-85e4-40a3-9598-2c333d7a24ca,ingénieur papetier/ingénieure papetière,ingénieure papetière|ingénieur papetier
http://data.europa.eu/esco/occupation/c332af81-4481-4494-9786-aea1f5c5ffcf,régleur-étalonneur en électricité et en électronique/régleuse-étalonneuse en électricité et en électronique,technicien en métrologie|technicienne en métrologie|régleur-étalonneur en électricité et en électronique|régleuse-étalonneuse en électricité et en électronique
http://data.europa.eu/esco/occupation/c52129d9-4656-4ce8-ba13-8a72a51d5400,dessinateur en conception de produits industriels/dessinatrice en conception de produits industriels,dessinatrice produits industriels|dessinateur produits industriels|dessinateur en conception de produits industriels|dessinatrice en conception de produits industriels
http://data.europa.eu/esco/occupation/c29f1a42-25cb-4192-9bc1-cc7560c00590,moniteur poids lourds/monitrice poids lourds,monitrice de camion-école|monitrice poids lourds|formatrice de chauffeur-routier|moniteur poids lourds|moniteur de camion-école|formateur de chauffeur-routier|formatrice de conducteur routier|formateur de conducteur routier
http://data.europa.eu/esco/occupation/c3b82711-273d-4fa8-8de7-0ac3d99c16fc,enseignant-chercheur en informatique/enseignante-chercheuse en informatique,enseignante-chercheuse en informatique|enseignant-chercheur en informatique
http://data.europa.eu/esco/occupation/c4a81f47-6ed8-4a17-ab4a-21a2e67fa1d9,babysitter,auxiliaire parentale|auxiliaire parental|garde d'enfant à domicile
http://data.europa.eu/esco/occupation/c37d0026-989b-4705-9bcb-30cccd8308fa,diététicien chef de produit en fabrication industrielle/diététicienne chef de produit en fabrication industrielle,diététicien chef de produit en fabrication industrielle|diététicienne chef de produit en fabrication industrielle
http://data.europa.eu/esco/occupation/c36fc197-1f5b-4563-acd8-6f1d06aa1c03,ingénieur en construction navale/ingénieure en construction navale,inspecteur des douanes spécialiste en maintenance navale|ingénieur naval/ingénieure navale|ingénieur naval|inspecteur des douanes spécialiste en maintenance navale/inspectrice des douanes spécialiste en maintenance navale|ingénieur en construction navale|ingénieure en construction navale|inspectrice des douanes spécialiste en maintenance navale|ingénieure navale
http://data.europa.eu/esco/occupation/c549f0de-c415-428e-865c-973bcd224b39,enseignant-chercheur en linguistique/enseignante-chercheuse en linguistique,enseignant-chercheur en linguistique|enseignante-chercheuse en linguistique
http://data.europa.eu/esco/occupation/c3c8c56c-b3ab-4425-a38a-abcace020d22,psychologue clinicien/psychologue clinicienne,psychologue clinicien|psychologue clinicienne
http://data.europa.eu/esco/occupation/c4071145-a774-4cf4-aefa-ae18a385cca4,ingénieur logistique/ingénieure logistique,ingénieure logistique|ingénieur logistique
http://data.europa.eu/esco/occupation/c4046ba8-cfe0-4748-beac-22e865962d75,superviseur de malterie/superviseuse de malterie,superviseuse de malterie|inspectrice de malterie|inspecteur de malterie|contrôleur de malterie|contrôleuse de malterie|responsable de malterie|superviseur de malterie
http://data.europa.eu/esco/occupation/c3959398-a5d7-4b26-abcf-ef7af87e5822,conducteur/conductrice d’installations de production d’énergie géothermique,conducteur d'installations de production d'énergie géothermique|conductrice d'installations de production d'énergie géothermique
http://data.europa.eu/esco/occupation/c302791c-6864-4ec5-9a6c-2fca38764f0e,inspecteur de conformité en sécurité incendie/inspectrice de conformité en sécurité incendie,inspecteur de conformité en sécurité incendie|inspectrice de conformité en sécurité incendie
http://data.europa.eu/esco/occupation/c5902c47-0c2e-45aa-94dd-951ad641449c,mouleur en fonderie/mouleuse en fonderie,mouleur en fonderie|mouleuse en fonderie
http://data.europa.eu/esco/occupation/c44a118d-18c1-46ac-985f-3e802a064b73,monteur de panneaux de commande électriques/monteuse de panneaux de commande électriques,monteur de panneaux de commande électriques|monteuse de panneaux de commande électriques
http://data.europa.eu/esco/occupation/c5d779f4-345b-4918-872b-a1cbaeb1d9be,conducteur routier de matières dangereuses/conductrice routière de matières dangereuses,chauffeur poids lourd ADR|conducteur poids lourd ADR/conductrice poids lourd ADR|chauffeuse ADR|conductrice poids lourd ADR|conductrice routière de matières dangereuses|chauffeur ADR|chauffeur ADR/chauffeuse ADR|chauffeur matières dangereuses|chauffeur poids lourd ADR/chauffeuse poids lourd ADR|chauffeuse poids lourd ADR|chauffeuse matières dangereuses|conducteur poids lourd ADR|conducteur routier de matières dangereuses|chauffeur matières dangereuses/chauffeuse matières dangereuses
http://data.europa.eu/esco/occupation/c64a6e4e-5b38-4f93-b26d-aded817aeaf3,directeur général adjoint/directrice générale adjointe,directrice générale adjointe|directeur général adjoint|directrice de l'exploitation|directrice des opérations
http://data.europa.eu/esco/occupation/c5c1c40f-d2b7-437f-b3e8-b9da48f6d728,assistant de gestion immobilière/assistante de gestion immobilière,assistant de gestion immobilière|assistante de gestion immobilière
http://data.europa.eu/esco/occupation/c644e6f6-dffc-4d7a-bf36-a384e465937b,facteur d’instruments de musique à clavier/factrice d’instruments de musique à clavier,facteur d’instruments de musique à clavier|factrice d’instruments de musique à clavier
http://data.europa.eu/esco/occupation/c6196b21-20f9-4608-83fb-6f143afc740d,géologue,
http://data.europa.eu/esco/occupation/c5d36eef-df20-47a8-a332-5b4358fa83e3,analyste des télécommunications,analyste télécom|analyste télécommunications
http://data.europa.eu/esco/occupation/c6239b9e-5973-4b0a-a2ed-4c4b41331e04,auxiliaire de vie en structure d’hébergement pour adultes,
http://data.europa.eu/esco/occupation/c5b45ebe-0e9f-4bc4-9563-7fdf31115e53,contrôleur qualité des assemblages en matériel roulant/contrôleuse qualité des assemblages en matériel roulant,contrôleur qualité des assemblages en matériel roulant|contrôleuse qualité des assemblages en matériel roulant
http://data.europa.eu/esco/occupation/c593ded7-2e97-44a5-a5f3-f6115ff98233,enseignant-chercheur en science politique/enseignante-chercheuse en science politique,enseignante-chercheuse en science politique|enseignante-chercheuse en sciences politiques|enseignant-chercheur en science politique|enseignant-chercheur en sciences politiques|enseignant-chercheur en sciences politiques/enseignante-chercheuse en sciences politiques
http://data.europa.eu/esco/occupation/c60ede09-b67b-4173-8991-b9b694149488,conseiller en insertion professionnelle/conseillère en insertion professionnelle,conseiller à l'emploi/conseillère à l'emploi|conseillère à l'emploi|conseillère en insertion professionnelle|conseiller à l'emploi|conseiller en insertion professionnelle
http://data.europa.eu/esco/occupation/c89afd9a-7dad-4bae-9315-5fcadd9ad8b6,monteur-électricien en réseaux de distribution électrique/monteuse-électricienne en réseaux de distribution électrique,monteur-électricien en réseaux de distribution électrique|monteuse-électricienne en réseaux de distribution électrique
http://data.europa.eu/esco/occupation/c9191f7f-28b5-4df8-991d-804c53009b83,ouvrier agricole/ouvrière agricole,employé de production agricole|employé agricole|ouvrier agricole|employée de production agricole|aide agricole|ouvrière agricole|employée agricole
http://data.europa.eu/esco/occupation/c7c3f05b-319b-4aa7-891e-78106f875de2,conducteur d’installation de dessiccation en savonnerie/conductrice d’installation de dessiccation en savonnerie,opératrice d’installation de production de savon en poudre|opérateur d’installation de production de savon en poudre/opératrice d’installation de production de savon en poudre|conducteur d’installation de dessiccation en savonnerie|opérateur d’installation de production de savon en poudre|conductrice d’installation de dessiccation en savonnerie
http://data.europa.eu/esco/occupation/c93d58bd-3aa6-4de4-812d-010542f1dec8,opérateur de fabrication en industrie pharmaceutique/opératrice de fabrication en industrie pharmaceutique,technicienne de fabrication en industrie pharmaceutique|opératrice technique de production en industrie pharmaceutique|technicien de fabrication en industrie pharmaceutique|technicienne de production en industrie pharmaceutique|opérateur de fabrication en industrie pharmaceutique|technicien de production en industrie pharmaceutique/technicienne de production en industrie pharmaceutique|technicien de production en industrie pharmaceutique|technicien de fabrication en industrie pharmaceutique/technicienne de fabrication en industrie pharmaceutique|opératrice de fabrication en industrie pharmaceutique|opérateur technique de production en industrie pharmaceutique/opératrice technique de production en industrie pharmaceutique|opérateur technique de production en industrie pharmaceutique
http://data.europa.eu/esco/occupation/c706886d-5bc7-4430-9a72-051fc483235f,agent de production de matériaux absorbants pour protections hygiéniques/agente de production de matériaux absorbants pour protections hygiéniques,agente de production de  matériaux absorbants pour protections hygiéniques|agent de production de  matériaux absorbants pour protections hygiéniques
http://data.europa.eu/esco/occupation/c737f094-7921-4d57-b883-6442343a5fd8,notateur,
http://data.europa.eu/esco/occupation/c84a055d-00fe-4789-a054-f4a62914ff6e,déménageur/déménageuse,déménageuse|déménageur
http://data.europa.eu/esco/occupation/c6c48286-2037-47e3-a132-b745dce858e2,médecin légiste,
http://data.europa.eu/esco/occupation/c92a4851-9418-4fb5-8201-c7e03cc2b6e2,garde barrière,
http://data.europa.eu/esco/occupation/c8ee41fc-7a5f-4255-adbd-dcc47cf2a28e,chasseur/chasseuse,chasseuse|chasseur
http://data.europa.eu/esco/occupation/c94dc5b2-6b23-4915-8de5-a4e6ae86d802,pilote de l'armée de l'air,
http://data.europa.eu/esco/occupation/c784c2db-e636-429f-8492-3191790a58d7,conseiller sportif en salle de remise en forme/conseillère sportive en salle de remise en forme,instructeur de fitness|professeur de fitness|professeure de fitness|conseillère sportive en salle de remise en forme|éducatrice sportive des métiers de la forme|conseiller sportif en salle de remise en forme|éducateur sportif des métiers de la forme|instructrice de fitness
http://data.europa.eu/esco/occupation/c8ee6499-7613-4c02-9edf-2a0edcf47705,agent de sûreté aérienne/agente de sûreté aérienne,agente de sûreté aérienne|agent de sûreté aérienne
http://data.europa.eu/esco/occupation/c6a26e11-bdf1-47a1-849d-fdcf819d458d,officier des forces armées/officière des forces armées,officier des forces armées|officière des forces armées
http://data.europa.eu/esco/occupation/c766198e-5b9c-4c85-9fef-be27c783ab19,agent d’assiette des impôts/agente d’assiette des impôts,agent de constatation des impôts|agent de constatation ou d'assiette des impôts|agente de constatation des impôts|agente d'assiette des impôts|agente de constatation ou d'assiette des impôts|agent d'assiette des impôts
http://data.europa.eu/esco/occupation/c6e5e0e7-fa99-4f71-9fc1-9889d85282a5,général/générale,général|générale
http://data.europa.eu/esco/occupation/c94f3565-d987-431f-a46b-6f4e018e0bd7,directeur de projets/directrice de projets,directrice de projets|directeur de projets
http://data.europa.eu/esco/occupation/c85e39a4-2c40-413f-a171-45907ecdd599,agent de talents/agente de talents,agente de promotion des artistes|teneur d'agenda d'artistes|agent de mannequin|agente de talents|agent de sportif|imprésario|agente de mannequin|agente artistique|agent littéraire|agent de promotion des artistes|agente de sportif|agent de talents|teneuse d'agenda d'artistes|agent artistique
http://data.europa.eu/esco/occupation/c8fa93eb-7c2c-42c3-b135-c2e825a6615e,ingénieur d’essais/ingénieure d’essais,responsable essais|ingénieur essais/ingénieure essais|ingénieur d’essais|ingénieur essais|ingénieure essais|ingénieure d’essais
http://data.europa.eu/esco/occupation/c90e5009-37f2-4dcd-aea2-362fc817bc98,responsable de l'environnement informatique,responsable de l'environnement TIC|directeur de l'environnement des technologies de l'information et de la communication|directrice de l'environnement TIC|responsable de l'environnement des technologies de l'information et de la communication|directeur de l'environnement TIC|directrice de l'environnement des technologies de l'information et de la communication
http://data.europa.eu/esco/occupation/c7ffc270-7bd2-4bb1-a51a-4766170d7935,négociant grossiste en produits chimiques/négociante grossiste en produits chimiques,négociante grossiste en produits chimiques|négociant grossiste en produits chimiques
http://data.europa.eu/esco/occupation/c872187a-079b-413b-8503-7b5dd92abb88,conseiller en conformité réglementaire en agroalimentaire/conseillère en conformité réglementaire en agroalimentaire,expert en agroalimentaire|conseillère en conformité réglementaire en agroalimentaire|expert en technologies alimentaires|experte en agroalimentaire|conseiller en conformité réglementaire en agroalimentaire|responsable qualité sécurité environnement en agroalimentaire|experte en technologies alimentaires
http://data.europa.eu/esco/occupation/c7f5cab7-7cfb-47d7-890c-6b9c00a9eaaf,diagnostiqueur performance énergétique du bâtiment/diagnostiqueuse performance énergétique du bâtiment,diagnostiqueuse performance énergétique du bâtiment|diagnostiqueur performance énergétique dubâtiment|auditeur énergétique du bâtiment|conseillère en économies d'énergie|auditrice énergétique du bâtiment|conseiller en économies d'énergie
http://data.europa.eu/esco/occupation/c76dda38-938c-404e-8a6d-78c8705eebc0,responsable des caisses,chef de caisse|cheffe de caisse
http://data.europa.eu/esco/occupation/c90a6ebe-adcc-4395-9f5b-ff3e96e93cef,enseignant-chercheur en théologie/enseignante-chercheuse en théologie,enseignant-chercheur en théologie|enseignante-chercheuse en didactique du fait religieux islamique et de la construction culturelle de l’arabité|enseignant-chercheur en théologie pratique|enseignante-chercheuse en théologie catholique|enseignant-chercheur en théologie protestante/enseignante-chercheuse en théologie protestante|enseignant-chercheur en théologie catholique|enseignante-chercheuse en théologie|enseignant-chercheur en théologique dogmatique/enseignante-chercheuse en théologique dogmatique|enseignant-chercheur en théologie catholique/enseignante-chercheuse en théologie catholique|enseignant-chercheur en didactique du fait religieux islamique et de la construction culturelle de l’arabité|enseignante-chercheuse en théologie dogmatique|enseignant-chercheur en didactique du fait religieux islamique et de la construction culturelle de l’arabité/enseignante-chercheuse en didactique du fait religieux islamique et de la construction culturelle de l’arabité|enseignant-chercheur en théologique pratique/enseignante-chercheuse en théologique pratique|enseignante-chercheuse en théologie pratique|enseignant-chercheur en théologie dogmatique|enseignante-chercheuse en théologie protestante|enseignant-chercheur en théologie protestante
http://data.europa.eu/esco/occupation/c66b4569-09aa-4d8d-93d9-ac9b9176655d,conseiller en sécurité/conseillère en sécurité,conseiller en sûreté|conseillère en sûreté|consultant en sécurité|conseillère en sécurité|conseiller en sécurité|consultante en sécurité
http://data.europa.eu/esco/occupation/c8b296be-54ae-48cf-be21-031fa8457937,assistant logistique/assistante logistique,assistante du responsable de l'organisation de la chaîne logistique|assistant du responsable de l'organisation de la chaîne logistique|superviseur de ligne logistique|assistante logistique|superviseuse de ligne logistique|assistant logistique
http://data.europa.eu/esco/occupation/c81af273-1112-4b3f-a2a5-b85b1290ae22,soudeur laser/soudeuse laser,soudeur laser|soudeuse laser
http://data.europa.eu/esco/occupation/c6bd511a-d966-4df9-a48e-4f800354f268,directeur des opérations/directrice des opérations,directeur des opérations|directeur de l'exploitation|responsable des opérations|directrice de l'exploitation|directrice des opérations
http://data.europa.eu/esco/occupation/c822ca35-6c36-4eab-97fa-90f2775091c3,vendeur sur les marchés/vendeuse sur les marchés,marchand ambulant|marchande de foire|marchande ambulante|vendeur ambulant|marchand de foire|vendeuse ambulante|vendeur sur les marchés|vendeuse sur les marchés
http://data.europa.eu/esco/occupation/c7ee21d5-9a13-4cf8-a3b9-292eefd37f7a,superviseur de production en alimentation animale/superviseuse de production en alimentation animale,technicienne en alimentation animale|superviseur de production en alimentation animale|conseillère en technique de production animale|responsable système et qualité en production animale|conseiller en technique de production animale|technicien en alimentation animale|superviseuse de production en alimentation animale
http://data.europa.eu/esco/occupation/c76566f1-97a1-43e9-a7d8-155db0e56987,préparateur de vernis/préparatrice de vernis,préparateur de vernis|préparatrice de vernis
http://data.europa.eu/esco/occupation/c8e6cdcc-824e-4887-8ee2-197e7d794258,géochimiste,
http://data.europa.eu/esco/occupation/c871b431-2bef-4824-a504-50b60cf633f7,négociant grossiste en produits à base de tabac/négociante grossiste en produits à base de tabac,négociant grossiste en produits à base de tabac|négociante grossiste en produits à base de tabac
http://data.europa.eu/esco/occupation/c7ad889f-10fc-4346-b740-bd479ad82b47,agent de santé communautaire/agente de santé communautaire,agent de santé communautaire|agente de santé communautaire
http://data.europa.eu/esco/occupation/c71ee6a5-ce48-4afd-aa1e-eaabf17ccbc0,responsable import-export de déchets et débris,
http://data.europa.eu/esco/occupation/c95121e9-e9f7-40a9-adcb-6fda1e82bbd2,technicien en déchets dangereux/technicienne en déchets dangereux,technicienne en déchets dangereux|technicien en déchets dangereux
http://data.europa.eu/esco/occupation/c7b31477-88e3-400f-988f-3baa090de173,facteur d’orgues/factrice d’orgues,facteur d’orgues|factrice d’orgues
http://data.europa.eu/esco/occupation/c932109b-3e4f-43aa-b346-1ea421da0adb,sellier-garnisseur en aéronautique/sellière-garnisseuse en aéronautique,sellier-garnisseur en aéronautique|sellière-garnisseuse en aéronautique
http://data.europa.eu/esco/occupation/c8505fa5-0a33-4143-bd87-f24f569e8813,employé chargé de la correspondance en langues étrangères/employée chargée de la correspondance en langues étrangères,employé chargé de la correspondance en langues étrangères|employée chargée de la correspondance en langues étrangères
http://data.europa.eu/esco/occupation/ca2da084-3bfa-47d8-84ba-ef890191708d,opérateur de production de vermouth/opératrice de production de vermouth,opérateur de fabrication de vermouth|opératrice de production de vermouth|opératrice de fabrication de vermouth|opérateur de production de vermouth
http://data.europa.eu/esco/occupation/c9f6c245-8c66-4b13-9253-9835194abb23,biseauteur de verre/biseauteuse de verre,biseauteur de verre|biseauteuse de verre
http://data.europa.eu/esco/occupation/c956be07-53a3-4b01-b8f8-f0c5a428eaa8,attaché technico-commercial/attachée technico-commerciale,attachée technico-commerciale|attaché technico-commercial
http://data.europa.eu/esco/occupation/c9874f14-5474-43f6-b4a2-77a94f9abfb3,sellier-garnisseur/sellière-garnisseuse en automobile,sellier-garnisseur en automobile|sellière-garnisseuse en automobile
http://data.europa.eu/esco/occupation/c9839843-6cac-4564-8aa7-de4a5b9b62e1,courtier en organismes de placement collectif - OPCVM/courtière en organismes de placement collectif - OPCVM,courtière en organismes de placement collectif - OPCVM|courtier en organismes de placement collectif - OPCVM
http://data.europa.eu/esco/occupation/c995fe34-0909-4ce3-b7b7-97945efede56,concepteur vidéo/conceptrice vidéo,vidéo-jockey|conceptrice vidéo|concepteur vidéo
http://data.europa.eu/esco/occupation/c9a5f7c5-0f8b-4252-9729-5f19c105ef81,opérateur entretien et surveillance du réseau routier/opératrice entretien et surveillance du réseau routier,opératrice entretien et surveillance du réseau routier|opérateur entretien et surveillance du réseau routier
http://data.europa.eu/esco/occupation/c9d89e09-d57f-4980-9164-880e60711e97,directeur d'école primaire/directrice d'école primaire,directrice d'école du premier degré|directrice d'école primaire|directeur d'école primaire|chef d'établissement du premier degré|directeur d'école du premier degré|cheffe d'établissement du premier degré
http://data.europa.eu/esco/occupation/caf7b8fb-b2d6-46b7-bffa-bea7f8e4aed8,chargé de mission/chargée de mission,chargée de mission|chargé de mission
http://data.europa.eu/esco/occupation/cdef4961-fcc2-4e00-bfe8-4480b33aa6f3,coordinateur en soudage/coordinatrice en soudage,coordinatrice en soudage|coordinateur en soudage
http://data.europa.eu/esco/occupation/cb3b2662-774a-4e6f-841e-f120244d7031,sergent-chef,sergente|sergent|première sergente-chef|sergent/sergente|premier sergent-chef/première sergente-chef|sergent-chef|sergente-chef|premier sergent-chef
http://data.europa.eu/esco/occupation/ce5b1eb1-5862-4f00-a813-0f90aecd5ef5,opérateur de trempe/opératrice de trempe,opérateur de trempe|trempeuse de métaux|opératrice de trempe|trempeur|trempeur de métaux/trempeuse de métaux|conducteur de trempe|conducteur de trempe/conductrice de trempe|trempeur/trempeuse|trempeur de métaux|trempeuse|conductrice de trempe
http://data.europa.eu/esco/occupation/cb3c0f82-a79b-4518-ad1f-5463b3e74831,conducteur de décapeuses/conductrice de décapeuses,conductrice de scraper|conducteur de scraper|conductrice de décapeuses|conducteur de scrap|conducteur de scraper/conductrice de scraper|conductrice de scrap|conducteur de scrap/conductrice de scrap|conducteur de décapeuses
http://data.europa.eu/esco/occupation/cae71f3f-ad4d-480e-b501-bff22827e60c,conducteur de bulldozer/conductrice de bulldozer,conducteur de bouteur|conductrice de bulldozer|conducteur de bulldozer|conducteur de bouteur/conductrice de bouteur|conductrice de bouteur
http://data.europa.eu/esco/occupation/ce7d3362-5383-47d1-b66f-57b021c3d862,producteur radio/productrice radio,productrice radio|producteur radio
http://data.europa.eu/esco/occupation/cb93fd23-1f51-4495-867a-936c1967066b,directeur artistique/directrice artistique,directeur artistique|directrice artistique
http://data.europa.eu/esco/occupation/cb3432f8-bad7-4703-ba66-dc980a4ce4f7,opérateur de traitement des déchets métalliques/opératrice de traitement des déchets métalliques,ferrailleuse|opératrice de traitement des déchets métalliques|opérateur de traitement des déchets métalliques|ferrailleur
http://data.europa.eu/esco/occupation/cb60beab-7afb-4e99-8162-221abea68e6d,conseiller en droit de la consommation/conseillère en droit de la consommation,conseiller en droit de la consommation|inspectrice de l'hygiène des denrées alimentaires|inspecteur de l'hygiène des denrées alimentaires|conseillère en droit de la consommation
http://data.europa.eu/esco/occupation/cd7b838c-51f6-41ec-9067-bb974c0f991b,directeur de la communication/directrice de la communication,responsable de communication en entreprise|directrice de la communication|directeur de la communication|responsable de la communication
http://data.europa.eu/esco/occupation/cbde2432-cb7f-451f-a686-b22cad3957a6,animateur d’atelier de théâtre/animatrice d’atelier de théâtre,animateur d’atelier de théâtre|animatrice d’atelier de théâtre
http://data.europa.eu/esco/occupation/cdd3d773-75a4-4f35-bd1d-1ac720afcf9d,auditeur des systèmes d’information/auditrice des systèmes d’information,auditrice informatique|auditeur informatique|auditeur informatique/auditrice informatique|auditeur des systèmes d'information|auditrice des systèmes d'information
http://data.europa.eu/esco/occupation/ccf0becd-247d-4497-9ee7-25a46c1ffb7a,vendeur en papeterie/vendeuse en papeterie,kiosquière|kiosquier|vendeuse en papeterie|vendeur en papeterie|marchand de journaux|marchande de journaux
http://data.europa.eu/esco/occupation/cbdb80db-c760-4b68-b074-88c397650ef5,directeur de rédaction/directrice de rédaction,directrice de rédaction|directeur de rédaction|rédacteur en chef|rédactrice en chef
http://data.europa.eu/esco/occupation/cc8f929a-75fa-404d-aa17-3301fb494b4f,classeur de produits/classeuse de produits,vérificatrice de produits|vérificateur de produits|trieuse-classeuse de produits|classeuse de produits|trieur-classeur de produits|classeur de produits
http://data.europa.eu/esco/occupation/cbde1a3a-406d-4d17-b30b-03981925035d,analyste en énergie,gestionnaire de flux|économe de flux
http://data.europa.eu/esco/occupation/ccbb7213-79f7-489e-9dad-f90091e550d0,responsable import-export de vêtements et chaussures,
http://data.europa.eu/esco/occupation/cbad55a4-c7cf-4ab6-9540-eac72b26729b,aide ménager à domicile/aide ménagère à domicile,aide ménager à domicile|aide ménagère à domicile
http://data.europa.eu/esco/occupation/cd19e8d1-6abd-4c99-a9bb-85e7c30aca31,chef mécanicien,chef mécanicien à la pêche|cheffe mécanicienne|cheffe mécanicienne à la pêche
http://data.europa.eu/esco/occupation/cb932c74-c13b-47e9-9a85-318bd8eb2f96,nettoyeur de trains/nettoyeuse de trains,nettoyeur de trains|nettoyeuse de trains
http://data.europa.eu/esco/occupation/cbdbe324-81fe-48da-a8f7-0106dd94a05b,superviseur d’installation de traitement de gaz/superviseuse d’installation de traitement de gaz,superviseur d'installation de traitement de gaz|superviseuse d'installation de traitement de gaz
http://data.europa.eu/esco/occupation/caa75a5b-b32f-4d57-bffa-03dbb91058cf,coordonnateur de l’approvisionnement de café vert/coordonnatrice de l’approvisionnement de café vert,coodonnateur de l'approvisionnement de café non grillé|coordonnatrice de l'approvisionnement de café non grillé|coordonnateur de l'approvisionnement de café vert|coordonnatrice de l'approvisionnement de café vert|coodonnateur de l'approvisionnement de café marchand|coordonnatrice de l'approvisionnement de café marchand
http://data.europa.eu/esco/occupation/ce8145f5-d7ea-40ea-b12e-ef168f11184a,artiste sonore,
http://data.europa.eu/esco/occupation/cd4f41a5-87a6-4b3c-8ee3-14e6f457c365,directeur de l'audit interne/directrice de l'audit interne,directeur de l'audit interne|directrice de l'audit interne|directeur de l'audit|directeur de l'audit/directrice de l'audit
http://data.europa.eu/esco/occupation/ce594060-b05a-45d8-ac41-1cf3bb980085,bottier/bottière,bottière|couseur à la main d’articles chaussants|couseuse à la main d’articles chaussants|bottier
http://data.europa.eu/esco/occupation/ce53a1b2-2fec-4d04-9390-47fb3dd525f0,agent d’insertion socioprofessionnelle/agente d’insertion socioprofessionnelle,agente d'insertion socioprofessionnelle|agent d'insertion socioprofessionnelle
http://data.europa.eu/esco/occupation/cadbf9af-1da0-406f-8282-b6d27a7e1a74,monteur au sol/monteuse au sol,monteur au sol|monteuse au sol
http://data.europa.eu/esco/occupation/cc9fcab5-a5c6-4cc9-9606-cbcc2852537f,jardinier botaniste/jardinière botaniste,jardinier botaniste|jardinière botaniste
http://data.europa.eu/esco/occupation/ce6230b8-154f-4e0b-ac03-dca3a269a19c,directeur de centre culturel/directrice de centre culturel,directeur de centre culturel|directrice de centre culturel
http://data.europa.eu/esco/occupation/cb8be514-9388-4ef0-a58d-cff496747610,assembleur de câbles et de faisceaux/assembleuse de câbles et de faisceaux,assembleuse de câbles et de faisceaux|assembleur de câbles et de faisceaux
http://data.europa.eu/esco/occupation/cb446db8-e8b3-418c-a21c-2d10faea42a5,directeur de centrale électrique/directrice de centrale électrique,directeur de centrale électrique|directrice de centrale électrique
http://data.europa.eu/esco/occupation/cd94def5-3442-4c2e-ae3d-0761a3008bcb,préparateur de commandes/préparatrice de commandes,préparatrice de commandes|préparateur de commandes
http://data.europa.eu/esco/occupation/cd3f5356-a16f-4aca-9d4b-ceba2b2afec5,tapissier d’ameublement/tapissière d’ameublement,couturier d’ameublement|tapissière d’ameublement|couturière d’ameublement|tapissier d’ameublement
http://data.europa.eu/esco/occupation/ce2b8609-34c7-40d3-a4f7-581c76bd258a,commissaire divisionnaire de police,commissaire divisionnaire de police|officière de police|commandante de police|officier de police|commandant de police|capitaine de police
http://data.europa.eu/esco/occupation/cc937d5f-4072-4fe7-bc23-2c9a465b8754,directeur de musée/directrice de musée,conservateur de musée|directeur de musée|directrice de musée|conservatrice de musée
http://data.europa.eu/esco/occupation/caafca69-9faa-4850-8930-a3fa07fea4e6,expert-comptable/experte-comptable,analyste comptable et financière|experte-comptable|expert-comptable|analyste comptable et financier|analyste comptable et financier/analyste comptable et financière
http://data.europa.eu/esco/occupation/cc844eb8-c81d-40ff-af3d-119700e60f23,acheteur-costumier/acheteuse-costumière,acheteur-costumier|acheteuse-costumière
http://data.europa.eu/esco/occupation/cf74a14f-f1fe-4008-a935-5c173f246655,conducteur de machine de fabrication de matelas/conductrice de machine de fabrication de matelas,bourrelière-matelassière|matelassier|bourrelier-matelassier/bourrelière-matelassière|conducteur de machine de fabrication de matelas|bourrelier-matelassier|conductrice de machine de fabrication de matelas|matelassière
http://data.europa.eu/esco/occupation/ceda53cd-3f1f-425b-bd1b-c4fa17254680,chef de produit assurance épargne retraite,directeur de caisse de retraite|cheffe de produit assurance épargne retraite
http://data.europa.eu/esco/occupation/ceb5277b-2c4d-4cb9-9b7e-b386e66e11ba,opérateur de machine à clouer/opératrice de machine à clouer,opératrice de machine à clouer|opérateur de machine à clouer
http://data.europa.eu/esco/occupation/cee31c49-abe9-4f29-ad10-5eefe63f2a57,directeur de la gestion locative immobilière/directrice de la gestion locative immobilière,directeur de la gestion locative immobilière|chef d'agence locatif immobilier|cheffe d'agence locatif immobilier|directrice de la gestion locative immobilière|responsable d'antenne locative
http://data.europa.eu/esco/occupation/cf2b03cd-feb7-4f47-90f6-ff1ed6016d3d,ingénieur de réseaux informatiques/ingénieure de réseaux informatiques,ingénieur de réseaux|ingénieure réseau|développeur de réseaux|ingénieur réseau|ingénieure réseaux|ingénieur réseaux|ingénieure de réseaux
http://data.europa.eu/esco/occupation/ceb9910a-1174-4926-82c9-5afee2bd3702,superviseur de poseurs de vitrage/superviseuse de poseurs de vitrage,responsable de miroitiers-poseurs|cheffe d'équipe de monteurs techniverriers|superviseuse de poseurs de vitrage|chef d'équipe en pose de miroiterie|cheffe d'équipe en pose de miroiterie|superviseur de poseurs de vitrage|chef d'équipe de monteurs techniverriers
http://data.europa.eu/esco/occupation/ceb1a21b-a6d5-49eb-a3f3-d53fec25d5f8,négociant grossiste en habillement et chaussures/négociante grossiste en habillement et chaussures,négociante grossiste en habillement et chaussures|négociant grossiste en habillement et chaussures
http://data.europa.eu/esco/occupation/cf578f1d-1832-4a4d-a3b2-e0a00517b51d,opérateur de prépresse/opératrice de prépresse,opératrice de prépresse|opérateur de prépresse
http://data.europa.eu/esco/occupation/cea4d5c9-7805-434a-8e6b-af5e9fa54c9e,opérateur de numérisation/opératrice de numérisation,opératrice de numérisation|opérateur de numérisation
http://data.europa.eu/esco/occupation/ceda6443-e1dd-4890-b018-42318e3abac2,sophrologue,
http://data.europa.eu/esco/occupation/d23fbcdc-d5e9-4724-a83f-99a0cfa8adb0,directeur de répétition/directrice de répétition,répétitrice|directeur de répétition|répétiteur de chant|répétiteur de chant/répétitrice de chant|répétitrice de chant|directrice de répétition|répétiteur
http://data.europa.eu/esco/occupation/d07a4984-e775-46a7-b967-a3d0b3a54268,polisseur de métaux/polisseuse de métaux,polisseuse de métaux|polisseur industriel|polisseur de métaux|polisseuse industrielle
http://data.europa.eu/esco/occupation/d21890a3-cbe9-49df-9a19-a4120d866548,notaire,
http://data.europa.eu/esco/occupation/d36b66f8-c08a-4416-953b-62c271ca7509,responsable de production horticole,responsable horticole|chef de production horticole
http://data.europa.eu/esco/occupation/d0341f2c-f797-4306-b847-411dee1058a9,modèle,
http://data.europa.eu/esco/occupation/d2db926b-8b14-4686-9c98-fb0dc3a38cbb,directeur de création/directrice de création,directeur de création|responsable de conception|directrice de création
http://data.europa.eu/esco/occupation/d051a141-92cd-4800-b0ee-6c8c31ea5838,technicien grutier/technicienne grutière,technicien grutier|technicienne grutière
http://data.europa.eu/esco/occupation/d2d451cc-e839-4192-be54-d7724814aa03,chargé de clientèle «entreprises»/chargée de clientèle «entreprises»,conseillère clientèle institutionnelle-associations|conseiller clientèle institutionnelle-associations|chargée de clientèle « entreprises »|conseiller clientèle institutionnelle-associations/ conseillère clientèle institutionnelle-associations|chargé de clientèle « entreprises »
http://data.europa.eu/esco/occupation/d261a6a4-7ea7-4295-a84e-f4b1a56990d7,agent de location immobilière/agente de location immobilière,négociateur en location immobilière|conseillère de location en immobilier|négociatrice en location immobilière|agent de location immobilière|conseiller de location en immobilier|agente de location immobilière
http://data.europa.eu/esco/occupation/d1a554d0-7ad6-4d42-897e-ed31d022fb0b,styliste,
http://data.europa.eu/esco/occupation/d1b8c046-3867-423a-84fd-41f7be3a6d29,assistant en psychologie/assistante en psychologie,assistant en psychologie|assistante en psychologie
http://data.europa.eu/esco/occupation/d07e6a57-a339-4cfd-bf22-a951713148a3,agent de maintenance des équipements de télécommunication/agente de maintenance des équipements de télécommunication,agente de maintenance des équipements de télécommunication|agentde maintenance de l'équipement télécom|agent d'entretien des équipements télécom|technicienne de maintenance des équipements télécom|technicien de maintenance des équipements télécom|agente de maintenance de l'équipement télécom|agent de maintenance des équipements de télécommunication|agente d'entretien des équipements télécom
http://data.europa.eu/esco/occupation/d1974e0c-8f92-473b-a32d-f0616c08b1ff,mécanicien de précision/mécanicienne de précision,mécanicien de précision|mécanicienne de précision
http://data.europa.eu/esco/occupation/d3382c5a-589f-453d-a6d8-d28695057079,opérateur de production fermentation/opératrice de production fermentation,opératrice de production fermentation|opératrice de fermentation artisanale|opérateur de fermentation artisanale/opératrice de fermentation artisanale|opérateur de fermentation artisanale|opérateur de production fermentation
http://data.europa.eu/esco/occupation/d20fd82a-9d99-4335-ad83-87484e297a46,aviculteur/avicultrice,éleveur de volailles|éleveur de poules|avicultrice|aviculteur|éleveuse de volailles|éleveur avicole|éleveuse avicole|éleveuse de poules
http://data.europa.eu/esco/occupation/cf9b6da9-3a59-4780-bec9-500b148b8878,podologue,pédicure podologue posturopodiste|pédicure-podologue
http://data.europa.eu/esco/occupation/d2078576-9c43-40f7-bf52-356f53d650fd,trieur classeur de peaux/trieuse classeuse de peaux,trieur classeur de peaux|trieuse classeuse de peaux
http://data.europa.eu/esco/occupation/d26a941d-443a-4301-a648-3cb3a4427775,opérateur d’installations de traitement de gaz/opératrice d’installations de traitement de gaz,opératrice d'installation de traitement de gaz|opérateur d'installation de traitement de gaz
http://data.europa.eu/esco/occupation/d35f9e79-5778-43b4-8667-0e3ba1fcb19a,employé de rayon/employée de rayon,employé de rayon|employée de rayon
http://data.europa.eu/esco/occupation/d2e63d7e-2605-4af1-bb7d-b1ed9ad08825,assistant statisticien/assistante statisticienne,assistante chargée d'études socio-économiques|assistante statisticienne|assistant statisticien|assistant chargé d'études socio-économiques
http://data.europa.eu/esco/occupation/d0d7d777-073f-4c33-8f27-1d4a0e8e626f,conducteur d’installations de pâte à papier/conductrice d’installations de pâte à papier,conductrice pulpeuse en industrie papetière|conducteur d'installation de pâte à papier|conducteur pulpeur en industrie papetière|conductrice d'installation de pâte à papier|opératrice d'installation de pâte à papier|opérateur d'installation de pâte à papier
http://data.europa.eu/esco/occupation/d2ff134e-b41a-4fa3-aceb-1b9f5f5cf015,responsable de service juridique,directrice juridique|directeur juridique
http://data.europa.eu/esco/occupation/d18a8976-a283-42ad-9541-75c49396dbd7,agent de loterie/agente de loterie,agente de loterie|agent de loterie
http://data.europa.eu/esco/occupation/d18deca3-3063-4970-9ddc-e3c70404a28c,hygiéniste dentaire,hygiéniste en orthodontie|thérapeute dentaire
http://data.europa.eu/esco/occupation/cfda19c9-c7e1-497d-a18b-66e29c773745,responsable de la gestion de l'espace aérien,gestionnaire de l'espace aérien
http://data.europa.eu/esco/occupation/d0aa0792-4345-474b-9365-686cf4869d2e,concepteur de logiciels/conceptrice de logiciels,concepteur-architecte logiciel|conceptrice-architecte logiciel|conceptrice de logiciels|architecte logiciel|concepteur de logiciels
http://data.europa.eu/esco/occupation/d0e85fe6-78e3-4218-b21a-99b75438b775,directeur de maison de courtage/directrice de maison de courtage,directrice de maison de courtage|directrice de cabinet de courtage|directeur de maison de courtage|responsable de cabinet de courtage|directeur de cabinet de courtage
http://data.europa.eu/esco/occupation/d1fc31d2-38e1-4000-85b7-3f82d2fbed9e,animateur de club/animatrice de club,animateur de club|monitrice de club|GO|animatrice de club|gentil organisateur|moniteur de club|gentille organisatrice
http://data.europa.eu/esco/occupation/d2df16f3-87d7-4c6e-a640-95cee39a8f4e,expert en cidre/experte en cidre,expert en cidre|préparatrice de cidre|spécialiste en cidre|experte en cidre|préparateur de cidre
http://data.europa.eu/esco/occupation/d2af4f6b-c990-4d8e-bb17-befca23a307a,technicien en ingénierie optomécanique/technicienne en ingénierie optomécanique,technicien en ingénierie optomécanique|technicienne en ingénierie optomécanique
http://data.europa.eu/esco/occupation/d00b4607-c4fe-4f3e-8974-29401e23223c,administrateur sécurité sociale/administratrice sécurité sociale,administratrice de sécurité sociale|administrateur de sécurité sociale|administrateur sécurité sociale|administratrice sécurité sociale
http://data.europa.eu/esco/occupation/d117ef65-b253-4f04-bc85-353ef853443a,technicien en dépistage cytologique/technicienne en dépistage cytologique,technicienne en dépistage cytologique|technicien en dépistage cytologique
http://data.europa.eu/esco/occupation/d1b1dfdf-7d60-430a-b569-7dd71b2ebeaa,créateur de costumes/créatrice de costumes,concepteur de costumes/conceptrice de costumes|conceptrice de costumes|concepteur de costumes|créatrice de costumes|créateur de costumes
http://data.europa.eu/esco/occupation/cf7b89d0-1cf9-4567-a8bf-9d6905a2b31b,chef de chœur,cheffe de choeur|directeur des choeurs|directeur  des choeurs/directrice des choeurs|directrice des choeurs
http://data.europa.eu/esco/occupation/d3570716-cc0d-4a61-b9a0-9b3081050e9d,journaliste spécialisé dans la culture et le divertissement/journaliste spécialisée dans la culture et le divertissement,journaliste spécialisée dans la culture et le divertissement|journaliste spécialisé dans la culture et le divertissement
http://data.europa.eu/esco/occupation/d0c923f1-e32b-4838-a109-eac58945dab1,facteur de violons/factrice de violons,luthier|facteur de violons|factrice de violons|luthière|luthier de violons|luthière de violons
http://data.europa.eu/esco/occupation/d185c066-cddf-4a8c-a931-5eefc21fc2a1,instructeur personnel navigant commercial/instructrice personnel navigant commercial,instructrice personnel navigant commercial|instructeur personnel navigant commercial
http://data.europa.eu/esco/occupation/d23f4d59-2bea-4bd8-bcdb-5e23b1c50552,coordinateur pédagogique/coordinatrice pédagogique,coordinatrice pédagogique|coordinateur pédagogique|responsable pédagogique
http://data.europa.eu/esco/occupation/d19932b3-169a-4cdf-a9cd-bdf8857b0184,attaché technico-commercial de l’industrie des machines textiles/attachée technico-commerciale de l’industrie des machines textiles,attachée technico-commerciale de l'industrie des machines textiles|attaché technico-commercial de l'industrie des machines textiles
http://data.europa.eu/esco/occupation/d3e32e5e-7f24-48e3-b939-e4f800eb62fb,directeur des ressources humaines/directrice des ressources humaines -DRH-,responsable du personnel|directrice des ressources humaines -DRH-|coordinatrice des ressources humaines|directeur des ressources humaines -DRH-|coordinateur des ressources humaines|coordinateur des ressources humaines/coordinatrice des ressources humaines
http://data.europa.eu/esco/occupation/d3c1c718-a093-4e2e-80a0-2bd331266a8b,motoriste en installation de forage,technicien d'appareils de forage-motoriste/technicienne d'appareils de forage-motoriste|motoriste-forage pétrolier et gazier|technicienne d’appareils de forage-motoriste|technicien d’appareils de forage-motoriste
http://data.europa.eu/esco/occupation/d3edb8f8-3a06-47a0-8fb9-9b212c006aa2,analyste de données,analystes de données|analyste data|data analyst
http://data.europa.eu/esco/occupation/d38c2107-98f2-47b7-8bb4-f69750d51082,aide-soignant en institution/aide-soignante en institution,sage-femme|aide-soignante en institution|aide-soignant en institution
http://data.europa.eu/esco/occupation/d3fd0898-51f7-42a3-8f44-09408fc796f6,employé d’institut de beauté/employée d’institut de beauté,employée d'institut de bronzage|employé d'institut de bronzage|employé d'institut de beauté|employée d'institut de beauté
http://data.europa.eu/esco/occupation/d3de3205-dd5c-4112-86bc-161e41cd77a5,vérificateur de cigares/vérificatrice de cigares,vérificatrice de cigares|agent de finition en cigares|agente de finition en cigares|contrôleuse de cigares|vérificateur de cigares|contrôleur de cigares
http://data.europa.eu/esco/occupation/d372e2e4-714a-4127-bb82-6b53eb817410,négociant grossiste en bois et matériaux de construction/négociante grossiste en bois et matériaux de construction,négociant grossiste en bois et matériaux de construction|négociante grossiste en bois et matériaux de construction
http://data.europa.eu/esco/occupation/d372b694-041a-4978-bd81-efbb763ee70d,journaliste judiciaire,chroniqueur judiciaire/chroniqueuse judiciaire|chroniqueuse judiciaire|chroniqueur judiciaire
http://data.europa.eu/esco/occupation/d3ac4c05-79e2-42da-b8c6-e55765aee381,spécialiste en import-export de déchets et débris,
http://data.europa.eu/esco/occupation/d37cc820-15f5-4a81-88db-af48b0ee6a32,chef de département enseignement secondaire,cheffe de département enseignement secondaire
http://data.europa.eu/esco/occupation/daa6197d-dba6-49b5-8223-b31b7a126e4e,ouvrier au blanchiment de la cire/ouvrière au blanchiment de la cire,ouvrier au blanchiment de la cire|ouvrière au blanchiment de la cire|opérateur de production de bougies en cire/opératrice de production de bougies en cire|opérateur de production de bougies en cire|opératrice de production de bougies en cire
http://data.europa.eu/esco/occupation/d9e4581a-91b3-47f9-a2d5-70eb542caac5,agent de finition et d’emballage d’articles chaussants/agente de finition et d’emballage d’articles chaussants,agent de finition et d’emballage d’articles chaussants|agente de finition et d’emballage d’articles chaussants
http://data.europa.eu/esco/occupation/d9612966-e295-4d81-ba2b-9f36bad0b392,coach professionnel/coach professionnelle,coach professionnelle|coach professionnel|coach en développement des compétences
http://data.europa.eu/esco/occupation/dc14bed4-87ca-4e6c-9f69-458e2689d2d6,opérateur en fonderie/opératrice en fonderie,opérateur en fonderie|opératrice en fonderie
http://data.europa.eu/esco/occupation/db25e659-d77c-4f4a-a8a2-ee199d060345,meunier/meunière,meunier|employé du moulin|minotière|employée du moulin|minotier|meunière
http://data.europa.eu/esco/occupation/dc8ef7da-d2c0-4474-96a0-6d0385eeec1e,webmestre,webmaster|administrateur de site Internet|administrateur de serveur|administratrice de serveur|administratrice de site|administrateur de site|administratrice de site web|administrateur de site web|administratrice de site Internet
http://data.europa.eu/esco/occupation/d9ab0f3d-078d-42a7-a502-3e739e0aeff6,technicien avionique/technicienne avionique,technicien avionique|technicienne avionique
http://data.europa.eu/esco/occupation/d9004a14-bda2-4c63-ab64-17ca163ac1bd,assistant parlementaire/assistante parlementaire,assistante parlementaire|assistant parlementaire
http://data.europa.eu/esco/occupation/da4589ce-7534-4cc1-9ce4-cabf9364b87c,adaptateur/adaptatrice,adaptatrice|adaptateur
http://data.europa.eu/esco/occupation/db20c08e-819e-4410-91e2-6ac06add4e27,escort boy/escort girl,escorte|escorte femme|escort-girl|escort-boy|escort homme
http://data.europa.eu/esco/occupation/d99e2022-cbe1-4aaa-8f9d-7db129d61f0c,technicien de station d’épuration/technicienne de station d’épuration,technicienne de stations d'épuration|technicien de station d'épuration
http://data.europa.eu/esco/occupation/dbc88790-a8c1-4dc4-9507-8f9dcff9c990,ingénieur qualité moteur/ingénieure qualité moteur,ingénieur propulsion|ingénieur qualité moteur|ingénieure qualité moteur|ingénieur propulsion/ingénieure propulsion|ingénieure propulsion
http://data.europa.eu/esco/occupation/dc3cc282-488d-4d8f-be80-191c6b521823,expert en malt/experte en malt,ouvrière spécialisée en malt|expert en malt|experte en malt|ouvrier spécialisé en malt|spécialiste en malt
http://data.europa.eu/esco/occupation/db3b1cb9-8460-4de0-8fc7-aff7a9a74b7e,peintre sur porcelaine,
http://data.europa.eu/esco/occupation/d97fd1e8-4c61-459b-82cd-1bd0e792c568,poseur de voies ferrées/poseuse de voies ferrées,poseur de voies ferrées|poseuse de voies ferrées
http://data.europa.eu/esco/occupation/db4057de-0c5a-4f68-8f81-2c0765978afb,responsable accueil et billetterie,directeur administratif de salle de spectacle|responsable billetterie
http://data.europa.eu/esco/occupation/db4f28ff-c208-4830-ab8b-4b07776db134,responsable de la programmation,responsable de la programmation audiovisuelle|responsable de la programmation de spectacles
http://data.europa.eu/esco/occupation/d9f67d41-5e35-49c1-82a4-05ed94fbc3ab,inspecteur de poids et mesures/inspectrice de poids et mesures,inspectrice concurrence consommation répression fraudes|contrôleuse concurrence consommation répression fraudes|contrôleur du service de métrologie|inspecteur de poids et mesures|inspecteur concurrence consommation répression fraudes|inspectrice de poids et mesures|contrôleuse du service de métrologie|contrôleur concurrence consommation répression fraudes
http://data.europa.eu/esco/occupation/d9632b0a-3c95-4a8a-a15c-c5413beda52e,responsable import-export de produits pharmaceutiques,
http://data.europa.eu/esco/occupation/dab9c6dd-8efb-4fe2-8b10-477ef2bcfd8b,enseignant-chercheur en mathématiques/enseignante-chercheuse en mathématiques,enseignante-chercheuse en mathématiques|enseignant-chercheur en mathématiques
http://data.europa.eu/esco/occupation/d9fb82d0-9b07-4c38-b8e2-d146ff8850b9,vendeur spécialisé en revêtements de sols et murs/vendeuse spécialisée en revêtements de sols et murs,vendeur en textiles d'ameublement|vendeuse en tissus d'intérieur|vendeuse en textiles d'ameublement|vendeuse en tissus d'ameublement|vendeur spécialisé en revêtements de sols et murs|vendeur en tissus d'ameublement|vendeur en tissus d'intérieur|vendeuse spécialisée en revêtements de sols et murs
http://data.europa.eu/esco/occupation/dc2a924c-653a-4922-9226-f6909dd64580,"responsable import-export de matières premières agricoles, semences et aliments pour le bétail",
http://data.europa.eu/esco/occupation/d8ff83c0-be8b-47f9-93e3-b13e261e7da5,technicien des boues/technicienne des boues,technicienne des boues|technicien des boues
http://data.europa.eu/esco/occupation/dab60fc6-c16e-4de7-b969-b323784f5a49,responsable catégorie de produits,category manager
http://data.europa.eu/esco/occupation/d954fd71-0e2f-4cf9-85f0-c040fa6cbda9,responsable de la promotion des ventes,chef de promotion des ventes|cheffe de promotion des ventes
http://data.europa.eu/esco/occupation/dbdc9f7b-31c6-4f21-a9c5-48253bb69c08,approvisionneur/approvisionneuse,approvisionneur|acheteuse-approvisionneuse|approvisionneuse|acheteur-approvisionneur
http://data.europa.eu/esco/occupation/da00cd76-22fe-450d-aefc-f4e4a3864171,opérateur de fabrication de circuits imprimés/opératrice de fabrication de circuits imprimés,câbleuse de cartes de circuits imprimés|câbleur de cartes de circuits imprimés/câbleuse de cartes de circuits imprimés|monteur-câbleur de circuits imprimés/monteuse-câbleuse de circuits imprimés|opératrice de fabrication de circuits imprimés|monteur-câbleur de circuits imprimés|opérateur de fabrication de circuits imprimés|monteuse-câbleuse de circuits imprimés|câbleur de cartes de circuits imprimés
http://data.europa.eu/esco/occupation/db3da11f-67a0-415f-b785-81f33d3be810,journaliste économique,
http://data.europa.eu/esco/occupation/db55bf08-3ad3-4bf6-bf59-7f9f426a6de5,retoucheur de confection/retoucheuse de confection,retoucheur de confection|retoucheur en habillement/retoucheuse en habillement|retoucheuse en habillement|retoucheuse de confection|retoucheur en habillement
http://data.europa.eu/esco/occupation/d96de969-d43d-4082-8559-7fc35484a217,chargé de clientèle banque/chargée de clientèle banque,conseiller  de clientèle bancaire/conseillère de clientèle bancaire|gestionnaire de clientèle|conseiller de clientèle bancaire|chargé de clientèle banque|conseillère de clientèle bancaire|chargée de clientèle banque
http://data.europa.eu/esco/occupation/dc54d531-70b5-4301-bc75-da76c2dfac1a,superviseur assemblage matériel roulant/superviseuse assemblage matériel roulant,superviseuse assemblage matériel roulant|superviseur assemblage matériel roulant
http://data.europa.eu/esco/occupation/dc69f2ed-ebe9-43da-bf9d-31aac874d4c2,conseiller en insertion professionnelle pour personnes handicapées/conseillère en insertion professionnelle pour personnes handicapées,conseiller en insertion professionnelle pour personnes handicapées|conseillère en insertion professionnelle pour personnes handicapées
http://data.europa.eu/esco/occupation/da6220cb-21ee-4076-8796-1e922b44c394,inspecteur de moteurs marins/inspectrice de moteurs marins,inspectrice de moteurs marins|inspectrice de moteurs de bateaux|inspecteur de moteurs marins|inspecteur de moteurs de bateaux
http://data.europa.eu/esco/occupation/d907b046-682b-45fa-bdd0-d2ed7a382670,spécialiste en import-export de produits à base de tabac,
http://data.europa.eu/esco/occupation/dacaa18b-93f6-48b4-b4f2-cb33e21804e7,technicien qualité en fabrication chimique/technicienne qualité en fabrication chimique,technicienne qualité en fabrication chimique|technicien qualité en fabrication chimique
http://data.europa.eu/esco/occupation/dc29cd23-d6ba-46b0-bc2f-424e20270099,responsable import-export de fruits et légumes,
http://data.europa.eu/esco/occupation/d9723f33-7faf-4f8a-8a98-6b02d1e10f2b,mandataire judiciaire,mandataire liquidatrice|mandataire liquidateur/mandataire liquidatrice|mandataire liquidateur
http://data.europa.eu/esco/occupation/dc6c0b28-adf7-4558-a987-2ef1506ef2d1,spécialiste en import-export de vaisselle et verrerie,
http://data.europa.eu/esco/occupation/dc52966e-72db-4ad0-b3a9-5e17f1311ab8,réparateur de bijou/réparatrice de bijou,réparateur de bijou|réparatrice de bijou
http://data.europa.eu/esco/occupation/dc34c345-caf9-4ab7-b496-e18a572194ba,thanatopracteur/thanatopractrice,responsable des soins mortuaires|embaumeuse|thanatopracteur|thanatopractrice|embaumeur
http://data.europa.eu/esco/occupation/dc90cee4-bf4a-4d62-b729-faf49e62643e,conducteur de portique/conductrice de portique,opérateur de grue murale/opératrice de grue murale|conducteur de portique|portiqueuse|portiqueur|portiqueur/portiqueuse|conductrice de portique
http://data.europa.eu/esco/occupation/dd935705-d703-40ba-9ba7-2a8a2b7651b4,gestionnaire de logements,directeur d'agence de gestion d'immeubles HLM|administrateur de biens immobiliers|administratrice de biens immobiliers|gérant de copropriété|gérante de copropriété|gestionnaire d'immeubles|syndic social|directrice d'agence de gestion d'immeubles HLM|gestionnaire de copropriété|syndic de copropriété
http://data.europa.eu/esco/occupation/dd25a2b0-add0-4ae2-bd85-bb644e0d0c39,responsable de centre d’appels,
http://data.europa.eu/esco/occupation/dcfeb6e4-f39d-49fb-96cd-23292fb3e037,technicien en génie optoélectronique/technicienne en génie optoélectronique,technicien en génie optoélectronique|technicienne en génie optoélectronique
http://data.europa.eu/esco/occupation/dca305c8-d665-462c-bdc9-c3a19734ba18,ingénieur traitement de surface/ingénieure traitement de surface,ingénieur traitements de surfaces|ingénieure traitements de surfaces|ingénieure en traitement de surface|ingénieur traitements de surfaces/ingénieure traitements de surfaces|ingénieur en traitement de surface|ingénieure traitement de surface|ingénieur traitement de surface|ingénieur en traitement de surface/ingénieure en traitement de surface
http://data.europa.eu/esco/occupation/dc9b98da-c389-4caf-a21a-c6f8c530c0bf,réparateur en chaussures/réparatrice en chaussures,cordonnière réparatrice|réparateur en chaussures|cordonnier réparateur|réparatrice en chaussures
http://data.europa.eu/esco/occupation/dce6a68c-8a05-4c26-85d4-6fbc43e7d822,projectionniste,opérateur de projection|cheffe opératrice de projection|chef opératrice de projection|opératrice de projection|opérateur projectionniste|cheffe de cabine de projection|responsable technique de la projection|chef de cabine de projection|chef opérateur de projection|opératrice projectionniste
http://data.europa.eu/esco/occupation/dd89e26f-bb5c-45cb-91c6-8b4d5d82a31f,démolisseur/démolisseuse,ouvrier en démolition|démolisseuse-récupératrice mat BTP|démolisseur|ouvrière en démolition|démolisseuse|démolisseur-récupérateur mat BTP
http://data.europa.eu/esco/occupation/ddac39cf-5d8b-416a-b24b-9ce3a8a4a668,spécialiste en import-export de parfumerie et de produits de beauté,
http://data.europa.eu/esco/occupation/e19a0f13-da49-42cb-8b3a-27da8ce44c8c,conducteur de machines de formage du verre/conductrice de machines de formage du verre,conducteur de machines de formage du verre|conductrice de machines de formage du verre
http://data.europa.eu/esco/occupation/e0c5e005-6303-4d5a-9125-a7f86ed1c4df,opérateur de broyeur de liqueurs/opératrice de broyeur de liqueurs,opérateur de pressage de liqueur|opératrice de broyeur de liqueurs|préposée au broyeur de liqueurs|préposé au broyeur de liqueurs|ouvrière au broyeur de liqueurs|ouvrier au broyeur de liqueurs|opérateur de broyeur de liqueurs|opératrice de pressage de liqueur
http://data.europa.eu/esco/occupation/e01719f4-d7dd-42fe-b504-93128520f84a,spécialiste en publicité,conseillère en publicité|cheffe de publicité|conseiller  en publicité/conseillère en publicité|conseiller en publicité
http://data.europa.eu/esco/occupation/ddb3e6a4-5bae-480a-a49a-748f93022892,matelot deuxième niveau en navigation fluviale,deuxième matelot (navigation fluviale)|homme de pont/femme de pont|homme de pont|femme de pont
http://data.europa.eu/esco/occupation/e16e4cb0-6f7d-4bf9-8f90-d1d866ad229b,employé de laverie automatique/employée de laverie automatique,employé de laverie automatique|employée de laverie automatique
http://data.europa.eu/esco/occupation/de80bbf0-447d-4a6a-845a-fdba4e0dc30c,chef de marque,cheffe de marque
http://data.europa.eu/esco/occupation/de31a27f-c6ba-4d4f-87cd-b405e1852121,responsable de comptoir en location de voitures,loueuse de voitures|loueur de voitures|responsable d'agence de location|agente de comptoir en location de voitures|agent de comptoir en location de voitures
http://data.europa.eu/esco/occupation/e0b347de-f88b-4f69-b7d0-0a965e41f0d5,opérateur de broyeur à cacao/opératrice de broyeur à cacao,opératrice de broyeur à cacao|opérateur de machine à broyer le cacao|opérateur de broyeur à cacao|technicien de broyeur à cacao|opératrice de machine à broyer le cacao|préposée au broyeur de cacao|préposé au broyeur de cacao|technicienne de broyeur à cacao
http://data.europa.eu/esco/occupation/e16c2422-1323-4d8a-bd0f-c7584de70be1,analyste prix,analyste pricing
http://data.europa.eu/esco/occupation/de99886e-59e3-432d-ba53-9652dbe378d6,responsable du financement de projets,responsable du financement de programmes
http://data.europa.eu/esco/occupation/defc8417-eeb6-4f13-8fcd-6518b99a40f4,opérateur de mise en conserve de fruits et légumes/opératrice de mise en conserve de fruits et légumes,opératrice de conserves de fruits et légumes|opérateur de conserverie de fruits et légumes|opératrice de conserverie de fruits et légumes|opératrice de mise en conserve de fruits et légumes|conserveur en fruits et légumes|opérateur de mise en conserve de fruits et légumes|opérateur de conserves de fruits et légumes
http://data.europa.eu/esco/occupation/dec7ed73-8688-4328-bc50-c72d31b25956,assembleur d’instruments de précision/assembleuse d’instruments de précision,assembleuse d’instruments de précision|assembleur d'instruments de précision
http://data.europa.eu/esco/occupation/dfb93ddb-ce34-4d2e-a178-541d45a7d98b,responsable d’atelier de blanchisserie industrielle,
http://data.europa.eu/esco/occupation/e0b544dd-b621-4126-a55e-054af25c6ea0,architecte de réseau,architecte de réseaux|ingénieur de réseaux|architecte réseaux|ingénieure de réseaux
http://data.europa.eu/esco/occupation/df433613-4856-4e50-9be5-7a0ec0f4260a,conducteur de presses à mouler le caoutchouc et les matières plastiques/conductrice de presses à mouler le caoutchouc et les matières plastiques,conductrice de presses à mouler le caoutchouc et les matières plastiques|conducteur de presses à mouler le caoutchouc et les matières plastiques|opératrice sur machines de formage des matières plastiques et du caoutchouc|opérateur sur machines de formage des matières plastiques et du caoutchouc/opératrice sur machines de formage des matières plastiques et du caoutchouc|opérateur sur machines de formage des matières plastiques et du caoutchouc
http://data.europa.eu/esco/occupation/e1587bbb-2d4e-4726-839a-7f4895c440e7,chef d'établissement scolaire,cheffe d'établissement scolaire|directeur d'établissement scolaire|directrice d'établissement scolaire
http://data.europa.eu/esco/occupation/e148e1ed-4f46-40a7-95c9-d6914f664f17,fabricant de bougies/fabricante de bougies,fabricante de bougies|fabricant de bougies
http://data.europa.eu/esco/occupation/de74eb4e-c95e-425a-9b3a-7be805ec0321,conseiller en énergie/conseillère en énergie,conseiller en énergie|conseillère en énergie
http://data.europa.eu/esco/occupation/e1106f6d-81fc-44f8-af94-8b7d2763065c,assistant metteur en scène/assistante metteuse en scène,co-metteur en scène|assistant metteur en scène|collaboratrice mise en scène|collaborateur mise en scène|assistante mise en scène|assistante metteuse en scène|co-metteuse en scène|assistant mise en scène
http://data.europa.eu/esco/occupation/dddf9385-2939-4395-951a-70ef8a36cabe,chef de manutention portuaire,cheffe d'équipe de manutention portuaire|chef de quai manutention portuaire|cheffe de manutention portuaire|aconière|cheffe de quai manutention portuaire|chef d'équipe de manutention portuaire
http://data.europa.eu/esco/occupation/e00c46c4-bd3c-4d88-8d30-fc6f951554bd,confiseur/confiseuse,confiseuse|préparatrice de confiseries|préparateur de confiseries|ouvrière de confiserie|préparatrice de friandises|confiseur|ouvrier de confiserie|préparateur de friandises
http://data.europa.eu/esco/occupation/e011f10f-e172-43ce-bfd9-fb56e426c0c9,agent technique forestier/agente technique forestière,garde-forestier|agent technique forestier|agente technique forestière|garde-forestière
http://data.europa.eu/esco/occupation/e1416610-ad08-4f37-8b46-9f99632a5c0f,ébéniste,
http://data.europa.eu/esco/occupation/e0628770-57f0-4cf2-952e-5b16547db8c1,technicien d’élevage en aquaculture/technicienne d’élevage en aquaculture,technicien d'élevage en aquaculture|technicienne d'élevage en aquaculture
http://data.europa.eu/esco/occupation/de0856fe-21fa-46d6-88ee-f99d3b4946bc,inspecteur du contrôle de conformité en gestion des déchets dangereux/inspectrice du contrôle de conformité en gestion des déchets dangereux,inspectrice du contrôle de conformité en gestion des déchets dangereux|inspecteur du contrôle de conformité en gestion des déchets dangereux
http://data.europa.eu/esco/occupation/e02d7c8a-1e38-4a67-a6e1-f580e550238f,disquaire,vendeuse en disques|vendeur en disques
http://data.europa.eu/esco/occupation/e04bca7b-c0c7-454d-9d15-dfb64a30dc0a,responsable de la logistique distribution de matériel agricole,
http://data.europa.eu/esco/occupation/de0084a5-7e00-43cc-bc51-3cb70a031295,responsable de la logistique distribution d'appareils électroménagers,
http://data.europa.eu/esco/occupation/defbf906-e823-44b4-872f-99406c51022b,dessinateur en génie climatique/dessinatrice en génie climatique,dessinateur en génie climatique|dessinatrice en génie climatique
http://data.europa.eu/esco/occupation/e14548c8-c2b9-4ef8-8670-d5967d7ad804,urbaniste,
http://data.europa.eu/esco/occupation/e0433bbb-8a93-4ab4-ac7a-84ccc1a04637,responsable de la logistique distribution de boissons,
http://data.europa.eu/esco/occupation/e047b8f5-9491-4da2-8816-7aa37ad2370d,ingénieur brevets/ingénieure brevets,ingénieure brevets|ingénieur brevets|consultant en propriété industrielle|responsable portefeuille de brevets|consultante en propriété industrielle|consultant en propriété industrielle/consultante en propriété industrielle
http://data.europa.eu/esco/occupation/de50b422-8700-4153-955c-131c3d277738,négociant grossiste en animaux vivants/négociante grossiste en animaux vivants,négociant grossiste en animaux vivants|négociante grossiste en animaux vivants
http://data.europa.eu/esco/occupation/e027434f-8aa4-4d87-a070-b1d5c57749e6,aromaticien parfumeur/aromaticienne parfumeuse,parfumeur/parfumeuse|aromaticien parfumeur|parfumeuse|formulateur en parfumerie/formulatrice en parfumerie|formulatrice en parfumerie|aromaticienne parfumeuse|formulateur en parfumerie|parfumeur
http://data.europa.eu/esco/occupation/e0904e3f-d3e7-4313-8ff9-3facf9fce70d,négociant grossiste en boissons/négociante grossiste en boissons,négociante grossiste en boissons|négociant grossiste en boissons
http://data.europa.eu/esco/occupation/df66a6e6-2130-4932-8aaf-263dafa569fa,responsable d'exploitation minière,responsable d'exploitation de gisements et de carrières
http://data.europa.eu/esco/occupation/dfa51b4d-0929-4885-b682-29e375c6b52c,spécialiste des dividendes,
http://data.europa.eu/esco/occupation/e12f08fb-4748-4388-9489-b647df60332a,ingénieur en hydroélectricité/ingénieure en hydroélectricité,ingénieure en hydroélectricité|ingénieur en hydroélectricité
http://data.europa.eu/esco/occupation/e11e5be4-49e7-48ac-8e0d-6d3ffd3dbcd0,vendeur en épicerie fine/vendeuse en épicerie fine,vendeur en épicerie fine|vendeuse en épicerie fine
http://data.europa.eu/esco/occupation/e1cf6897-158d-4b48-a39e-2a3a8cac216c,aide-cuisinier/aide-cuisinière,assistant-cuisinier|aide-cuisinière|assistante-cuisinière|aide-cuisinier|second de cuisine
http://data.europa.eu/esco/occupation/e297ec12-4712-40a4-ad98-ba004cacb205,directeur des données/directrice des données,directrice des data|administratrice générale des données|chief data officer|directrice des données|directeur des données|administrateur général des donnée|directeur des data|responsable des données|CDO
http://data.europa.eu/esco/occupation/e1c72b5f-4c5c-487c-a6df-e84b64a51dae,concepteur de systèmes informatiques/conceptrice de systèmes informatiques,concepteur de système de technologies de l'information et de la communication|conceptrice de système|concepteur de systèmes informatiques|conceptrice de systèmes|concepteur de système de TIC|conceptrice de systèmes informatiques|conceptrice de système de TIC|conceptrice système|architecte de système informatique|concepteur de système|concepteur système|conceptrice de système de technologies de l'information et de la communication|concepteur de systèmes
http://data.europa.eu/esco/occupation/e19fe26f-0759-4bb1-af71-5bbecf3df69f,conseiller en immigration/conseillère en immigration,conseiller en immigration|avocat spécialisé en droit de l'immigration|conseillère en immigration|avocate spécialisée en droit des étrangers|avocate spécialisée en droit de l'immigration|avocat spécialisé en droit des étrangers
http://data.europa.eu/esco/occupation/e1fdca51-a0e1-4bea-822f-82a090ece780,conseiller d'élevage/conseillère d'élevage,conseiller d'élevage|conseillère en élevage|conseiller en élevage|conseillère d'élevage|expert en élevage|experte en élevage
http://data.europa.eu/esco/occupation/e1fdd92c-46bd-45a0-8672-7f500c950cb0,spécialiste en import-export de textiles et de matières premières textiles et produits semi-finis,
http://data.europa.eu/esco/occupation/e1c9b304-2784-48e7-b7e8-089867743bbf,gérant de confiserie/gérante de confiserie,responsable de confiserie|gérante de confiserie|gérant de confiserie
http://data.europa.eu/esco/occupation/e246eca2-2cec-45b4-ae76-aa1f37d07bc5,responsable de la promotion touristique,responsable des politiques touristiques|responsable de la promotion du tourisme
http://data.europa.eu/esco/occupation/e20eee17-4876-4f21-a0cb-5d7f40c63cd8,gestionnaire de patrimoine financier,conseiller en développement de patrimoine|gérant de portefeuille|chargé  d'études actuarielles gestion actif - passif|conseiller en gestion de capitaux|gestionnaire de fortune|chargée d'études actuarielles gestion actif - passif|conseillère en gestion de capitaux|gérant d'actifs|gérante de portefeuille|conseillère en développement de patrimoine|gérante d'obligations|gérante d'actifs|gérant d'obligations
http://data.europa.eu/esco/occupation/e20816a9-51d0-410b-b2c6-cbc22c1c4256,barman spécialisé en cocktails/barmaid spécialisée en cocktails,barmaid spécialisée en cocktails|barman expert en cocktails|barman mixologue|barmaid expert en cocktails|barman spécialisé en cocktails
http://data.europa.eu/esco/occupation/e31c83ac-cb74-4936-88f1-90ed0997b29b,employé de loisirs ou d’attractions/employée de loisirs ou d’attractions,employée de loisirs ou d’attractions|employé de loisirs ou d’attractions
http://data.europa.eu/esco/occupation/e5a63940-57d3-4065-8713-74b4e2c93063,chef de produits marketing,chef de marché|cheffe de produits marketing|cheffe de produits et offres|chef de produits-services|cheffe de produits-services|cheffe de marché|chef de produits et offres
http://data.europa.eu/esco/occupation/e5e3ea36-4ed9-4c57-987c-9974385551a8,ouvrier viticole/ouvrière viticole,ouvrier viticole|ouvrière viticole
http://data.europa.eu/esco/occupation/e54683ca-1fc9-468d-b880-6544ff6b7d0b,éboueur/éboueuse,éboueur|éboueuse
http://data.europa.eu/esco/occupation/e3dc66de-99c7-4607-a82b-7244036d316d,opérateur de fabrication de produits alimentaires/opératrice de fabrication de produits alimentaires,opérateur de fabrication de produits alimentaires|opérateur de production alimentaire|technicienne de production alimentaire|technicien de production alimentaire|opérateur de production agroalimentaire|opératrice de production agroalimentaire|opératrice de fabrication de produits alimentaires|opératrice de production alimentaire
http://data.europa.eu/esco/occupation/e4112a88-973f-4c7a-97f5-2241e6b6833f,conseiller en emploi et en insertion professionnelle/conseillère en emploi et en insertion professionnelle,conseiller en recherche d'emploi/conseillère en recherche d'emploi|chargé de bilan de compétence|conseiller en insertion professionnelle/conseillère en insertion professionnelle|conseillère en insertion professionnelle|conseiller en recherche d'emploi|chargée de bilan de compétence|conseiller en insertion professionnelle|conseillère en recherche d'emploi
http://data.europa.eu/esco/occupation/e3b08984-19fe-4d51-a1b0-990676fc7234,archiviste,
http://data.europa.eu/esco/occupation/e3713dd7-572d-4c6c-87ec-1944b3572175,opérateur en fermentation du cidre/opératrice en fermentation du cidre,technicienne en fermentation du cidre|fermenteur en cidre|fermenteur en cidrerie|technicien en fermentation du cidre
http://data.europa.eu/esco/occupation/e3df1f82-3df9-41e5-8487-635e184653d1,officier de pont/officière de pont,officier de pont|officière de pont
http://data.europa.eu/esco/occupation/e4fca489-4c79-4392-874f-9ea1051c05c8,figurant/figurante,figurante|acteur de complément/actrice de complément|figurant|actrice de complément|acteur de complément
http://data.europa.eu/esco/occupation/e65a9b0e-7347-4f6e-945e-aaeee976ef6e,majordome en hôtellerie,majordome|valet|concierge d'hôtel
http://data.europa.eu/esco/occupation/e44b2459-af5e-492d-9c57-d9c2e62944e7,commandant de l'armée de l'air/commandante de l'armée de l'air,capitaine-commandant/capitaine-commandante|commandant de l'armée de l'air|capitaine-commandante|major|capitaine-commandant|commandante de l'armée de l'air
http://data.europa.eu/esco/occupation/e575efca-c3e4-43fe-8c46-327d310f795e,superviseur en construction subaquatique/superviseuse en construction subaquatique,superviseur en construction subaquatique|superviseuse en construction subaquatique
http://data.europa.eu/esco/occupation/e52b5707-7097-4dbc-ac61-054e917da241,dentiste,chirurgienne-dentiste|chirurgien-dentiste|chirurgien-dentiste/chirurgienne-dentiste|odontologiste
http://data.europa.eu/esco/occupation/e4cdfa86-c3b1-41f1-a4e2-384c73d03bd3,négociateur en matières premières/négociatrice en matières premières,négociatrice en matières premières|négociateur en matières premières|trader en matières premières
http://data.europa.eu/esco/occupation/e3cc09ba-7ad5-4411-940c-20613000863a,agent chargé de protection et sauvegarde du patrimoine naturel/agente chargée de protection et sauvegarde du patrimoine naturel,agente chargée de protection et sauvegarde du patrimoine naturel|agent chargé de protection et sauvegarde du patrimoine naturel
http://data.europa.eu/esco/occupation/e2e3ecfa-a77b-49df-857e-09dee26e4198,monteur de cycles/monteuse de cycles,préparateur de cycles et motocycles|monteuse de cycles|assembleur de cycles/assembleuse de cycles|monteur de cycles|assembleuse de cycles|assembleur de cycles|préparatrice de cycles et motocycles|préparateur de cycles et motocycles/préparatrice de cycles et motocycles
http://data.europa.eu/esco/occupation/e6a3ce2e-c0f2-47a7-937a-61ae9abfe1fa,technicien métrologie/technicienne métrologie,technicienne métrologie|technicien qualité et métrologie en mécanique|agent technique labo métrologie en mécanique et travail des métaux|technicien métrologie|agente technique labo métrologie en mécanique et travail des métaux|technicienne qualité et métrologie en mécanique
http://data.europa.eu/esco/occupation/e53e1bd8-7316-4fab-9338-c6a66f50e5b7,directeur des opérations de vol/directrice des opérations de vol,directeur des opérations de vol|directeur des opérations aériennes|directrice des opérations aériennes|directrice des opérations de vol
http://data.europa.eu/esco/occupation/e666c384-2a14-4cd9-981f-7067dc0bb9a9,piqueur main articles en cuir/piqueuse main articles en cuir,piqueur main en chaussures|piqueur main articles en cuir|piqueuse main en chaussures|piqueuse main articles en cuir|couseuse main articles en cuir|couseur main articles en cuir
http://data.europa.eu/esco/occupation/e43d0f86-7abf-4c6e-b2b3-10970ddf6518,poseur de moquette/poseuse de moquette,poseuse de moquette|poseur de moquette|solière-moquettiste|solier-moquettiste
http://data.europa.eu/esco/occupation/e3229e40-f571-4b26-baca-29edc8fe313e,informaticien/informaticienne,chercheur TIC|informaticien|professeur en TIC|chercheur informatique|chercheur en TIC|professeur en technologies de l'information et de la communication|informaticienne
http://data.europa.eu/esco/occupation/e4c915ff-6c9c-4fa9-a8fb-09d0c67e30d4,commandant de l'armée de terre/commandante de l'armée de terre,capitaine-commandante|major|capitaine-commandant|commandant de l'armée de terre|commandante de l'armée de terre
http://data.europa.eu/esco/occupation/e2ad6d3e-1736-466b-a2bf-9823f683c8ab,éditeur/éditrice,éditeur|éditrice
http://data.europa.eu/esco/occupation/e4f33b45-ee95-48b5-b2f8-e397aa14ed41,dispatcher centre de distribution/dispatcheuse centre de distribution,dispatcheuse centre de distribution|dispatcher centre de distribution
http://data.europa.eu/esco/occupation/e58eadca-e512-4167-96f1-fff980f117e3,testeur de moteurs marins/testeuse de moteurs marins,testeur de moteurs marins|testeuse de moteurs marins|testeuse de moteurs de bateaux|testeur de moteurs de bateaux
http://data.europa.eu/esco/occupation/e614861b-4685-4699-a12d-965cdd65ec64,technicien de maintenance industrielle en fabrication de chaussures/technicienne de maintenance industrielle en fabrication de chaussures,technicien de maintenance industrielle en fabrication de chaussures|technicienne de maintenance industrielle en fabrication de chaussures
http://data.europa.eu/esco/occupation/e4ad2547-9188-4fbd-897a-c91b3c097779,président d'université/présidente d'université,président d'université|doyenne d'université|recteur d'université|rectrice d'université|présidente d'université
http://data.europa.eu/esco/occupation/e69697d0-2639-4aad-b73a-05e0b98357b1,ingénieur électricien des mines/ingénieure électricienne des mines,ingénieure électricienne des mines|ingénieur électricien des mines
http://data.europa.eu/esco/occupation/e55e1a62-eab4-4829-a71e-e0d294cacf6b,parolier/parolière,parolière|parolier
http://data.europa.eu/esco/occupation/e2a495fb-68a3-46f9-8753-6ce566a7a085,ingénieur procédés pharmaceutiques/ingénieure procédés pharmaceutiques,ingénieure procédés pharmaceutiques|ingénieure génie des procédés pharmaceutiques|ingénieur génie des procédés pharmaceutiques|ingénieur procédés pharmaceutiques|ingénieur génie des procédés pharmaceutiques/ingénieure génie des procédés pharmaceutiques
http://data.europa.eu/esco/occupation/e44d2570-10cc-4984-9692-63ece1b6dce8,polisseur de bijou/polisseuse de bijou,polisseuse de bijou|polisseur de bijou
http://data.europa.eu/esco/occupation/e6c298a4-62de-4b62-b48e-c5fdca8f6071,attaché technico-commercial en machines et équipements de bureau/attachée technico-commerciale en machines et équipements de bureau,attachée technico-commerciale en machines et équipements de bureau|attaché technico-commercial en machines et équipements de bureau
http://data.europa.eu/esco/occupation/e34b93ec-5e11-4858-ba1e-e245c4c39cec,superviseur assemblage articles en bois/superviseuse assemblage articles en bois,superviseur assemblage articles en bois|superviseuse assemblage articles en bois
http://data.europa.eu/esco/occupation/e6023abf-ced3-4ac9-9437-cc79e4396e3e,zoothérapeute,intervenant en médiation animale|intervenante en médiation animale
http://data.europa.eu/esco/occupation/e2c38c87-2bcf-492a-a78e-3be9480481cc,superviseur assemblage véhicules à moteur/superviseuse assemblage véhicules à moteur,superviseur assemblage véhicules à moteur|superviseuse assemblage véhicules à moteur
http://data.europa.eu/esco/occupation/e5257110-e7f1-453a-a2dc-bd374945bc4a,responsable d'atelier de production cuir,
http://data.europa.eu/esco/occupation/e40e4a07-4246-4c6f-a51c-89d35b6fe75e,courtier en collecte et valorisation de déchets/courtière en collecte et valorisation de déchets,courtier en collecte et valorisation de déchets|courtière en collecte et valorisation de déchets
http://data.europa.eu/esco/occupation/e6800524-eec2-4c33-af0e-6f36d1d679bc,ingénieur instrumentation/ingénieure instrumentation,ingénieure automatisme-instrumentation|ingénieur automatisme-instrumentation/ingénieure automatisme-instrumentation|ingénieure instrumentation|ingénieure système instrumentation|ingénieur instrumentation|ingénieur système instrumentation|ingénieur système instrumentation/ingénieure système instrumentation|ingénieur automatisme-instrumentation
http://data.europa.eu/esco/occupation/e75305db-9011-4ee0-ab62-8d41a98f807e,chauffeur de maître/chauffeuse de maître,chauffeur de maître|chauffeur de direction|chauffeuse de direction|chauffeur de direction/chauffeuse de direction|chauffeuse de voiture particulière|chauffeur de voiture particulière/chauffeuse de voiture particulière|chauffeur de voiture particulière|chauffeuse de maître
http://data.europa.eu/esco/occupation/e6eea1ed-e982-4583-bafe-a0ac796f6cf1,trieur de cuirs et peaux/trieuse de cuirs et peaux,visiteur-appéreur en industrie des matériaux souples|classeuse de cuirs et peaux|visiteuse-appéreuse en industrie des matériaux souples|trieur de peaux en brut|trieur de cuirs et peaux|trieur-classeur de peaux en wet-blue|trieuse de peaux en brut|trieuse de cuirs et peaux|trieuse-classeuse de peaux en wet-blue|classeur de cuirs et peaux
http://data.europa.eu/esco/occupation/e7970c7a-7769-4002-87d3-0a8ea94fdd6f,jardinier paysagiste/jardinière paysagiste,jardinière paysagiste|jardinier paysagiste|jardinière-paysagiste|jardinière d'espaces verts|ouvrier paysagiste|jardinier-paysagiste|ouvrière paysagiste|jardinier d'espaces verts
http://data.europa.eu/esco/occupation/e7417f4f-7072-4b07-a71f-71f6fc7f5e5b,assistant scientifique dans un zoo/assistante scientifique dans un zoo,assistante scientifique dans un zoo|assistant scientifique dans un zoo
http://data.europa.eu/esco/occupation/e7f6e98a-cef5-41be-b65c-70cf1feed11d,gérant de jardinerie/gérante de jardinerie,gérant de jardinerie|responsable de jardinerie|gérante de jardinerie
http://data.europa.eu/esco/occupation/e7ef8a86-6acd-458d-bf48-634b8fd28950,conducteur de mélangeurs en caoutchouc/conductrice de mélangeurs en caoutchouc,opérateur de machine à caoutchouc mousse|technicien de production en caoutchouc|mélangeur de caoutchouc mousse|mélangeur de caoutchouc mousse/mélangeuse de caoutchouc mousse|technicienne de production en caoutchouc|conducteur de mélangeurs en caoutchouc|mouleuse de caoutchouc mousse|conductrice de mélangeurs en caoutchouc|mélangeuse de caoutchouc mousse|mouleur de caoutchouc mousse/mouleuse de caoutchouc mousse|technicien de production en caoutchouc/technicienne de production en caoutchouc|conductrice de presse à caoutchouc mousse|opératrice de machine à caoutchouc mousse|mouleur de caoutchouc mousse|opérateur de machine à caoutchouc mousse/opératrice de machine à caoutchouc mousse|conducteur de presse à caoutchouc mousse/conductrice de presse à caoutchouc mousse|conducteur de presse à caoutchouc mousse
http://data.europa.eu/esco/occupation/e74513c3-8ba8-462f-978c-0450522f4427,enseignant-chercheur en chimie/enseignante-chercheuse en chimie,enseignant-chercheur en chimie|enseignante-chercheuse en chimie
http://data.europa.eu/esco/occupation/e7117cdc-ee3d-45b0-9680-6b3a60c7c9b3,spécialiste en import-export de minerais et métaux,
http://data.europa.eu/esco/occupation/e777fb61-16f5-476b-8262-578edfdb4d9d,enseignant d’éducation physique/enseignante d’éducation physique,enseignante d’éducation physique|enseignant d’éducation physique
http://data.europa.eu/esco/occupation/e763dfa6-924d-493b-892a-6435e0cffe70,spécialiste en import-export d’appareils électroménagers,
http://data.europa.eu/esco/occupation/ea6cd713-94ca-4292-9ba9-ca8a4ec3ed5f,démanteleur/démanteleuse,démanteleuse|démanteleur
http://data.europa.eu/esco/occupation/e8bbc7fd-cfa2-406f-a664-57e5024cfbc5,responsable de la relation avec les fournisseurs informatiques,directeur de la relation avec les prestataires en TIC|responsable de la relation avec les fournisseurs de TIC|responsable de la relation avec les fournisseurs de technologies de l'information et de la communication|directrice de la relation avec les prestataires en TIC|directeur de la relation avec les prestataires en technologies de l'information et de la communication|directrice de la relation avec les prestataires en technologies de l'information et de la communication
http://data.europa.eu/esco/occupation/ea034d66-0d35-4891-b82c-6434cad2c76f,contrôleur de train/contrôleuse de train,accompagnateur|contrôleuse|contrôleuse de train|contrôleur de train|contrôleur|accompagnatrice de train|accompagnateur de train|accompagnatrice
http://data.europa.eu/esco/occupation/eb5df714-15ce-4e31-853c-678d2aba568b,conducteur de machines à onduler/conductrice de machines à onduler,opératrice d’onduleuse|conducteur de machines à onduler|conductrice de machines à onduler|opérateur d’onduleuse|opérateur d’onduleuse/opératrice d’onduleuse
http://data.europa.eu/esco/occupation/ea3db1b3-7c03-4306-9e3d-7e20eb7f1826,éleveur de porcs/éleveuse de porcs,éleveur en production porcine|éleveuse de porcs|porchère|éleveur porcin|éleveuse porcine|éleveuse en production porcine|éleveur de porcs|porcher
http://data.europa.eu/esco/occupation/e9f0b7ae-c848-464e-af9d-55eb87a592e0,anodiseur industriel/anodiseuse industrielle,ouvrier à l’anodisation/ouvrière à l’anodisation|ouvrier à l’anodisation|anodiseur industriel|anodiseuse industrielle|ouvrière à l’anodisation
http://data.europa.eu/esco/occupation/e96cec32-9960-4496-a790-a9d2254906fc,agent chargé du tableau totalisateur/agente chargée du tableau totalisateur,agent chargé du tableau totalisateur|agente chargée du tableau totalisateur
http://data.europa.eu/esco/occupation/e937449a-d9e0-4ab7-9ea5-4d3ac673be6d,souscripteur en assurances/souscriptrice en assurances,souscripteur IARD|souscripteur responsabilité civile en assurances|souscripteur vie en assurances|souscriptrice assurance collective|souscriptrice responsabilité civile en assurances|souscripteur en assurances|souscriptrice en assurances|souscriptrice vie collective en assurances|souscriptrice IARD|souscripteur assurance collective|souscripteur vie collective en assurances|souscriptrice vie en assurances
http://data.europa.eu/esco/occupation/eb198788-0b99-4583-a7c5-0139ff9f91ad,directeur de casino de jeux/directrice de casino de jeux,directrice de casino de jeux|directeur de casino de jeux
http://data.europa.eu/esco/occupation/e93d5c8d-1219-4c11-91d7-9d0ab8d9c08e,technicien aquacole en écloserie/technicienne aquacole en écloserie,technicienne aquacole en écloserie|technicien aquacole en écloserie
http://data.europa.eu/esco/occupation/eb6efbb9-9216-4e86-bc3b-de2223cd4667,vétérinaire,vétérinaire généraliste|chirurgien vétérinaire|vétérinaire pour animaux de compagnie|vétérinaire général|vétérinaire sanitaire|chirurgienne vétérinaire
http://data.europa.eu/esco/occupation/e9cf8b24-6b8b-47cc-9dd3-b601aa135960,représentant de groupe d'intérêt/représentante de groupe d'intérêt,représentante de groupe de pression|représentante de groupe d'intérêt|représentant de groupe de pression|représentant de groupe d'intérêt
http://data.europa.eu/esco/occupation/e9640041-ca34-4955-aa8c-629717d0dcda,responsable transport en tramway,
http://data.europa.eu/esco/occupation/e91bc34c-0c4f-4ac9-8e2f-8f337d75f9ca,expert en règlement de sinistres en assurances/experte en règlement de sinistres en assurances,experte en règlement de sinistres en assurances|experte à distance sinistres et dommages en assurances|expert à distance sinistres et dommages en assurances|expert en règlement de sinistres en assurances
http://data.europa.eu/esco/occupation/eb00745b-9abb-4bd8-8291-aade48af029d,technicien d’essais matériaux/technicienne d’essais matériaux,technicien d’essais matériaux en recherche-développement|technicienne d’essais matériaux|technicienne d'essais matériaux en recherche-développement|technicien d’essais matériaux
http://data.europa.eu/esco/occupation/e93b3b49-12e1-4b47-991c-dd4b0aec17d8,estimateur de biens mobiliers/estimatrice de biens mobiliers,experte en évaluation de biens mobiliers|expert évaluateur en biens mobiliers|expert en évaluation de biens mobiliers|estimatrice de biens mobiliers|experte évaluatrice en biens mobiliers|évaluatrice de biens mobiliers|évaluateur de biens mobiliers|estimateur de biens mobiliers
http://data.europa.eu/esco/occupation/e97ce81a-cf24-4012-b39e-f87bedc5b450,nutritionniste animalier,diététicienne en alimentation animale|diététicien en alimentation des animaux|diététicienne en alimentation des animaux|nutritionniste en alimentation des animaux|diététicien en alimentation animale
http://data.europa.eu/esco/occupation/e9665bdf-2989-4dc5-9aa9-7b791e489779,géotechnicien/géotechnicienne,géotechnicien|géotechnicienne
http://data.europa.eu/esco/occupation/e8461d2e-3d75-477c-93a2-ea8d342bb55b,technicien de l’environnement/technicienne de l’environnement,technicienne de l’environnement|technicien de l’environnement
http://data.europa.eu/esco/occupation/eb9479c6-5fdf-4f45-ace4-28b547b8c7e5,directeur de production industrielle/directrice de production industrielle,directrice de production industrielle|directeur de production industrielle
http://data.europa.eu/esco/occupation/eb6e7100-446f-407c-a764-2d65f3ffc7eb,négociant grossiste en matériel agricole/négociante grossiste en matériel agricole,négociante grossiste en matériel agricole|négociant grossiste en matériel agricole
http://data.europa.eu/esco/occupation/e83bf81f-c1d0-48e1-8533-7d65be8007c5,"responsable de la logistique distribution de sucre, chocolat et produits de confiserie",
http://data.europa.eu/esco/occupation/e95ea9ec-3ac6-4a2d-a3cc-f9e8829cf15e,spécialiste en import-export de produits chimiques,
http://data.europa.eu/esco/occupation/e997358a-f6ed-4b5d-bebe-2a33b01ea3d2,responsable import-export d'appareils électroménagers,
http://data.europa.eu/esco/occupation/ea4c9aa1-cb9d-4037-a748-ac1305af7129,équipier secouriste d’urgence/équipière secouriste d’urgence,sauveteur humanitaire|sauveteuse|sauveteuse humanitaire|équipière secouriste d'urgence|équipier secouriste d'urgence|sauveteur
http://data.europa.eu/esco/occupation/e8b93ce7-e39b-4261-a25a-9b84764eb724,professeur de philosophie/professeure de philosophie,professeure de philosophie|professeur de philosophie
http://data.europa.eu/esco/occupation/eb7e42d0-9b3f-49ad-81f1-b9ee8491bf39,journaliste politique,
http://data.europa.eu/esco/occupation/eb48ccbd-75f2-4799-81be-443034858473,art thérapeute,art-thérapeute
http://data.europa.eu/esco/occupation/e9f50268-4dab-4579-90c2-2ff219eb56f1,enseignant-chercheur en ingénierie/enseignante-chercheuse en ingénierie,enseignant-chercheur en ingénierie|enseignante-chercheuse en ingénierie
http://data.europa.eu/esco/occupation/e89e330c-daa3-48f0-b34e-04e3344ea8dc,comédien voix off/comédienne voix off,comédien voix off|voix off|comédienne voix off
http://data.europa.eu/esco/occupation/e9a65aca-64f6-450d-a637-1ecf86ba2a53,soudeur par bombardement d’électrons/soudeuse par bombardement d’électrons,soudeuse par bombardement d’électrons|soudeuse par faisceau d’électrons|soudeur par faisceau d’électrons|soudeur par bombardement d’électrons
http://data.europa.eu/esco/occupation/eb64b583-20fe-467f-8e44-8aae263a0139,orfèvre sur argent,
http://data.europa.eu/esco/occupation/e859428d-6dbd-406b-bb2e-d5a0ae21df29,électricien d’événement/électricienne d’événement,électricienne d’événement|électricienne éclairagiste|électricien d’événement|électricien éclairagiste
http://data.europa.eu/esco/occupation/e982a28b-9de2-460c-b85d-0f65ea0aa3ca,cuisinier de rue/cuisinière de rue,cuisinière de rue|cuisinier de rue|restauratrice de rue|restaurateur de rue
http://data.europa.eu/esco/occupation/e80cee57-3672-4aaf-8ca7-53b90771c364,ouvrier au revêtement de courroies trapézoïdales/ouvrière au revêtement de courroies trapézoïdales,opératrice de fabrication et de finition caoutchouc|ouvrière au revêtement de courroies trapézoïdales|ouvrier au revêtement de courroies trapézoïdales|opérateur de fabrication et de finition caoutchouc/opératrice de fabrication et de finition caoutchouc|opérateur de fabrication et de finition caoutchouc
http://data.europa.eu/esco/occupation/eaba592d-f3f0-4c7d-b7c0-302b7d0212ce,technicien des systèmes aquacoles en recirculation/technicienne des systèmes aquacoles en recirculation,technicienne des systèmes aquacoles en recirculation|technicien des systèmes aquacoles en recirculation
http://data.europa.eu/esco/occupation/e81269d8-f301-4c82-9235-ba33ec9b0434,osthéopathe animalier/osthéopathe animalière,osthéopathe animalier|intervenante en ostéopathie animale|intervenant en ostéopathie animale|ostéopathe animal|osthéopathe animalière
http://data.europa.eu/esco/occupation/e9507d34-c70f-474f-a4a3-d2cbfe50f6e9,responsable de sécurité,
http://data.europa.eu/esco/occupation/ea4aff10-4d20-4a2b-886b-299c2bd349f1,imprimeur offset/imprimeuse offset,imprimeur offset|imprimeuse offset
http://data.europa.eu/esco/occupation/ebe42b55-4801-493f-af18-04a35ebfbb9c,opérateur sur perceuse/opératrice sur perceuse,opératrice sur perceuse|opérateur sur perceuse
http://data.europa.eu/esco/occupation/ec238461-93b6-4516-a251-52d1153b53ac,régleur machines à compression de matières plastiques et caoutchouc/régleuse machines à compression de matières plastiques et caoutchouc,régleuse machines à compression de matières plastiques et caoutchouc|régleur machines à compression de matières plastiques et caoutchouc
http://data.europa.eu/esco/occupation/ec2c0655-5ba0-4cc8-860a-977f73b37f34,sous-titreur/sous-titreuse,sous-titreuse|traducteur audiovisuel/traductrice audiovisuelle|traducteur audiovisuel|traductrice audiovisuelle|sous-titreur
http://data.europa.eu/esco/occupation/ec0e64c9-6d9b-4a9f-a022-a418f3b381fe,céramiste,modeleur sculpteur en céramique/modeleuse sculptrice en céramique|modeleuse sculptrice en céramique|céramiste concepteur/céramiste conceptrice|céramiste d'art|céramiste conceptrice|céramiste concepteur|modeleur sculpteur en céramique
http://data.europa.eu/esco/occupation/ebff4fcf-6b69-4290-a55c-9bfe4cc7a1ef,fabricant de filets de pêche/fabricante de filets de pêche,fabricante de filets de pêche|fabricant de filets de pêche
http://data.europa.eu/esco/occupation/ec21ce88-ce14-49b6-be0a-cc53cf5a3a67,ingénieur chimiste/ingénieure chimiste,ingénieure de recherche en chimie|ingénieur de recherche en chimie|ingénieure chimiste|ingénieur de recherche en chimie/ingénieure de recherche en chimie|ingénieur chimiste|chimiste
http://data.europa.eu/esco/occupation/ec5b72d1-0206-4179-9abd-570c66bc44b9,développeur de systèmes d'enseignement en ligne/développeuse de systèmes d'enseignement en ligne,développeur elearning|développeuse d'apprentissage en ligne|développeur AL|développeuse AL|développeuse elearning|développeuse de systèmes de formation en ligne|développeur de services d'apprentissage en ligne|développeuse de systèmes d'enseignement en ligne|développeur de systèmes d'enseignement en ligne|développeur d'apprentissage en ligne|développeuse de services d'apprentissage en ligne|développeur d'e-apprentissage|développeur de systèmes de formation en ligne|développeuse d'e-apprentissage
http://data.europa.eu/esco/occupation/ebb4061a-906f-45fe-b4c0-a871c11f6fab,responsable de la sécurité en établissement hôtelier,directrice de la sécurité en établissement hôtelier|directeur de la sécurité d’un hôtel|responsable de la sécurité d’un hôtel|directrice de la sécurité d’un hôtel|directeur de la sécurité en établissement hôtelier
http://data.europa.eu/esco/occupation/ebe936e2-64e7-4777-94d6-42caa5a12409,scénariste,
http://data.europa.eu/esco/occupation/eedbf8b1-9432-4f42-ab7f-db5cd3eb2a05,conducteur d’excavatrice/conductrice d’excavatrice,conductrice d’excavatrice|conducteur d’excavatrice
http://data.europa.eu/esco/occupation/f04eaeff-52f5-4d52-93ad-6f846884827f,forestier,responsable forestier|cheffe de district forestière|chef de district forestier|responsable forestière|responsable sylvicole|responsable d'exploitation forestière
http://data.europa.eu/esco/occupation/ecac98ea-9fc3-4475-9b23-8af94f41603d,ajusteur-outilleur/ajusteuse-outilleuse,ajusteuse-outilleuse|ajusteur-outilleur
http://data.europa.eu/esco/occupation/ecfcf554-254f-4dd7-a20c-b60cc6b16054,opérateur de machine de production de cigarettes/opératrice de machine de production de cigarettes,opérateur de machine de production de cigarettes|opératrice de machine à fabriquer des cigarettes|opérateur de machine à fabriquer des cigarettes|opératrice de machine de production de cigarettes|opérateur de confectionneuse de cigarettes|opératrice de confectionneuse de cigarettes
http://data.europa.eu/esco/occupation/ed256ed0-0432-4969-8544-3e5e01a517a9,ministre du culte,ministre religieux|ministre religieuse
http://data.europa.eu/esco/occupation/f0ca39a8-1e30-487c-95f9-ef2d5e734adc,responsable des activités informatiques,directrice des activités de TIC|responsable de l'activité en TIC|responsable des opérations informatiques|directrice de l'exploitation des technologies de l'information et de la communication|directeur de l'exploitation des technologies de l'information et de la communication|directeur des activités de TIC|responsable de l'activité en technologies de l'information et de la communication
http://data.europa.eu/esco/occupation/eda0d957-3c3c-4139-b89a-a18bc9e18897,comptable,
http://data.europa.eu/esco/occupation/ef909843-97c6-4c48-8038-2e7aefdfcad5,responsable informatique clinique,directeur informatique médicale|directrice informatique médicale|directrice informatique clinique|responsable informatique médicale|directeur informatique clinique
http://data.europa.eu/esco/occupation/ecd0fad8-b099-4c47-93f6-dde9f6f6c5fc,dessinateur de presse/dessinatrice de presse,dessinateur  de bande dessinée/dessinatrice de bande dessinée|dessinatrice de presse|dessinateur de presse|caricaturiste|dessinatrice de bande dessinée|dessinateur de bande dessinée
http://data.europa.eu/esco/occupation/ed41ca50-bb2a-41e2-a332-9b2df83040c1,opérateur de machine à raffiner/opératrice de machine à raffiner,préposé à la machine à raffiner|technicien de machine à raffiner|technicienne de machine à raffiner|préposée à la machine à raffiner|opérateur de machine à raffinage|opérateur de machine à raffiner|opératrice de machine à raffiner|responsable de la machine raffiner|opératrice de machine à raffinage
http://data.europa.eu/esco/occupation/ecdc43f5-3b32-4f94-abf8-cd46480c8cb8,technicien en électronique automobile/technicienne en électronique automobile,technicien en électronique automobile|électronicienne automobile|technicienne en électronique automobile|électronicien automobile
http://data.europa.eu/esco/occupation/eea2b5c6-48d1-4612-957e-585783b3c7bb,directeur de maison de retraite/directrice de maison de retraite,directrice de maison de retraite|directeur de maison de retraite
http://data.europa.eu/esco/occupation/eeac6251-1974-42f5-91ed-513c6c883755,cariste,cariste chargeur-déchargeur|cariste agent de magasinage|cariste chargeuse-déchargeuse|cariste chargeur-déchargeur/cariste chargeuse-déchargeuse|cariste manutentionnaire|cariste agent de magasinage/cariste agente de magasinage|cariste agente de magasinage|cariste réceptionnaire
http://data.europa.eu/esco/occupation/f09b6100-28a6-4be5-9726-ecf5b24f74f6,technicien de théâtre/technicienne de théâtre,technicienne de théâtre|technicien de théâtre
http://data.europa.eu/esco/occupation/ed3cf43d-c2c1-4c46-82fc-1375e27e0290,plombier/plombière,plombier chauffagiste|plombière|plombier|plombière zingueuse|plombier zingueur|plombier sanitaire|plombière chauffagiste|aide plombier|plombière sanitaire|aide plombière
http://data.europa.eu/esco/occupation/ee646fa1-3f09-4e43-9275-3aa958ca00ae,commandant/commandante,commandant|patron|patron à la pêche|patronne à la pêche|commandante|patronne|conductrice|conducteur
http://data.europa.eu/esco/occupation/efd5d3cb-3716-43b7-b21b-98e17f00e9eb,aide-mineur/aide-mineuse,aide-mineuse|aide-mineur
http://data.europa.eu/esco/occupation/ef53663e-c295-43a4-a48e-84254270b138,installateur de systèmes d’irrigation/installatrice de systèmes d’irrigation,installatrice de systèmes d’irrigation|installateur de systèmes d’irrigation
http://data.europa.eu/esco/occupation/ef937393-3382-438d-b570-399d44b5a41c,spécialiste en import-export de machines-outils,
http://data.europa.eu/esco/occupation/eee68e13-8248-43bb-a9fb-959832a6c217,biologiste,biologiste en environnement
http://data.europa.eu/esco/occupation/ed096599-56a9-443d-9683-8a92f58aa894,piqueur-brodeur de dentelle sur machine/piqueuse-brodeuse de dentelle sur machine,piqueur-brodeur sur machine en articles maille|piqueuse-brodeuse sur machine en articles maille|piqueur-brodeur de dentelle sur machine|brodeur sur machine multitête/brodeuse sur machine multitête|brodeuse sur machine multitête|piqueur-brodeur sur machine en ganterie/piqueuse-brodeuse sur machine en ganterie|brodeur sur machine multitête|piqueur en broderie sur tissu chaîne et trame|piqueuse-brodeuse de dentelle sur machine|piqueur-brodeur sur machine en articles maille/piqueuse-brodeuse sur machine en articles maille|piqueuse-brodeuse sur machine en ganterie|piqueur en broderie sur tissu chaîne et trame/piqueuse en broderie sur tissu chaîne et trame|piqueur-brodeur sur machine en ganterie|piqueuse en broderie sur tissu chaîne et trame
http://data.europa.eu/esco/occupation/ef9c2914-2f3d-464c-ae0a-d02b403dc7e9,inspecteur de moteurs d’avions/inspectrice de moteurs d’avions,inspectrice de moteurs d’avions|inspecteur de moteurs d’avions
http://data.europa.eu/esco/occupation/efc75d4e-dfbf-4178-929c-0ae198801c36,ingénieur géotechnicien des mines/ingénieure géotechnicienne des mines,ingénieure géotechnicienne des mines|ingénieur des mines et géologue/ingénieure des mines et géologue|ingénieur des mines et géologue|ingénieur géotechnicien des mines|ingénieure des mines et géologue
http://data.europa.eu/esco/occupation/f07aab15-c7e8-49a4-a8dd-221d9cf3a925,responsable de station-service,gérante de station-service|gérant de station-service
http://data.europa.eu/esco/occupation/ee5f8b2f-4b40-4426-8290-a6926ae4898b,responsable de la logistique distribution de viandes et de produits à base de viande,
http://data.europa.eu/esco/occupation/ef6020f9-11b4-4d1a-96e0-903331594121,directeur artistique chaussures/directrice artistique chaussures,directeur artistique chaussures|directrice artistique chaussures
http://data.europa.eu/esco/occupation/f0978ec0-ae7d-4c4a-8f80-3fd200edddac,inspecteur qualité construction/inspectrice qualité construction,inspecteur qualité construction|inspectrice qualité construction
http://data.europa.eu/esco/occupation/ed976196-3d5d-4121-9367-e1022af603fa,technicien de laboratoire contrôle qualité dans la fabrication d’articles chaussants/technicienne de laboratoire contrôle qualité dans la fabrication d’articles chaussants,technicienne de laboratoire contrôle qualité dans la fabrication d’articles chaussants|technicien de laboratoire contrôle qualité - fabrication d'articles chaussants
http://data.europa.eu/esco/occupation/edf2e989-d7c5-496e-b365-81fc5cb9eb39,technicien mécatronique/technicienne mécatronique,technicienne mécatronique|technicien mécatronique
http://data.europa.eu/esco/occupation/efa81635-9125-4276-8902-9deb12170ea7,architecte d’intérieur,
http://data.europa.eu/esco/occupation/f0e1cc13-48e0-4995-8699-ee43467bce0d,professeur de mathématiques/professeure de mathématiques,professeur de mathématiques|professeure de mathématiques
http://data.europa.eu/esco/occupation/eda6cb5e-c27a-4661-b536-eadeb387dee3,gérant de magasin de cycles/gérante de magasin de cycles,responsable de magasin de bicyclettes|gérant de magasin de bicyclettes|gérante de magasin de de bicyclettes|gérant de magasin de vélos|responsable de magasin de vélos|gérante de magasin de vélos
http://data.europa.eu/esco/occupation/ee37a4a5-5360-4e94-a749-a2b8ead08500,mélangeur de poudre traceuse/mélangeuse de poudre traceuse,opératrice en fabrication de poudres et explosifs|mélangeur de poudre traceuse|opérateur en fabrication de poudres et explosifs|mélangeuse de poudre traceuse|opératrice de mélange en fabrication de poudres et explosifs|opérateur de mélange en fabrication de poudres et explosifs/opératrice de mélange en fabrication de poudres et explosifs|opérateur de mélange en fabrication de poudres et explosifs
http://data.europa.eu/esco/occupation/f0f6d531-eb96-4bad-84ff-8e2999ea68e6,réparateur de téléphones portables/réparatrice de téléphones portables,réparateur de téléphones mobiles|réparatrice de téléphones portables|réparatrice de téléphones mobiles|technicienne en réparation de téléphones mobiles|technicien en réparation de téléphones mobiles|technicienne en réparation de téléphones portables|réparateur de téléphones portables|technicien en réparation de téléphones portables
http://data.europa.eu/esco/occupation/f14194e2-8e7f-4fc9-9c8c-78d9ae2e7284,ingénieur nucléaire/ingénieure nucléaire,ingénieure nucléaire|ingénieur nucléaire
http://data.europa.eu/esco/occupation/f00154a5-d27f-429e-b9a4-1d65c672cee7,agent d’accueil vétérinaire/agente d’accueil vétérinaire,réceptionniste de clinique vétérinaire|réceptionniste|préposé à la réception|agente d'accueil vétérinaire|agent d'accueil vétérinaire|auxiliaire vétérinaire|préposée à la réception
http://data.europa.eu/esco/occupation/f0e479d9-7afd-40b1-b60f-b68c400c15fb,inspecteur technique d’immeubles/inspectrice technique d’immeubles,opératrice de repérange amiante|inspecteur technique d’immeubles|inspecteur en construction|inspectrice technique d’immeubles|diagnostiqueuse bâtiment|opérateur de repérage amiante|inspectrice en construction|diagnostiqueur bâtiment
http://data.europa.eu/esco/occupation/f1fcad3b-fdf0-444a-81b0-e50e96f8966a,agenceur d’intérieur de magasin/agenceuse d’intérieur de magasin,agenceuse d'intérieur de magasin|agenceur d'intérieur de magasin|décorateur étalagiste|scénographe produits|décoratrice étalagiste
http://data.europa.eu/esco/occupation/f235bc5a-dbf6-4f9e-bbdb-cf313d32b75b,animateur d’atelier musical/animatrice d’atelier musical,animateur d’atelier musical|animatrice d’atelier musical
http://data.europa.eu/esco/occupation/f2413988-f76a-4636-a4b1-9952517aa21f,chef de centre d'incendie et de secours,chef de site en incendie et secours|cheffe de centre d'incendie et de secours
http://data.europa.eu/esco/occupation/f1ecc3c4-8212-4386-871a-6fda1b5b4d91,commissaire-priseur/commissaire-priseuse,commissaire-priseuse|commissaire-priseur
http://data.europa.eu/esco/occupation/f272a521-1a38-4d34-a78e-3adeca95b977,agent d'entretien de la voirie/agente d'entretien de la voirie,agente d'entretien de la voirie|agent d'entretien de la voirie
http://data.europa.eu/esco/occupation/f1783e61-38b7-468e-b495-9c3c92f5ab0d,abatteur en abattage halal/abatteuse en abattage halal,abatteur en abattage halal|abatteuse en abattage halal
http://data.europa.eu/esco/occupation/f1c8c186-bef9-4d72-9257-90fc4f992ab7,opérateur/opératrice de station de gaz,opératrice de station de compression de gaz|opératrice de station de gaz|opérateur de station de compression de gaz|opérateur de station de gaz
http://data.europa.eu/esco/occupation/f20d3ae6-baeb-482c-b68d-c2fb115e5dde,membre d’équipage de cabine,hôtesse|membre d'équipage de cabine|PNC|personnel navigant commercial|steward|hôtesse de l'air|hôte de l'air
http://data.europa.eu/esco/occupation/f219f643-4df1-4a9a-b6c5-dc2f48c22806,employé au pair/employée au pair,fille au pair|jeune fille au pair|au pair|employé au pair|garçon au pair|employée au pair
http://data.europa.eu/esco/occupation/f1b89616-5dfe-40d4-8b02-58a6982b1a01,ingénieur sous-stations électriques/ingénieure sous-stations électriques,ingénieure sous-stations électriques|ingénieur sous-stations électriques
http://data.europa.eu/esco/occupation/f53dbdb1-2f64-42f8-a6a4-0552c40e4f57,opérateur de purification de la farine/opératrice de purification de la farine,préposée à la purification de la farine|employé à la purification de la farine|purificatrice de farine|purificateur de farine|opérateur de purification de la farine|opératrice de purification de la farine|employée à la purification de la farine|préposé à la purification de la farine
http://data.europa.eu/esco/occupation/f4e0016b-29fa-48ac-b98d-364c658f8aed,opérateur de mélangeur de liqueurs/opératrice de mélangeur de liqueurs,opérateur de mélangeur de liqueurs|préposé au mélangeur de liqueurs|responsable du mélange de liqueurs|préposée au mélangeur de liqueurs|opératrice de mélangeur de liqueurs|spécialiste en mélange de liqueurs
http://data.europa.eu/esco/occupation/f4a25243-b06a-42a9-9c69-246853df63ad,homme à tout faire/femme à tout faire,homme à tout faire|femme à tout faire
http://data.europa.eu/esco/occupation/f4eaff3d-f8d0-4a6a-aa90-76827c0fbada,réparateur d’électroménagers/réparatrice d’électroménagers,réparateur d’électroménagers|réparatrice d’électroménagers|technicienne en réparation d’électroménagers|technicien en réparation d’électroménagers
http://data.europa.eu/esco/occupation/f57eb0cb-e67a-419c-9b7b-4abd811b7e2f,coordinateur déménagement/coordinatrice déménagement,coordinatrice déménagement|coordinateur déménagement
http://data.europa.eu/esco/occupation/f3da16bd-157d-4a48-8a49-33809a8b5d96,négociant grossiste en fleurs et plantes/négociante grossiste en fleurs et plantes,négociant grossiste en végétaux|négociante grossiste en fleurs et plantes|négociant grossiste en fleurs et plantes|négociante grossiste en végétaux
http://data.europa.eu/esco/occupation/f4e3dd1c-f86b-4a69-8887-547255eadc79,directeur d’office de tourisme/directrice d’office de tourisme,directrice d’office de tourisme|gestionnaire de centre d’information touristique|responsable de centre d’information touristique|responsable d’office de tourisme|directeur d’office de tourisme
http://data.europa.eu/esco/occupation/f3d8bc61-f812-4106-afd2-a356e4c11fce,chercheur en littérature/chercheuse en littérature,chercheuse en littérature|chercheur en littérature
http://data.europa.eu/esco/occupation/f2a416b8-c7e4-49ee-964d-a49f6af79b84,capitaine de la marine marchande,"commandant de navigation fluviale remorqueur pousseur|commandant de navire|capitaine marine marchande|capitaine de pêche|commandante de pêche|commandante marine|patronne de pêche|commandant de pêche|patron à la pêche|patronne à la pêche|commandant marine|commandante de navire|commandante de navigation fluviale remorqueur pousseur|capitaine de navigation fluviale en automoteur, remorqueur pousseur|patron de pêche"
http://data.europa.eu/esco/occupation/f4c997b5-f9e0-4419-b8e7-8e5e2cffc73e,technicien en fabrication de textiles non tissés/technicienne en fabrication de textiles non tissés,technicienne en fabrication de textiles nontissés|technicien en fabrication de textiles nontissés
http://data.europa.eu/esco/occupation/f489b1ec-3d6c-44b1-b1d7-c6c97db7df30,garde forestier/ garde forestière,garde de parc naturel|forestière|garde forestière|garde-forestier|forestier|garde forestier|garde-chasse|garde-forestière
http://data.europa.eu/esco/occupation/f569145d-8f87-4f80-b861-45583430d9f4,facteur d’instruments de musique idiophones/factrice d’instruments de musique idiophones,facteur d’instruments de musique idiophones|facteur d’instruments de musique autophones|factrice d’instruments de musique autophones|factrice d’instruments de musique idiophones
http://data.europa.eu/esco/occupation/f3eb330a-03b5-4537-ac0e-bcee5c67bcff,chef avion,coordinatrice des opérations de fret aérien|coordinateur des opérations de fret aérien/coordinatrice des opérations de fret aérien|coordinateur des opérations de fret aérien
http://data.europa.eu/esco/occupation/f3fc11ca-9a72-40da-bf0f-b2aab7e33079,maçon pierre/maçonne pierre,poseur de revêtements en pierre|maçonne pierre|poseuse de revêtements en pierre|tailleur de pierre|tailleur de pierre restaurateur|tailleuse de pierre restauratrice|maçon pierre|maçon bâtisseur de pierres sèches|maçonne bâtisseuse de pierres sèches|tailleur de pierre-marbrier|tailleuse de pierre|tailleuse de pierre-marbrière
http://data.europa.eu/esco/occupation/f2b15a0e-e65a-438a-affb-29b9d50b77d1,développeur de logiciels/développeuse de logiciels,développeur logiciels|développeuse de logiciels|développeur de logiciels|développeur applications|développeur de programmes|concepteur logiciel|concepteur d'applications|conceptrice logiciel|développeuse applications|développeuse logiciels|concepteur de logiciels
http://data.europa.eu/esco/occupation/f5576c5b-8d03-4a3d-9cb7-b8c4ac07a7ef,directeur de maison des jeunes/directrice de maison des jeunes,directeur d'équipement socioculturel|directrice de maison des jeunes|directeur de maison des jeunes|directrice d'équipement socioculturel
http://data.europa.eu/esco/occupation/f4a22809-c00c-4dd0-8b09-c7251f8dcd1c,plâtrier/plâtrière,plâtrier|plaquiste|gypsière|stucateur|staffeuse|plâtrière|gypsier|stucateuse|staffeur
http://data.europa.eu/esco/occupation/f4de7e28-ca67-46cd-b760-30e02b3aa83b,directeur de laboratoire d'analyses de biologie médicale/directrice de laboratoire d'analyses de biologie médicale,directrice labo d'analyses de biologie médicale|directeur labo d'analyses de biologie médicale|directeur de laboratoire d'analyses médicales|directrice de laboratoire d'analyses médicales
http://data.europa.eu/esco/occupation/f2f4ed8f-c9d3-47e4-8f72-a30739bcea2b,gérant de magasin de boissons/gérante de magasin de boissons,gérante de magasin de boissons|responsable de magasin de boissons|gérant de magasin de boissons
http://data.europa.eu/esco/occupation/f5332f2d-3119-4194-8b5c-d0a5d97f55ef,commercial vendeur d’espaces publicitaires/commerciale vendeuse d’espaces publicitaires,commercial vendeur d'espaces publicitaires web|commerciale vendeuse d'espaces publicitaires web|commercial vendeur d'espaces publicitaires|commerciale vendeuse d'espaces publicitaires
http://data.europa.eu/esco/occupation/f470b785-643c-46f9-8b31-6085427ab7b8,spécialiste de l’information aéronautique,
http://data.europa.eu/esco/occupation/f31f487b-4ce2-40f3-90e8-7d0011b4ef1d,responsable des logiciels,responsable des applications|responsable des applications informatiques|cheffe des programmes informatiques|directrice des applications|chef des programmes informatiques|directrice des applications informatiques|directeur des applications|directeur des applications informatiques
http://data.europa.eu/esco/occupation/f2cc5978-e45c-4f28-b859-7f89221b0505,officier de l'armée de l'air,officière de l'armée de l'air|officier de l'armée de l'air
http://data.europa.eu/esco/occupation/f444e8ec-5eed-4777-866e-7127aa06ce4f,technicien de pilotage de procédés en industrie textile/technicienne de pilotage de procédés en industrie textile,technicien de pilotage de procédés en industrie textile|technicienne de pilotage de procédés en industrie textile
http://data.europa.eu/esco/occupation/f3d2074e-3f44-45b0-b896-5ee5629a23c1,"spécialiste en import-export de café, thé, cacao et épices",
http://data.europa.eu/esco/occupation/f3b99acc-b212-45cf-bb4f-7b83cc6f0d71,technicien bactériologiste/technicienne bactériologiste,technicien bactériologiste|technicienne bactériologiste
http://data.europa.eu/esco/occupation/f5ba8fb4-1387-459a-9b22-59feb891e229,monteur câbleur de matériels électriques/monteuse câbleuse de matériels électriques,assembleuse de câbles électriques|monteuse câbleuse de matériels électriques|assembleur de câbles électriques|monteur câbleur de matériels électriques|assembleur de câbles électriques/assembleuse de câbles électriques
http://data.europa.eu/esco/occupation/f31e25d0-8794-4f88-ac07-a229199c6f0f,mécanicien régleur de machines de transformation cuirs et peaux/mécanicienne régleuse de machines de transformation cuirs et peaux,mécanicienne régleuse de machines de transformation cuirs et peaux|mécanicien régleur de machines de transformation cuirs et peaux|technicien de maintenance industrielle en industrie des cuirs et peaux|technicienne de maintenance industrielle en industrie des cuirs et peaux|technicien de maintenance industrielle en industrie des cuirs et peaux/technicienne de maintenance industrielle en industrie des cuirs et peaux
http://data.europa.eu/esco/occupation/f4f671d5-208f-4423-a250-c049de8d9adc,hydrothérapiste animalier/hydrothérapiste animalière,balnéothérapeute animalier|hydrothérapiste animalière|balnéothérapeute animal|hydrothérapiste animalier|zoothérapeute|balnéothérapeute animalière
http://data.europa.eu/esco/occupation/f34cad67-3cd9-4d31-8dde-e439ac720136,spécialiste en import-export de machines pour l’industrie textile,
http://data.europa.eu/esco/occupation/f33a70bd-c5b6-495d-8e0c-5e2c6e56d93e,opérateur salle de contrôle en production d’énergie/opératrice salle de contrôle en production d’énergie,opérateur salle de contrôle en production d'énergie|opératrice salle de contrôle en production d'énergie
http://data.europa.eu/esco/occupation/f56e33a3-01bb-46ba-98f4-d47aa242b983,responsable de division transport routier,
http://data.europa.eu/esco/occupation/f3e23761-0663-4ae0-97a2-0b2dd3fa38a1,ingénieur biochimiste en industrie/ingénieure biochimiste en industrie,ingénieure biochimiste en industrie|ingénieur biochimiste en industrie
http://data.europa.eu/esco/occupation/f4525ed8-54eb-4a3b-90db-55cc01b0d9fd,assistant de vie dépendance/assistante de vie dépendance,employé à domicile auprès d'adultes|employée familiale auprès d'adultes|assistant de vie dépendance|assistante de convivialité à domicile|assistant de convivialité à domicile|employé familial auprès d'adultes|assistante de vie dépendance|employée à domicile auprès d'adultes
http://data.europa.eu/esco/occupation/f5aa06b0-745e-4eb1-b050-3e15d11e5eb5,superviseur de procédés en industrie chimique/superviseuse de procédés en industrie chimique,superviseur de procédés en industrie chimique|superviseuse de procédés en industrie chimique
http://data.europa.eu/esco/occupation/f2ee2cda-9d02-49c3-8280-da5892d0055b,électricien d’éclairage public/électricienne d’éclairage public,électricienne d’éclairage public|électricien d’éclairage public
http://data.europa.eu/esco/occupation/f5166c6b-3467-4fc4-9343-d12e870d9def,responsable service clientèle,
http://data.europa.eu/esco/occupation/f4b4fb1d-0224-4e6b-b7c9-84bcf133be00,vendeur en téléphonie/vendeuse en téléphonie,vendeur en téléphonie|vendeur en téléphonie mobile|vendeuse en téléphonie|vendeuse en téléphonie mobile
http://data.europa.eu/esco/occupation/f49d893a-ac89-4f3b-b547-1cbdf4d69fde,technicien d’engins forestiers/technicienne d’engins forestiers,technicien d'engins forestiers|technicien d'engins sylvicoles|réparateur d'engins forestiers|technicienne d'engins forestiers|réparatrice d'engins forestiers|technicienne d'engins sylvicoles
http://data.europa.eu/esco/occupation/f5596182-70b2-4c18-97ab-f9405bae0385,technicien en sérigraphie/technicienne en sérigraphie,technicien en sérigraphie|technicienne en sérigraphie|sérigraphe
http://data.europa.eu/esco/occupation/f6f1a9c5-a956-4a10-98ad-b83525e843fb,opérateur de remplissage/opératrice de remplissage,préposé au remplissage|ouvrière au remplissage|préposée au remplissage|ouvrier au remplissage|responsable du remplissage
http://data.europa.eu/esco/occupation/f634ce9b-68a5-4a8a-af4a-ed13fc0deba9,juge d’instance,juge de proximité|juge de paix
http://data.europa.eu/esco/occupation/f5e80af5-eebe-4133-878a-5dc5ef34fe93,chef d’équipe de production agricole/cheffe d’équipe de production agricole,cheffe d'équipe de production agricole|responsable d'équipe agricole|chef d'équipe de production agricole|chef d'équipe agricole
http://data.europa.eu/esco/occupation/f6803a58-91d9-4251-9a07-09fc387cec16,musicien/musicienne,musicien|musicienne
http://data.europa.eu/esco/occupation/f6811475-94d4-4d13-8d5f-f173978ae7ec,secrétaire et représentant officiel de parti politique/secrétaire et représentante officielle de parti politique,secrétaire et représentant officiel de parti politique|secrétaire et représentante officielle de parti politique
http://data.europa.eu/esco/occupation/f643bff3-74ef-48d1-b033-820e2d8659e9,opérateur de la circulation ferroviaire/opératrice de la circulation ferroviaire,opérateur de la circulation ferroviaire|opératrice de la circulation ferroviaire
http://data.europa.eu/esco/occupation/f605bcd2-90b6-45a0-a558-d05016d68a77,directeur des ressources humaines/directrice des ressources humaines,directrice des ressources humaines|directeur des ressources humaines|DRH|responsable des ressources humaines
http://data.europa.eu/esco/occupation/f5cb9901-86fc-48d0-9cde-667fbe8cef3a,opérateur d'emballage manuel/opératrice d'emballage manuel,emballeur à la main|emballeur à la main/emballeuse à la main|emballeuse à la main|opératrice d'emballage manuel|opérateur d'emballage manuel
http://data.europa.eu/esco/occupation/f6ca9392-708d-46cb-a2e9-51519595baa2,professeur d'art dramatique en enseignement secondaire/professeure d'art dramatique en enseignement secondaire,professeur d'art dramatique en enseignement secondaire|professeure d'art dramatique en enseignement secondaire|professeure de théâtre|professeur de théâtre
http://data.europa.eu/esco/occupation/f60dc59b-7681-45d4-8114-b3a646e02ab2,coiffeur spectacle/coiffeuse spectacle,perruquière spectacle|perruquier spectacle|coiffeur spectacle|posticheuse spectacle|maquilleur spectable|coiffeuse spectacle|maquilleuse spectacle|posticheur spectacle
http://data.europa.eu/esco/occupation/f8ab2e08-d14e-4938-a2cd-c04821556db7,réparateur de biens de consommation électroniques/réparatrice de biens de consommation électroniques,technicien en réparation de biens de consommation électroniques|réparatrice de biens de consommation électroniques|technicienne en réparation de biens de consommation électroniques|réparateur de biens de consommation électroniques
http://data.europa.eu/esco/occupation/f73e11e7-0eb8-4a46-b2e1-9e544c2f3652,conducteur de machines de traitement textile/conductrice de machines de traitement textile,conducteur de machines à exprimer en industrie textile|conductrice de tondeuses en industrie textile|sanforiseur en industrie textile/sanforiseuse en industrie textile|conductrice de machines de complexage en industrie textile|conducteur de machines d’apprêt textile/conductrice de machines d’apprêt textile|conducteur de merceriseuses en industrie textile/conductrice de merceriseuses en industrie textile|conductrice de machines à calandrer en industrie textile|conductrice de machines à flamber en industrie textile|conductrice de machines de blanchiment en industrie textile|conductrice de machines d’enduction en industrie textile|contrecolleur en industrie textile/contrecolleuse en industrie textile|conducteur de séchoirs en industrie textile|enductrice imprégnatrice en industrie textile|conducteur de ligne de relaxation en industrie textile/conductrice de ligne de relaxation en industrie textile|conducteur de ligne de relaxation en industrie textile|conductrice de machines d’apprêt textile|conducteur de machines d’apprêt textile|enducteur imprégnateur en industrie textile/enductrice imprégnatrice en industrie textile|conducteur de machines à flamber en industrie textile/conductrice de machines à flamber en industrie textile|conducteur de merceriseuses en industrie textile|conducteur de machines d’enduction en industrie textile|conducteur de laineuse en ennoblissement textile|conducteur de machines de blanchiment en industrie textile|conducteur de laineuse en ennoblissement textile/conductrice de laineuse en ennoblissement textile|conducteur de machines à flamber en industrie textile|conducteur de rame de séchage en industrie textile/conductrice de rame de séchage en industrie textile|conductrice de séchoirs en industrie textile|conducteur de tondeuses en industrie textile/conductrice de tondeuses en industrie textile|conductrice de ligne de relaxation en industrie textile|conducteur de séchoirs en industrie textile/conductrice de séchoirs en industrie textile|conducteur de gratteuse en ennoblissement textile|conducteur de machines de complexage en industrie textile/conductrice de machines de complexage en industrie textile|conducteur de gratteuse en ennoblissement textile/conductrice de gratteuse en ennoblissement textile|conducteur de machines de complexage en industrie textile|conducteur de rame de séchage en industrie textile|contrecolleur en industrie textile|conducteur de tondeuses en industrie textile|conductrice de machines de teinture en industrie textile|enducteur imprégnateur en industrie textile|sanforiseur en industrie textile|conducteur de machines de traitement textile|conductrice de laineuse en ennoblissement textile|conductrice de merceriseuses en industrie textile|conducteur de machines à exprimer en industrie textile/conductrice de machines à exprimer en industrie textile|conducteur de machines de blanchiment en industrie textile/conductrice de machines de blanchiment en industrie textile|conductrice de machines de traitement textile|conductrice de rame de séchage en industrie textile|conductrice de gratteuse en ennoblissement textile|conductrice de machines à exprimer en industrie textile|conducteur de machines à calandrer en industrie textile/conductrice de machines à calandrer en industrie textile|conducteur de machines d’enduction en industrie textile/conductrice de machines d’enduction en industrie textile|contrecolleuse en industrie textile|sanforiseuse en industrie textile|conducteur de machines de teinture en industrie textile/conductrice de machines de teinture en industrie textile|conducteur de machines à calandrer en industrie textile|conducteur de machines de teinture en industrie textile
http://data.europa.eu/esco/occupation/f8d1bcf9-9ca1-408f-a713-7bdf28c400fd,monteur d’ascenseurs/monteuse d’ascenseurs,monteuse d’ascenseurs|monteur d’ascenseurs|installatrice d’ascenseurs|installateur d’ascenseurs
http://data.europa.eu/esco/occupation/fa30c1cb-dbc5-409c-8124-7284592b123c,élagueur/élagueuse,élagueuse|élagueur
http://data.europa.eu/esco/occupation/f7b04542-d8c7-42db-8475-e63b507cce82,réceptionniste,agente d’accueil|agent d’accueil/agente d’accueil|agent d’accueil|réceptionniste standardiste
http://data.europa.eu/esco/occupation/f89b12a1-689f-4a4f-8695-abb620810f1e,instituteur spécialisé d’école primaire/institutrice spécialisée d’école primaire,enseignant spécialisé du premier degré/enseignante spécialisée du premier degré|institutrice spécialisée d’école primaire|enseignant spécialisé du premier degré|instituteur spécialisé d’école primaire|enseignante spécialisée du premier degré
http://data.europa.eu/esco/occupation/f84aae41-28cc-4aa0-a0df-e7c3030516fd,conseiller d’agence de rencontre/conseillère d’agence de rencontre,conseiller d'agence de rencontre|conseillère d'agence de rencontre|employée de site de rencontre|conseillère matrimoniale|conseiller matrimonial|employé de site de rencontre
http://data.europa.eu/esco/occupation/fa32eb3f-5c9f-4668-8f85-5eefb3badab8,conseiller en sylviculture/conseillère en sylviculture,conseillère en sylviculture|expert en sylviculture|experte en sylviculture|spécialiste en sylviculture|conseiller en sylviculture|conseillère forestière|conseiller forestier
http://data.europa.eu/esco/occupation/f756fdab-7726-4c48-bfcc-94ff8810fc08,plongeur/plongeuse,aide de cuisine|employé à la plonge|plongeur|plongeuse|employée à la plonge
http://data.europa.eu/esco/occupation/f87779ae-7389-44e7-b155-16e87904857e,gemmologue-expert/gemmologue-experte,gemmologue-expert|gemmologue-experte
http://data.europa.eu/esco/occupation/f83f19ca-b816-484a-b8be-92b7785121ea,agent de sécurité des mines/agente de sécurité des mines,inspecteur de la sécurité des mines|inspectrice de la sécurité des mines|agent de sécurité des mines|inspecteur de mines|inspectrice de mines|agente de sécurité des mines
http://data.europa.eu/esco/occupation/f96e3735-405c-4ca9-8a86-d37f64ea7164,facteur d’instruments de musique à vent/factrice d’instruments de musique à vent,facteur d’instruments de musique à vent|factrice d’instruments de musique à vent
http://data.europa.eu/esco/occupation/f8d14b95-6a36-4290-b226-2342e236406e,rédacteur en chef de magazine/rédactrice en chef de magazine,rédacteur en chef de magazine|rédactrice en chef de magazine
http://data.europa.eu/esco/occupation/f8f34041-3640-41a9-852e-c5a7574de780,correcteur/correctrice,correcteur d'épreuves/correctrice d'épreuves|correctrice|correctrice d'épreuves|correcteur|correcteur d'épreuves
http://data.europa.eu/esco/occupation/f9433fdb-dde1-46cf-9e91-b49d243946a7,ingénieur en biotechnologie/ingénieure en biotechnologie,ingénieure en biotechnologie|ingénieur en biotechnologie
http://data.europa.eu/esco/occupation/f88124d7-ee7e-4d21-9036-0658b496c119,kinésithérapeute,masseuse kinésithérapeute rééducatrice|kinésithérapeute chiropraticienne|kinésithérapeute chiropraticien|physiothérapeute|kinésithérapeute cardiovasculaire|kinésithérapeute chiropracteur|kinésithérapeute gériatrique|kinésithérapeute chiropractrice|masseur kinésithérapeute rééducateur|kinésithérapeute respiratoire
http://data.europa.eu/esco/occupation/f8438d21-c726-4534-8d7c-1c5aa9ef05ef,nettoyeur de moquettes et autres textiles/nettoyeuse de moquettes et autres textiles,nettoyeuse de moquettes et autres textiles|nettoyeur de moquettes et autres textiles
http://data.europa.eu/esco/occupation/f9395e4d-d66f-49ce-a8f5-721991139e79,ludothérapeute,
http://data.europa.eu/esco/occupation/f8e76759-811e-4b39-9adf-3e77429cff8f,cordonnier/cordonnière,cordonnière réparatrice|cordonnière|cordonnier-bottier|cordonnier|cordonnière-bottière|cordonnier réparateur
http://data.europa.eu/esco/occupation/f817aab2-ec8a-45ec-88ef-c11e0f19fd85,chargé de mission en éducation/chargée de mission en éducation,chargée de mission en éducation|chargé de mission en éducation
http://data.europa.eu/esco/occupation/f84dbfe2-fa6b-43ef-97f5-54c3ad9c631f,opérateur de réception des matières premières/opératrice de réception des matières premières,opératrice de réception des matières premières|opérateur de réception des matières premières|technicien de réception des matières premières|responsable de la réception des matières premières|technicienne de réception des matières premières
http://data.europa.eu/esco/occupation/f7f8c077-26ec-455f-8311-aeafbc24d9a5,accompagnateur du deuil/accompagnatrice du deuil,conseiller en deuil/conseillère en deuil|conseiller en deuil|accompagnatrice des familles en deuil|accompagnateur du deuil|accompagnatrice du deuil|accompagnateur des famille en deuil/accompagnatrice des familles en deuil|conseillère en deuil|accompagnateur des famille en deuil
http://data.europa.eu/esco/occupation/f7177f79-63e7-4944-8896-044056b62523,entraîneur personnel/entraîneuse personnelle,coach sportive individuelle|coach personnel|coach personnelle|entraîneur personnel|coach sportif individuel|entraîneuse personnelle
http://data.europa.eu/esco/occupation/f7ddb68a-beba-4aa9-b5cb-d174d70ea724,contrôleur de soudures/contrôleuse de soudures,vérificateur de soudures|contrôleur de soudures|vérificatrice de soudures|contrôleuse de soudures
http://data.europa.eu/esco/occupation/f97dedb0-da68-4fc3-8bcc-3f4025ccacd3,spécialiste en import-export de cuirs et peaux et d’articles en cuir,
http://data.europa.eu/esco/occupation/f7450c1f-20b7-45dd-b3bb-25095830bf3f,chargé de mission aux affaires étrangères/chargée de mission aux affaires étrangères,chargé de mission aux affaires étrangères|chargée de mission aux affaires étrangères
http://data.europa.eu/esco/occupation/fa1aef45-49a4-4446-94b4-e2b563d9d025,steward ferroviaire/hôtesse ferroviaire,steward ferroviaire|hôtesse|hôtesse de train|steward|steward de train|hôtesse ferroviaire
http://data.europa.eu/esco/occupation/f874980a-e08f-4a58-bc21-2ff3cf472ec5,responsable de comptoir en location de voitures et de véhicules automobiles légers,agent de comptoir en location de voitures et de véhicules automobiles légers|agente de comptoir en location de voitures et de véhicules automobiles légers
http://data.europa.eu/esco/occupation/f9116001-8cf5-453c-af51-3adaef7841ef,préparateur montage en chaussures/préparatrice montage en chaussures,ouvrier d’assemblage-finissage en chaussures/ouvrière d’assemblage-finissage en chaussures|préparatrice montage en chaussures|préparateur montage en chaussures|ouvrière d’assemblage-finissage en chaussures|ouvrier d’assemblage-finissage en chaussures
http://data.europa.eu/esco/occupation/f8304b4c-1220-4979-b2dd-47d2a2f0734a,antiquaire,vendeur en antiquités|brocanteuse|marchand d'art|marchande d'art|vendeuse en antiquités|brocanteur
http://data.europa.eu/esco/occupation/f8d7d59d-242d-4903-9e0d-d2d23a0ef4c3,"responsable de la logistique distribution de café, thé, cacao et épices",
http://data.europa.eu/esco/occupation/f889dcbd-d058-4177-927f-5fe59d044fa6,fabricant d’instruments de musique électronique/fabricante d’instruments de musique électronique,luthier guitare électrique|créateur d’instruments de musique électronique/créatrice d’instruments de musique électronique|créatrice d’instruments de musique électronique|fabricant d’instruments de musique électronique|luthière guitare électrique|fabricante d’instruments de musique électronique|créateur d’instruments de musique électronique|luthier guitare électrique/luthière guitare électrique
http://data.europa.eu/esco/occupation/f70e5875-df7e-40be-a315-3ac1c9d36d64,gérant de magasin d'occasion/gérante de magasin d'occasion,responsable de magasin de deuxième main|gérant de magasin d'occasion|gérante de magasin d'occasion|responsable de magasin de seconde main|responsable de magasin d'occasion
http://data.europa.eu/esco/occupation/f8da6546-0c8a-4bd0-a952-6f3c253c9aba,acheteur personnel/acheteuse personnelle,assistante d'achat|conseiller en style et en image|acheteur personnel|assistant d'achat|acheteuse personnelle|styliste personnelle|styliste personnel|conseillère en style et en image|commis aux commandes personnelles|commise aux commandes personnelles
http://data.europa.eu/esco/occupation/f9cbdeb4-1559-4d45-b2d7-edf8aebe400b,technicien qualité en aquaculture/technicienne qualité en aquaculture,technicienne qualité en aquaculture|technicien qualité en aquaculture
http://data.europa.eu/esco/occupation/f88fb9dd-5a46-4086-a284-b1992174e55c,gérant de magasin d'optique et lunetterie/gérante de magasin d'optique et lunetterie,gérant de magasin d'optique et lunetterie|responsable de magasin d'optique et lunetterie|gérante de magasin d'optique et lunetterie
http://data.europa.eu/esco/occupation/f7145f87-5940-43f5-bc98-aa1a2b872b47,technicien d’équipements agricoles/technicienne d’équipements agricoles,technicien d'équipements agricoles|technicienne d'équipements agricoles
http://data.europa.eu/esco/occupation/f738f568-b4ff-4f23-acb7-5f99d9a3b393,spécialiste en import-export de produits laitiers et huiles comestibles,
http://data.europa.eu/esco/occupation/f7066fc0-5f2f-43a9-bd35-a99e6119490d,gardien de zoo/gardienne de zoo,animalière en parc zoologique|animalier en parc zoologique|gardien de zoo|gardienne de zoo|soigneur en parc zoologique|soigneuse en parc zoologique
http://data.europa.eu/esco/occupation/f8e435dd-7aa9-4d7a-97c3-b3b5789b6b25,garde du corps,garde du corps privé|garde du corps privée
http://data.europa.eu/esco/occupation/fa4a3b52-990c-44eb-a912-490f5d689400,éducateur social/éducatrice sociale,éducateur social|éducatrice sociale
http://data.europa.eu/esco/occupation/faed05c0-c1d1-4e34-b575-0dea96459e56,directeur de la construction immobilière/directrice de la construction immobilière,directrice de la construction immobilière|directeur de la construction immobilière
http://data.europa.eu/esco/occupation/fa5b9075-3796-4e86-be0a-b5e6d725c25a,métrologue,experte métrologue|technicien de calibration/technicienne de calibration|expert métrologue|technicien de calibration|technicienne de calibration|expert métrologue/experte métrologue|métrologiste
http://data.europa.eu/esco/occupation/fa6bd9e9-9631-4abe-b2f8-fad7bf8a819d,responsable structure d'accueil pour enfants,responsable établissement d'accueil pour enfants|directeur établissement d'accueil pour enfants|directrice structure d'accueil pour enfants|directrice établissement d'accueil pour enfants|directeur structure d'accueil pour enfants
http://data.europa.eu/esco/occupation/fa404a79-4091-47f9-a635-c2e3c576ece8,directeur des opérations portuaires/directrice des opérations portuaires,directeur des opérations portuaires|directrice des opérations portuaires
http://data.europa.eu/esco/occupation/fae51298-03a8-4df4-829a-685dddc1580e,directeur de l’entretien ménager/directrice de l’entretien ménager,directrice de l’entretien ménager|responsable de l'entretien menager|directrice des services ménagers|directeur des services ménagers|directeur de l’entretien ménager|responsable des services ménagers
http://data.europa.eu/esco/occupation/fad4abdf-fe1b-4751-8253-aef40b49afe0,technicien en désalinisation/technicienne en désalinisation,technicienne de station de traitement des eaux|opérateur de station de désalinisation|opératrice de station de désalinisation|technicien en désalinisation|technicien de station de traitement des eaux|technicienne en désalinisation
http://data.europa.eu/esco/occupation/fa3fde92-f773-4381-9ae6-8e23d7334cd4,monteur en carrosserie/monteuse en carrosserie,monteur en carrosserie industrielle|monteur en carrosserie|monteuse en carrosserie industrielle|monteuse en carrosserie|monteur en carrosserie industrielle/monteuse en carrosserie industrielle
http://data.europa.eu/esco/occupation/fadb09c5-db84-4240-9fd6-68b4c0abeed5,négociateur en devises/négociatrice en devises,négociatrice en devises|négociateur en devises
http://data.europa.eu/esco/occupation/fab474ea-a4a9-4c11-9548-1d50ad594a34,conseiller en environnement/conseillère en environnement,écoconseiller/écoconseillère|écoconseiller|conseillère en environnement|conseiller en environnement|écoconseillère
http://data.europa.eu/esco/occupation/fc35b7ca-ecec-40d7-91b5-5065f662d955,directeur de département aéroportuaire/directrice de département aéroportuaire,directrice d'exploitation aéroportuaire|directeur d'exploitation aéroportuaire|directrice de département aéroportuaire|directeur de département aéroportuaire
http://data.europa.eu/esco/occupation/fd86ebe1-bad4-4486-9b76-01a48030e49a,électricien sur le matériel roulant/électricienne sur le matériel roulant,électricien sur le matériel roulant|électricienne sur le matériel roulant
http://data.europa.eu/esco/occupation/fc9a86ec-7ad5-4ccb-a08f-1e369197e14a,ouvrier cartonnier de finition/ouvrière cartonnière de finition,ouvrière cartonnière de finition|ouvrier cartonnier de finition
http://data.europa.eu/esco/occupation/fbf23c18-d9a3-4349-83dc-2bc39948bdf7,ouvrier de récolte en aquaculture/ouvrière de récolte en aquaculture,ouvrier de récolte en aquaculture|ouvrière de récolte en aquaculture
http://data.europa.eu/esco/occupation/fccecd5d-ad90-41a8-bb89-96d7595abca3,forgeron/forgeronne,forgeron|forgeronne
http://data.europa.eu/esco/occupation/fd1c0f5a-f465-4067-af54-621e68c90f74,modiste chapelier/modiste chapelière,modiste chapelière|modiste chapelier
http://data.europa.eu/esco/occupation/fb6df00f-4810-442b-8f93-89b9580c7c9f,finisseur de meubles/finisseuse de meubles,laqueur sur bois|laqueuse sur bois|finisseuse de meubles|vernisseuse finisseuse|finisseur de meubles|vernisseur finisseur
http://data.europa.eu/esco/occupation/fb7e2f4f-1545-42f1-972e-94082e49c6dc,ouvrier de chantier/ouvrière de chantier,ouvrier du bâtiment/ouvrière du bâtiment|ouvrier du bâtiment|ouvrier de chantier|ouvrière du bâtiment|ouvrière de chantier
http://data.europa.eu/esco/occupation/fd8b68c0-7341-44bb-855d-9b1254eade33,télépathe,télépathe|sensitif|sensitive
http://data.europa.eu/esco/occupation/fb4819db-03fa-4dc1-a471-2cdc24dcbe6f,opérateur de traitement de surface/opératrice de traitement de surface,électroplaste|caoutchoutrice industrielle|plombeuse industrielle|argenteur industriel|chromeur industriel|cuivreuse industrielle|galvanoplaste industriel|conductrice de bain de traitement de surface|cadmieuse industrielle|galvaniseur industriel|argenteuse industrielle|conducteur d’installation de traitement de surface|étameuse-galvaniseuse|plombeur industriel|zingueuse industrielle|dégraisseuse industrielle|rhodieur industriel|opératrice de traitement de surface|étameuse industrielle|phosphateuse industrielle|opérateur de ligne de traitement de surface|chromeuse industrielle|zingueur industriel|galvaniseuse industrielle|anodiseuse industrielle|émailleuse industrielle|cuivreur industriel|cadmieur industriel|nickeleur industriel|caoutchouteur industriel|dégraisseur industriel|plastifieur industriel|conductrice d’installation de traitement de surface|anodiseur industriel|émailleur industriel|opérateur de traitement de surface|phosphateur industriel|décapeuse industrielle|chef d’équipe galvanisation|conducteur de bain de traitement de surface|ouvrier en métallisation|plastifieuse industrielle|ouvrière en métallisation|décapeur industriel|opératrice de ligne de traitement de surface|nickeleuse industrielle|étameur-galvaniseur|étameur industriel|rhodieuse industrielle|galvanoplaste industrielle
http://data.europa.eu/esco/occupation/fdc8adfb-1807-4146-98ae-3a26fbe19996,démineur/démineuse,démineuse|démineur
http://data.europa.eu/esco/occupation/fd6a1c18-b0ff-419f-a36a-e05957452d55,conducteur d’installations de traitement de déchets solides/conductrice d’installations de traitement de déchets solides,conductrice d'installations de traitement de déchets solides|conducteur d'installations de traitement de déchets solides
http://data.europa.eu/esco/occupation/fb3f5f35-e6f7-4168-aef2-e4dfb7f2a3ee,technicien géologue/technicienne géologue,sondeuse géologue|sondeur géologue|technicienne géologue de terrain|technicienne géologue|technicien géologue de terrain|technicien géologue
http://data.europa.eu/esco/occupation/fd4b90ed-6bb4-447e-b13a-afb8015700b3,conseiller en énergie solaire/conseillère en énergie solaire,conseiller en énergie solaire|conseillère en énergie solaire
http://data.europa.eu/esco/occupation/fc85156e-4f0b-46c4-ba66-a3b17318d932,conseiller en développement personnel/conseillère en développement personnel,coach en développement personnel|conseiller en développement personnel|conseillère en développement personnel
http://data.europa.eu/esco/occupation/fbf3aefb-70ff-440b-8724-bac3ed5e2c93,technicien forestier/technicienne forestière,agente de maîtrise d'exploitation forestière|agent de maîtrise d'exploitation sylvicole|superviseur d'exploitation forestier|agente de maîtrise d'exploitation sylvicole|superviseuse d'exploitation forestière|agent de maîtrise d'exploitation forestier|responsable d'exploitation forestière
http://data.europa.eu/esco/occupation/fb022de4-920a-4eb0-80f9-fbb8ecfc36b1,responsable de service d'archives,cheffe de service d'archives|chef de service d'archives
http://data.europa.eu/esco/occupation/fcf9024e-277c-43c7-8ec8-8903e5c9c576,hydraulicien/hydraulicienne,responsable de l’inspection technique des ouvrages hydrauliques|hydraulicienne|hydraulicien|ingénieure hydraulicienne|ingénieur hydraulicien/ingénieure hydraulicienne|ingénieur hydraulicien
http://data.europa.eu/esco/occupation/fb0c7da2-6d0e-4a3f-be3e-344f58f0e82d,professeur de langues vivantes/professeure de langues vivantes,professeur de langues vivantes|professeure de langues vivantes
http://data.europa.eu/esco/occupation/fb1a7aab-1e33-4712-b8e0-d335243aba58,croupier/croupière,croupier|croupière
http://data.europa.eu/esco/occupation/faed411a-f920-4100-86a8-b877928b429c,analyste d’expérience utilisateur,analyste expérience utilisateur|analyste d'expérience d'utilisateur|analyste de l'expérience des utilisateurs|analyste d'utilisabilité
http://data.europa.eu/esco/occupation/fd0801c9-809a-4cfd-98ed-6c5860c163f2,assistant en investissements financiers/assistante en investissements financiers,assistante en investissements financiers|assistant en investissements financiers
http://data.europa.eu/esco/occupation/fc81b573-e0ea-4466-8560-c2bb278c314a,négociateur de contrats à terme/négociatrice de contrats à terme,négociateur de contrats à terme|négociatrice de contrats à terme
http://data.europa.eu/esco/occupation/fddb7bd8-f176-4dc8-9d12-32b6072452c9,technicien de compteurs électriques/technicienne de compteurs électriques,technicienne de compteurs électriques|technicien de compteurs électriques
http://data.europa.eu/esco/occupation/fcaab37b-ada2-4832-a2fd-9d64362e0280,coordonnateur international/coordonnatrice internationale,coordonnateur international|coordonnatrice mobilité|coordonnatrice internationale|coordonnateur mobilité|responsable du service des relations internationales
http://data.europa.eu/esco/occupation/fdd8eef7-d89c-419f-9166-0747f466a769,critique,
http://data.europa.eu/esco/occupation/fd882949-aad7-42ff-825e-00d49a5ec469,négociant grossiste en fruits et légumes/négociante grossiste en fruits et légumes,négociant grossiste en fruits et légumes|négociante grossiste en fruits et légumes
http://data.europa.eu/esco/occupation/fd1c4e94-25aa-4020-b0ef-0cf5aaf2e4d2,acheteur sourcing textile/acheteuse sourcing textile,acheteur sourcing textile|acheteuse sourcing textile
http://data.europa.eu/esco/occupation/fbc9ab3e-18f1-4b7b-8cd5-d6374ed5e9a9,enseignant-chercheur en lettres classiques/enseignante-chercheuse en lettres classiques,enseignant-chercheur en lettres classiques|enseignante-chercheuse en lettres classiques
http://data.europa.eu/esco/occupation/fde4372d-8293-42de-afbb-8b5a9b274fe7,ingénieur d’application/ingénieure d’application,ingénieure d’application|ingénieur d’application
http://data.europa.eu/esco/occupation/fb18dfef-2b90-4219-8b39-a5fcddb8f238,tuyauteur/tuyauteuse,tuyauteur|tuyauteuse
http://data.europa.eu/esco/occupation/fde97584-d8e3-413e-a662-511c9055357e,conseiller en ligne/conseillère en ligne,conseiller en ligne|conseillère en ligne
http://data.europa.eu/esco/occupation/fd1c83b3-60d5-4a5f-86c5-94dc2842c246,ingénieur en conception de composants électroniques/ingénieure en conception de composants électroniques,ingénieur en conception de composants électroniques|ingénieure en conception de composants électroniques
http://data.europa.eu/esco/occupation/fdb16700-109e-4d02-949e-3213f278df93,responsable en qualité industrielle,directrice qualité en industrie|directeur qualité en industrie|responsable qualité en industrie
http://data.europa.eu/esco/occupation/fc1da244-880f-407d-bfa7-789a2f468ea0,dresseur d’animaux/dresseuse d’animaux,dompteur|dresseur d'animaux|dresseuse d'animaux|dresseur animalier|dompteuse|dresseuse animalière
http://data.europa.eu/esco/occupation/fd00e4bb-dcee-41d7-81d3-2cdebad8fe70,responsable import-export de produits chimiques,
http://data.europa.eu/esco/occupation/fd2dd3e9-498f-490f-8589-8c1eea05aa3f,opérateur sur machine à poinçonner/opératrice sur machine à poinçonner,opérateur sur machine à poinçonner|opératrice sur machine à poinçonner
http://data.europa.eu/esco/occupation/fbceeac6-798b-4307-a825-626707a753ad,ingénieur calcul/ingénieure calcul,ingénieure structures|ingénieure calcul|spécialiste en techniques de calcul|ingénieur structures/ingénieure structures|calculateur|ingénieur structures|calculatrice|calculateur/calculatrice|ingénieur calcul
http://data.europa.eu/esco/occupation/fcab4bb1-c05b-43e3-98d8-f60b13c152f2,opérateur d’installation de coagulation de latex/opératrice d’installation de coagulation de latex,technicien de production en caoutchouc|conducteur d’installation de coagulation de latex|opératrice d’installation de coagulation de latex|opérateur d’installation de coagulation de latex|technicien de production en caoutchouc/technicienne de production en caoutchouc|technicienne de production en caoutchouc|conducteur d’installation de coagulation de latex/conductrice d’installation de coagulation de latex|conductrice d’installation de coagulation de latex
http://data.europa.eu/esco/occupation/fcbb66f5-843b-4152-9ce4-e7b19c2a88d9,ingénieur mécanicien des mines/ingénieure mécanicienne des mines,ingénieur mécanicien des mines|ingénieure mécanicienne des mines
http://data.europa.eu/esco/occupation/fe4a72af-6206-4d86-90c1-b5fb4b5ba2b2,technicien de radiodiffusion/technicienne de radiodiffusion,technicien de la diffusion radio et télé|technicien de broadcasting|opératrice de radiodiffusion|technicienne de radiodiffusion|technicien de radiodiffusion|technicienne de la diffusion radio et télé|opérateur de radiodiffusion
http://data.europa.eu/esco/occupation/ff42d44c-34f8-46be-ad3a-2aad9a5e43f0,pâtissier/pâtissière,pâtissière de restaurant|chef pâtissier|pâtissière-chocolatière|chef pâtissière|pâtissier de restaurant|pâtissier|boulanger-pâtissier|pâtissier-confiseur|pâtissière-confiseur|pâtissière|boulangère-pâtissière|pâtissier-chocolatier
http://data.europa.eu/esco/occupation/febd4100-9a9b-46a0-b964-8623d79d0f32,surveillant de la pollution de l’air/surveillante de la pollution de l’air,surveillant de la pollution de l’air|surveillante de la pollution de l’air|métrologue de la qualité de l’air|surveillante de la qualité de l’air|surveillant de la qualité de l’air
http://data.europa.eu/esco/occupation/fdfce14e-992d-4ff4-9f9d-7a353c75654e,avocat d’affaires/avocate d’affaires,juriste d'entreprise|avocate d'affaires|avocat d'affaires
http://data.europa.eu/esco/occupation/ff2c1183-3fd7-40c7-8ddc-b20b100363c3,agent de développement social/agente de développement social,agent de développement social|agente de développement social
http://data.europa.eu/esco/occupation/ff3a164d-4045-4511-a472-49093dabf9fc,délégué commercial en énergies renouvelables/déléguée commerciale en énergies renouvelables,délégué commercial en énergies renouvelables|représentante en énergies renouvelables|attachée commerciale en énergies renouvelables|déléguée commerciale en énergies renouvelables|représentant en énergies renouvelables|attaché commercial en énergies renouvelables
http://data.europa.eu/esco/occupation/fdf7b000-d923-4086-9660-eb8ee5e77ef0,chargé de mission sports et loisirs/chargée de mission sports et loisirs,chargée de mission sports et loisirs|chargé de mission sports et loisirs
http://data.europa.eu/esco/occupation/ff4c28e2-66b1-4ae7-9053-fba8ec3428be,technicien zoologiste/technicienne zoologiste,technicienne zoologiste|technicien zoologiste
http://data.europa.eu/esco/occupation/ff142063-f89d-446d-92ac-9a3a124210a0,professeur de chimie/professeure de chimie,professeur de physique-chimie/professeure de physique-chimie|professeur de physique-chimie|professeure de physique-chimie|professeure de chimie|professeur de chimie
http://data.europa.eu/esco/occupation/fe0fa514-b48d-4a53-9757-a283c0baacf0,analyste d’étude en TIC,analyste métier en TIC|analyste fonctionnel|analyste de gestion TIC|analyste commercial|business analyst|analyste d'affaires
http://data.europa.eu/esco/occupation/ff5210a5-2ea9-43b4-bebc-8d565f928eaa,préparateur en industrie de la cosmétoparfumerie/préparatrice en industrie de la cosmétoparfumerie,conducteur en industrie de la cosmétoparfumerie|préparateur en industrie de la cosmétoparfumerie|conductrice en industrie de la cosmétoparfumerie|conducteur en industrie de la cosmétoparfumerie/conductrice en industrie de la cosmétoparfumerie|technicien en industrie de la cosmétoparfumerie/technicienne en industrie de la cosmétoparfumerie|préparatrice en industrie de la cosmétoparfumerie|technicienne en industrie de la cosmétoparfumerie|technicien en industrie de la cosmétoparfumerie
http://data.europa.eu/esco/occupation/ffade2f4-2528-4dfd-b36a-6e4092be08ed,agent administratif dans la fonction publique,adjoint administratif dans la fonction publique|adjointe administrative dans la fonction publique
http://data.europa.eu/esco/occupation/ff8d4065-db44-47c7-a4bd-51b3c306ef70,opérateur de tri/opératrice de tri,opératrice de tri|opérateur de tri
http://data.europa.eu/esco/occupation/ffc292f1-89e2-4406-8eff-39096c94e731,ouvrier de montage en construction automobile/ouvrière de montage en construction automobile,ouvrier de montage en construction automobile|monteuse en ligne de fabrication automobile|monteur en ligne de fabrication automobile|ouvrière de montage en construction automobile|monteur en ligne de fabrication automobile/monteuse en ligne de fabrication automobile
http://data.europa.eu/esco/occupation/ff656b3a-65a8-4b4f-b04e-9db12936519b,démographe,
http://data.europa.eu/esco/occupation/ffa4dd5d-702b-4828-ad85-17ec50db6656,convoyeur de fonds/convoyeuse de fonds,convoyeur de fonds|transporteuse de fonds|transporteur de fonds|convoyeuse de fonds|convoyeur conducteur de fonds|convoyeuse conductrice de fonds
http://data.europa.eu/esco/occupation/ff63fa99-c634-4e6f-a693-6a49482952e9,capitaine de pêche côtière,
